Realization 0:
	ActiveActor 0:
		0 0 0 0 1 0 0 0 0 0 0 1 0 0 0 1 0 0 0 0 0 0 0 1 0 0 0 0 1 0 0 0 0 1 0 0 0 0 0 1 0 0 0 0 0 0 1 0 
	PassiveActor 1:
		MolID 0:
			Count:
				0 0 0 0 0 0 0 0 0 0 0 0 0 0 0 0 0 0 0 0 0 0 0 0 0 0 0 0 0 0 0 0 0 0 0 0 0 0 0 0 0 0 0 0 0 0 0 0 0 0 0 0 0 0 0 0 0 0 0 0 0 0 0 0 0 0 0 0 0 0 0 0 0 0 0 0 0 0 0 0 0 0 0 0 0 0 0 0 0 0 0 0 0 0 0 0 0 0 0 0 0 0 0 0 0 0 0 0 0 0 0 0 0 0 0 0 0 0 0 0 0 0 0 0 0 0 0 0 0 0 0 0 0 0 0 0 0 0 0 0 0 0 0 0 0 0 0 0 0 0 0 0 0 0 0 0 0 0 0 0 0 0 0 0 0 0 0 0 0 0 0 0 0 0 0 0 0 0 0 0 0 0 0 0 0 0 0 0 0 0 0 0 0 0 0 0 0 0 0 0 0 0 0 0 0 0 0 0 0 0 0 0 0 0 0 0 0 0 0 0 0 0 0 0 0 0 0 0 0 0 0 0 0 0 0 0 0 0 0 0 0 0 0 0 0 0 0 0 0 0 0 0 0 0 0 0 0 0 0 0 0 0 0 0 0 0 0 0 0 0 0 0 0 0 0 0 0 0 0 0 0 0 0 0 0 0 0 0 0 0 0 0 0 0 0 0 0 0 0 0 0 0 0 0 0 0 0 0 0 0 0 0 0 0 0 0 0 0 0 0 0 0 0 0 0 0 0 0 0 0 0 0 0 0 0 0 0 0 0 0 0 0 0 0 0 0 0 0 0 0 0 0 0 0 0 0 0 0 0 0 0 0 0 0 0 0 0 0 0 0 0 0 0 0 0 0 0 0 0 0 0 0 0 0 0 0 0 0 0 0 0 0 0 0 0 0 0 0 0 0 0 0 0 0 0 0 0 0 0 0 0 0 0 0 0 0 0 0 0 0 0 0 0 0 0 0 0 0 0 0 0 0 0 0 0 0 0 0 0 0 0 0 0 0 0 0 0 0 0 0 0 0 0 0 0 0 0 0 0 0 0 0 0 0 0 0 0 0 0 0 0 0 0 0 0 0 0 0 0 0 0 0 0 0 0 0 0 0 0 0 0 0 0 0 0 0 0 0 0 0 0 0 0 0 0 0 0 0 0 0 0 0 0 0 0 0 0 0 0 0 0 0 0 0 0 0 0 0 0 0 0 0 0 0 0 0 0 0 0 0 0 0 0 0 0 0 0 0 0 0 0 0 0 0 0 0 0 0 0 0 0 0 0 0 0 0 0 0 0 0 0 0 0 0 0 0 0 0 0 0 0 0 0 0 0 0 0 0 0 0 0 0 0 0 0 0 0 0 0 0 0 3039 22759 40959 52544 60231 64843 66989 67440 67625 66564 64925 63300 61457 59292 57311 55053 53242 51537 49321 47596 46120 44414 43135 41518 40026 38644 37321 36083 34937 33835 32866 32006 30918 30016 29093 28273 27429 26846 26175 25367 24648 24126 23510 23063 22417 21816 21496 21033 20515 20017 19443 19036 18621 18367 17855 17507 17214 16752 16223 16066 15806 15601 15196 14804 14397 14058 13841 13748 13399 13336 13022 12733 12619 12334 12283 11877 11762 11570 11339 11155 11070 10796 10663 10561 10471 10229 10215 9914 9880 9752 9438 9326 9211 9034 8957 8842 8636 8387 8364 8318 8197 8095 7932 7749 7736 7589 7597 7507 7441 7282 7241 7100 7036 6973 6929 6845 6757 6719 6552 6472 6520 6474 6366 6333 6200 6178 6132 6151 5996 5863 5899 5813 5831 5781 5728 5695 5477 5585 5522 5407 5297 5205 5271 5252 5087 5028 5032 4905 4876 4894 4884 4740 4704 4729 4658 4646 4612 4594 4558 4564 4472 4532 4409 4385 4221 4344 4278 4218 4143 4067 4059 3970 3986 4021 3953 3829 3881 3849 3731 3798 3718 3649 3728 3655 3572 3657 3554 3505 3447 3356 3414 3416 3396 3279 3273 3291 3344 3302 3241 3248 3209 3105 3184 3165 3120 3122 3139 3124 3010 3049 2970 3001 2924 2928 2873 2858 2849 2886 2835 2857 2822 2839 2831 2830 2761 2761 2753 2700 2640 2699 2687 2564 2577 2576 2573 2584 2581 2515 2436 2482 2474 2457 2451 2484 2429 2422 2425 2379 2369 2399 2315 2343 2282 2328 2323 2255 2257 2194 2128 2181 2171 2238 2231 2148 2218 2169 2146 2144 2147 2111 2193 2157 2159 2082 2103 2068 2087 2057 2070 2041 1942 1956 1878 1932 1916 1922 1894 1890 1922 1897 1882 1892 1890 1857 1871 1875 1854 1823 1827 1801 1835 1797 1793 1711 1740 1761 1748 1704 1750 1684 1720 1729 1760 1720 1746 1717 1726 1624 1594 1651 1596 1653 1619 1624 1564 1586 1592 1605 1558 1538 1511 1516 1524 1532 1486 1493 1497 1469 1545 1511 1467 1439 1474 1448 1456 1453 1477 1428 1455 1395 1367 1410 1435 1406 1327 1354 1358 1386 1356 1348 1381 1328 1346 1356 1402 1380 1390 1402 1315 1318 1323 1303 1303 1273 1258 1296 1254 1270 1261 1257 1275 1238 1222 1261 1206 1192 1245 1245 1235 1221 1236 1247 1202 1178 1154 1184 1148 1113 1132 1172 1182 1192 1139 1115 1107 1055 1092 1098 1122 1133 1126 1132 1122 1098 1078 1078 1086 1088 1069 1065 1103 1052 1030 1023 1052 1099 1039 1020 1075 1069 1079 1072 1039 1050 1007 1042 1034 1029 1049 1017 1056 1091 1061 1049 1034 1019 1019 1002 1019 1010 987 993 1005 1001 995 975 1007 984 1027 980 958 926 979 966 1004 1011 979 989 956 959 954 932 929 918 915 922 939 957 932 926 877 890 884 919 897 910 882 894 943 937 907 889 923 897 887 875 893 874 836 839 806 820 793 811 852 845 796 805 827 857 849 858 844 868 815 819 801 778 776 785 800 808 798 818 784 778 838 850 842 822 824 795 826 757 783 742 735 745 773 771 720 763 756 741 728 725 705 717 706 717 732 694 709 673 697 712 706 687 724 726 697 727 741 722 694 701 700 678 727 704 695 694 716 741 753 744 711 712 690 715 723 717 693 670 708 724 709 692 657 707 679 683 674 675 646 643 688 677 674 670 665 659 682 653 626 634 628 601 616 616 588 622 618 604 597 606 624 615 610 624 630 612 618 590 609 601 617 611 612 612 604 590 605 623 625 615 583 592 608 640 603 610 601 620 628 634 632 586 587 608 610 621 622 608 601 600 621 605 581 578 573 589 576 567 560 547 548 548 539 546 571 544 532 556 561 540 522 546 530 539 534 548 564 533 546 532 496 503 528 531 496 542 532 526 554 548 548 556 549 514 517 514 533 530 526 505 517 518 517 538 533 540 510 490 462 472 499 508 502 491 505 482 449 427 451 474 455 459 453 459 433 435 462 479 490 486 458 429 458 466 485 476 468 462 452 448 452 431 466 458 472 464 455 450 458 440 462 423 444 414 440 405 418 404 408 417 413 430 420 400 417 406 432 417 415 406 408 410 428 423 417 397 403 427 432 418 417 413 422 419 408 424 418 413 436 426 414 423 413 406 395 390 390 374 389 432 427 413 409 395 394 412 401 412 423 425 427 438 422 415 422 401 386 412 390 385 393 403 424 429 432 440 412 431 443 393 407 387 397 409 404 401 381 403 364 361 362 354 374 376 376 371 371 350 353 346 376 370 362 364 349 348 344 341 344 365 356 364 387 374 387 396 368 368 385 379 363 377 372 359 364 368 383 342 324 327 348 392 379 362 364 391 400 365 388 398 412 416 408 407 411 406 372 370 369 374 375 369 385 401 375 389 389 372 376 380 373 389 409 392 374 369 385 393 366 394 374 381 360 354 374 364 373 374 404 379 382 364 378 380 389 388 374 382 395 361 363 373 365 346 339 319 325 347 352 339 342 364 349 337 351 348 347 336 351 352 359 312 332 348 337 350 343 353 345 332 332 317 307 327 315 306 318 350 332 327 329 323 305 308 313 315 313 310 305 320 315 327 317 324 322 295 300 330 315 314 296 290 289 269 303 305 298 282 302 304 282 304 298 311 302 321 298 289 296 304 278 265 287 293 308 300 288 295 270 291 303 292 295 289 310 285 279 292 277 282 287 290 277 277 3301 22913 41073 53046 60838 65156 67590 68047 67452 66476 65221 63412 61769 59744 57562 55324 53789 51774 49910 48167 46331 44789 43375 42056 40547 39140 37661 36628 35514 34303 33392 32355 31421 30248 29547 28760 28127 27238 26613 25952 25071 24506 23764 23103 22560 22081 21583 21080 20548 19989 19719 19197 18808 18439 18057 17587 17162 16831 16513 16271 16099 15761 15399 15000 14673 14476 14105 14017 13830 13463 13257 12936 12828 12676 12354 12288 11955 11695 11534 11337 11261 10962 10720 10568 10478 10358 10193 9944 9831 9789 9722 9498 9449 9299 9238 9076 9041 8932 8823 8665 8535 8297 8215 8169 8056 7984 7860 7761 7702 7555 7427 7343 7411 7232 7241 7006 7018 6950 6934 6848 6784 6698 6689 6471 6445 6363 6354 6268 6114 6107 6071 5983 5993 5838 5872 5871 5781 5689 5585 5568 5562 5567 5465 5363 5344 5312 5186 5308 5227 5129 5128 5039 5038 5048 4949 4886 4825 4696 4673 4637 4569 4595 4446 4394 4389 4278 4309 4296 4288 4409 4364 4394 4324 4225 4204 4143 4144 4092 3976 3960 3963 3951 3883 3894 3834 3890 3900 3857 3769 3787 3667 3641 3480 3512 3571 3474 3519 3533 3428 3407 3331 3337 3436 3327 3334 3276 3299 3339 3296 3218 3186 3086 3041 3114 3070 3052 3065 3052 3023 3001 2974 3073 3032 3058 3023 2965 2937 2917 2877 2900 2863 2912 2836 2766 2720 2814 2785 2717 2723 2736 2719 2702 2668 2652 2559 2602 2623 2595 2578 2554 2513 2492 2545 2516 2484 2507 2443 2448 2422 2375 2464 2436 2408 2353 2446 2395 2384 2297 2298 2303 2302 2298 2280 2294 2273 2245 2242 2194 2211 2271 2192 2176 2139 2170 2066 2147 2141 2193 2102 2100 2058 2089 2138 2116 2120 2041 2007 2031 2026 2045 2042 2000 2011 2030 2033 1959 2019 1980 1979 1922 1864 1905 1930 1949 1910 1919 1919 1912 1922 1871 1865 1885 1863 1826 1799 1767 1752 1756 1748 1728 1730 1699 1725 1699 1750 1710 1709 1671 1689 1659 1640 1671 1632 1642 1665 1619 1581 1604 1610 1618 1664 1636 1615 1612 1613 1600 1661 1586 1593 1656 1637 1644 1635 1602 1572 1542 1587 1507 1528 1487 1529 1490 1532 1531 1539 1517 1558 1554 1517 1448 1444 1452 1448 1477 1461 1468 1464 1397 1406 1370 1396 1397 1382 1376 1412 1409 1340 1365 1349 1311 1309 1329 1329 1373 1383 1371 1347 1327 1334 1361 1373 1358 1373 1369 1337 1379 1295 1283 1295 1291 1269 1296 1299 1287 1257 1287 1345 1263 1277 1256 1238 1264 1242 1239 1244 1236 1220 1225 1197 1224 1242 1197 1156 1187 1167 1187 1191 1193 1193 1171 1174 1153 1152 1161 1143 1147 1164 1148 1108 1140 1160 1172 1156 1184 1142 1143 1104 1138 1141 1102 1096 1145 1126 1126 1164 1121 1139 1074 1083 1076 1030 1056 1019 1075 1056 1069 1057 1002 1017 1017 1030 1064 1040 1006 967 983 1024 1014 1023 1007 1005 962 986 995 984 1011 995 1009 1044 1029 985 977 1017 998 1011 1011 981 987 961 989 1000 986 1007 960 923 982 947 930 934 944 946 961 945 945 961 981 980 941 938 927 891 905 891 919 901 936 934 952 903 906 887 900 929 940 930 927 912 919 934 892 887 863 869 849 876 880 864 887 840 873 874 859 818 865 833 843 844 861 886 891 880 866 861 850 881 843 857 859 835 816 817 860 842 831 830 813 826 774 788 825 3798 23675 41996 54203 61156 65434 67546 68357 67859 66366 65471 63744 61617 60209 58254 56116 53964 52489 50456 48707 46948 45428 43945 42522 41018 39655 38167 37099 35936 34959 33785 32870 31943 30695 29939 29196 28342 27658 26982 26444 25760 25028 24537 23885 23439 22832 22196 21917 21276 20669 19945 19745 19277 18895 18332 18009 17759 17467 17087 16813 16425 15936 15853 15554 15270 14915 14773 14446 14206 13950 13599 13474 13234 12995 12807 12634 12515 12173 12013 11841 11678 11511 11335 11186 11045 10865 10834 10668 10463 10189 10150 10057 9841 9705 9648 9528 9384 9227 9247 9051 8845 8753 8692 8654 8529 8417 8399 8389 8276 8163 8061 7955 7707 7870 7606 7483 7419 7310 7244 7069 6974 6836 6932 6854 6732 6719 6694 6673 6609 6438 6467 6556 6447 6408 6342 6371 6143 6043 6018 5936 5892 5774 5635 5719 5716 5662 5547 5566 5573 5506 5546 5423 5378 5329 5218 5195 5104 5115 5175 4989 4978 4977 4960 4793 4889 4812 4811 4891 4725 4653 4609 4487 4535 4531 4466 4452 4494 4478 4371 4331 4277 4215 4243 4229 4094 4085 4149 4185 4120 4073 3951 3929 3976 4070 3962 4011 3978 3913 3856 3822 3814 3829 3787 3702 3672 3652 3582 3571 3576 3521 3434 3518 3447 3414 3449 3501 3447 3372 3353 3261 3296 3281 3273 3314 3275 3331 3198 3261 3245 3209 3169 3148 3092 2987 3001 3023 3028 2937 2965 2970 2940 2993 2933 2876 2913 2882 2909 2881 2840 2827 2794 2817 2857 2846 2816 2802 2785 2745 2684 2699 2710 2677 2617 2544 2611 2592 2616 2531 2541 2602 2585 2619 2559 2608 2632 2509 2543 2569 2523 2590 2550 2478 2447 2424 2462 2403 2430 2356 2422 2408 2356 2368 2424 2425 2357 2344 2354 2336 2331 2301 2321 2359 2313 2327 2394 2353 2272 2204 2239 2238 2284 2264 2289 2197 2181 2198 2199 2217 2195 2179 2093 2087 2101 2068 2089 2000 1947 1953 2018 1978 2009 1973 1951 1991 2026 2049 2018 2018 2016 1987 1949 1970 1980 1950 1980 1920 1925 1909 1951 1939 1939 1919 1864 1869 1860 1891 1827 1873 1867 1869 1898 1889 1877 1845 1869 1823 1805 1758 1787 1787 1785 1800 1796 1748 1766 1760 1754 1747 1790 1772 1770 1726 1761 1730 1768 1759 1750 1727 1743 1708 1685 1664 1658 1689 1651 1651 1672 1605 1604 1607 1621 1599 1634 1686 1631 1620 1613 1581 1652 1596 1571 1551 1550 1597 1593 1597 1587 1589 1612 1572 1575 1563 1592 1583 1612 1569 1551 1516 1487 1456 1457 1454 1547 1501 1471 1505 1489 1460 1485 1473 1442 1445 1450 1443 1408 1394 1367 1376 1421 1435 1377 1378 1382 1418 1407 1354 1350 1301 1300 1356 1347 1338 1359 1286 1335 1365 1335 1313 1318 1336 1336 1341 1346 1337 1357 1363 1303 1300 1309 1273 1240 1229 1251 1271 1270 1258 1289 1286 1272 1284 1290 1290 1290 1235 1228 1228 1212 1220 1220 1193 1218 1232 1216 1220 1235 1242 1216 1201 1214 1218 1226 1193 1200 1214 1168 1172 1201 1199 1172 1152 1183 1154 1164 1142 1129 1091 1101 1083 1095 1132 1086 1096 1092 1062 1108 1077 1100 1102 1157 1121 1118 1111 1079 1116 1140 1071 1098 1095 1092 1101 1063 1064 1088 1097 1077 1086 1084 1115 1080 1048 1085 1127 1080 1080 1086 1027 1041 1056 1077 1082 1056 1046 1019 1015 1055 1071 1021 1019 1054 1048 1080 1062 1021 1048 1069 1097 1064 1062 1033 1007 1037 1009 986 1003 1013 999 987 1049 1043 1023 978 1004 1018 1003 1009 972 998 1025 979 972 962 967 979 980 1010 948 955 944 943 959 993 966 986 959 968 969 944 921 928 984 950 957 949 982 948 959 935 941 886 873 877 891 898 898 911 884 920 898 871 861 828 787 838 813 849 834 851 849 856 852 866 883 836 844 834 837 848 841 865 838 849 810 812 841 811 848 822 821 825 833 860 815 839 837 877 794 816 797 813 775 789 823 839 854 872 889 882 872 887 866 874 878 845 819 807 847 812 796 825 855 818 778 731 742 770 729 732 711 749 721 731 735 767 742 767 779 779 776 803 792 789 789 773 764 735 770 755 725 746 784 819 807 816 784 757 771 728 757 746 761 755 755 767 731 757 711 693 729 725 717 732 766 711 706 735 724 707 699 691 720 711 690 672 684 675 700 682 705 664 664 673 697 705 695 702 682 721 679 682 654 649 639 674 637 712 696 706 686 702 678 684 689 705 695 698 711 681 663 703 704 681 656 688 697 704 657 659 665 669 681 692 646 682 700 674 679 696 695 657 653 697 692 695 749 737 711 719 694 676 672 705 666 667 655 669 663 639 620 613 629 652 640 665 703 694 678 658 613 657 648 634 634 613 602 611 611 620 614 614 616 621 595 619 642 651 643 636 614 607 629 635 646 682 646 667 691 679 674 646 659 670 668 623 634 625 628 652 623 617 634 648 641 635 639 617 616 599 581 571 563 559 594 599 611 598 607 630 646 638 639 629 612 609 607 619 595 562 569 556 550 583 580 583 579 571 575 565 557 595 598 588 575 561 560 552 548 561 581 574 591 593 605 608 583 575 553 539 556 562 530 548 544 572 567 573 560 583 596 589 591 598 583 542 543 557 548 559 548 540 560 539 566 562 559 572 547 559 555 576 581 557 566 540 540 565 565 559 531 539 546 584 559 572 566 545 509 516 545 535 548 535 552 561 539 525 517 537 545 535 518 499 507 494 486 539 529 566 572 570 572 564 545 559 563 543 526 543 540 547 535 531 542 529 527 552 567 516 518 504 494 531 476 478 470 503 511 532 522 549 519 522 529 504 534 524 527 498 505 515 526 511 514 506 511 503 496 498 502 492 508 492 488 482 486 469 480 479 459 467 460 482 479 444 461 445 480 473 461 438 462 462 485 463 490 488 498 491 489 469 479 447 449 469 497 470 448 474 464 431 448 451 442 464 493 461 486 476 472 437 448 445 439 451 471 485 471 496 503 515 471 495 487 481 494 504 474 455 459 445 425 454 435 450 457 457 457 455 454 468 435 471 454 444 432 458 433 441 446 445 445 435 438 459 437 428 405 413 427 428 438 430 431 413 401 431 445 448 439 460 436 443 430 437 447 419 441 396 416 419 415 3451 23281 41660 53810 61058 65024 67314 68170 67435 66215 64959 63426 61620 59659 57464 55492 53605 51918 50017 48424 46802 45281 43515 42066 40607 39113 37967 36697 35944 34775 33744 32658 31785 30652 29893 29278 28236 27487 26655 25891 25205 24504 23717 23163 22641 22082 21759 21123 20417 20010 19622 19124 18846 18355 18190 17683 17329 17050 16684 16388 16176 15805 15537 15150 14954 14696 14478 14278 14112 13800 13521 13261 13031 12777 12519 12332 12093 11761 11614 11491 11354 11164 10993 10810 10902 10613 10293 10177 10034 9894 9865 9631 9498 9415 9451 9339 9099 9129 8971 8876 8698 8526 8421 8305 8235 8119 8042 7939 7858 7755 7770 7556 7527 7422 7347 7212 7106 7124 6965 6843 6845 6798 6664 6701 6584 6632 6480 6423 6300 6211 6152 6156 6136 5980 5990 5964 5878 5905 5795 5735 5546 5606 5619 5566 5474 5334 5271 5266 5276 5232 5145 5146 5112 5162 5059 4965 4987 4983 4951 4911 4852 4743 4791 4715 4675 4617 4586 4450 4577 4444 4419 4368 4458 4347 4310 4321 4289 4194 4208 4196 4149 4097 4077 4052 4016 3928 3891 3901 3884 3827 3844 3805 3761 3745 3702 3763 3736 3703 3679 3653 3576 3595 3543 3469 3427 3391 3355 3342 3276 3271 3241 3262 3287 3268 3270 3216 3206 3204 3196 3133 3140 3090 3073 3064 3100 3095 3090 3040 3035 3023 2973 2960 2995 2944 2881 2918 2919 2863 2868 2857 2830 2738 2847 2780 2750 2708 2771 2683 2786 2816 2741 2734 2715 2700 2649 2666 2621 2666 2608 2603 2570 2502 2498 2412 2374 2426 2441 2443 2417 2408 2410 2393 2423 2407 2387 2338 2336 2343 2334 2302 2273 2309 2325 2386 2322 2293 2262 2240 2233 2243 2223 2182 2211 2233 2248 2170 2208 2203 2232 2181 2188 2156 2163 2165 2152 2127 2069 2064 2022 2028 2077 2062 2020 2048 2003 2025 1982 1965 1953 1968 1959 1967 1905 1844 1930 1899 1883 1846 1833 1847 1808 1791 1827 1833 1811 1854 1833 1787 1804 1853 1818 1792 1806 1822 1822 1774 1776 1749 1781 1725 1771 1733 1698 1701 1718 1697 1656 1731 1655 1718 1686 1665 1586 1633 1649 1655 1672 1635 1666 1649 1623 1622 1629 1600 1625 1611 1647 1628 1614 1597 1607 1568 1591 1623 1629 1597 1591 1584 1575 1585 1646 1599 1565 1541 1503 1522 1535 1465 1483 1449 1458 1418 1391 1426 1432 1394 1422 1401 1464 1455 1467 1459 1460 1489 1395 1390 1379 1336 1352 1339 1352 1375 1407 1307 1395 1401 1361 1373 1344 1360 1322 1318 1340 1298 1343 1316 1305 1334 1382 1309 1243 1305 1306 1309 1306 1283 1334 1300 1330 1276 1311 1263 1248 1306 1221 1270 1254 1255 1260 1233 1264 1188 1198 1244 1255 1254 1236 1209 1201 1226 1213 1196 1163 1151 1224 1226 1223 1219 1153 1178 1179 1160 1171 1205 1181 1172 1201 1169 1157 1191 1186 1195 1178 1194 1172 1183 1152 1169 1133 1163 1103 1095 1114 1157 1103 1091 1113 1100 1098 1121 1097 1065 1132 1075 1068 1069 1045 1100 1130 1100 1066 1065 1065 1084 1100 1060 1105 1111 1081 1090 1100 1132 1101 1080 1105 1066 1118 1111 1110 1061 1047 1048 1021 1003 990 1013 937 948 971 975 1000 1000 1017 964 951 971 964 1015 977 967 920 979 969 949 935 948 960 966 974 953 1016 1031 1019 964 928 926 969 976 946 967 983 963 941 970 990 945 940 968 1005 986 990 985 952 920 906 898 897 866 867 902 869 883 905 926 878 918 898 907 917 932 933 921 925 897 894 940 929 905 914 952 892 879 865 874 859 878 856 866 861 888 871 894 930 917 873 833 849 865 864 848 862 849 831 823 847 841 837 814 858 846 862 821 844 844 812 827 813 855 800 829 849 842 799 781 789 803 795 818 834 856 828 826 826 808 816 807 829 847 832 811 810 784 828 791 758 757 745 770 717 722 733 764 768 778 822 809 755 770 737 725 758 763 775 739 707 724 738 719 738 732 706 720 734 761 716 765 801 795 764 752 734 729 725 722 762 735 710 770 741 742 721 702 710 690 722 729 699 722 711 702 726 736 736 748 736 715 727 708 729 671 3654 23590 41746 53723 60899 65216 67237 67954 67779 66696 65480 63517 61694 59518 57451 55830 54155 52152 50451 48623 46769 45165 43411 41936 40583 39188 37899 36744 35613 34534 33475 32419 31443 30504 29528 28875 28018 27320 26556 25887 25451 24743 24184 23425 23034 22224 21893 21305 20862 20427 19888 19629 19173 18850 18429 17698 17528 17197 16866 16556 16212 15781 15554 15222 15020 14827 14586 14154 13924 13667 13469 13223 12852 12700 12632 12479 12407 12176 11989 11819 11653 11453 11281 11133 10974 10926 10774 10725 10501 10401 10055 10013 9746 9672 9566 9518 9368 9153 9001 9083 8919 8754 8804 8594 8469 8355 8174 8116 7940 7879 7777 7684 7654 7652 7486 7416 7450 7300 7177 7085 6963 6909 6980 6714 6651 6616 6593 6552 6404 6414 6373 6381 6204 6217 6239 6165 6122 6064 6015 5950 5848 5848 5768 5708 5760 5722 5603 5564 5475 5439 5319 5363 5303 5340 5250 5144 5089 5114 5086 4934 4886 4873 4848 4792 4847 4849 4778 4731 4656 4633 4666 4556 4538 4535 4548 4491 4481 4441 4389 4348 4282 4220 4271 4222 4174 4116 4149 4054 4031 4023 3996 3955 3992 3970 4077 3924 3789 3817 3761 3797 3712 3645 3641 3636 3604 3688 3610 3524 3567 3554 3523 3536 3507 3418 3484 3550 3542 3476 3466 3419 3337 3353 3390 3455 3355 3354 3257 3340 3265 3172 3140 3171 3150 3231 3219 3144 3151 3186 3158 3137 3170 3172 3110 3050 3043 3003 2957 2966 2916 2950 2928 2959 2882 2865 2869 2843 2827 2836 2723 2769 2732 2667 2703 2658 2653 2667 2658 2664 2735 2656 2707 2577 2609 2571 2571 2579 2570 2539 2577 2536 2536 2523 2439 2452 2423 2421 2407 2373 2386 2435 2386 2373 2328 2350 2263 2262 2279 2222 2239 2288 2317 2328 2340 2279 2232 2235 2208 2199 2143 2191 2133 2161 2119 2128 2144 2094 2143 2134 2050 2026 2057 2055 2041 2043 2058 2071 2148 2124 2036 2116 2127 2086 2047 2021 2026 2041 1983 1976 2056 1993 1938 1920 1918 1942 1940 1944 1899 1914 1981 1922 1921 1905 1937 1938 1935 1894 1917 1923 1887 1834 1830 1835 1801 1738 1748 1748 1778 1764 1738 1773 1739 1731 1783 1791 1754 1779 1716 1698 1739 1762 1778 1785 1806 1768 1721 1768 1750 1728 1764 1745 1747 1712 1717 1702 1695 1689 1669 1597 1617 1645 1649 1690 1668 1661 1617 1617 1610 1545 1575 1588 1598 1595 1597 1554 1514 1541 1523 1458 1529 1498 1525 1550 1497 1506 1531 1528 1515 1529 1521 1495 1509 1512 1555 1541 1562 1577 1485 1458 1439 1437 1418 1434 1446 1439 1404 1413 1434 1440 1398 1432 1455 1436 1414 1399 1426 1428 1406 1435 1434 1452 1434 1396 1366 1320 1374 1417 1422 1388 1386 1362 1365 1360 1352 1319 1305 1290 1370 1350 1353 1343 1297 1360 1357 1354 1336 1325 1344 1343 1321 1334 1323 1374 1290 1271 1294 1311 1282 1275 1260 1217 1225 1263 1267 1254 1315 1244 1229 1265 1249 1207 1210 1208 1213 1222 1249 1260 1235 1170 1231 1228 1177 1205 1192 1215 1169 1164 1178 1207 1145 1169 1140 1164 1128 1105 1125 1123 1105 1129 1109 1141 1102 1093 1074 1077 1059 1079 1099 1118 1134 1136 1146 1115 1145 1108 1106 1129 1139 1121 1136 1101 1147 1146 1126 1080 1125 1117 1069 1081 1071 1089 1039 1068 1093 1070 1050 1030 1053 1057 1044 1092 1048 1062 1064 1083 1077 1065 1064 1059 1067 1054 1018 1017 1035 1059 1010 997 1020 1052 1018 997 1000 1034 1030 1016 1015 1046 1036 1063 1036 1097 1022 1001 1001 1015 993 945 990 1005 978 993 997 995 960 998 980 978 938 942 945 940 942 971 952 934 970 962 960 930 934 924 929 894 950 974 929 921 887 900 902 901 928 954 949 922 920 955 904 927 967 925 896 944 957 921 943 920 936 946 914 903 909 906 890 911 926 871 933 944 895 928 900 910 947 906 903 875 893 896 840 853 875 882 867 869 868 899 912 879 902 877 870 853 903 913 907 896 888 882 884 869 891 889 885 877 872 892 876 858 873 880 859 831 830 863 866 796 814 830 798 798 819 805 822 763 783 785 764 739 783 796 787 806 806 765 755 783 798 762 754 767 3896 23509 41888 53933 61196 65665 67521 68504 68067 66723 65375 63509 61862 59696 57613 55773 53914 52052 49912 48339 46428 44766 43497 41967 40711 39371 37778 36950 35783 34753 33825 32810 31686 30926 30120 29108 28266 27205 26732 26176 25628 24699 24142 23759 23157 22365 21904 21392 20848 20434 19868 19558 19251 18738 18438 18030 17796 17442 17001 16746 16372 16120 15804 15361 15172 14970 14736 14375 14183 14029 13921 13732 13395 13126 13058 12849 12581 12393 12199 11871 11733 11495 11424 11344 11071 10900 10731 10678 10465 10310 10154 10067 9965 9898 9677 9677 9623 9396 9255 9152 8956 8773 8747 8591 8483 8506 8340 8195 8076 8061 7958 7834 7777 7589 7516 7474 7435 7366 7258 7236 7132 7045 7001 6898 6867 6823 6714 6613 6536 6411 6454 6363 6351 6279 6243 6255 6234 6205 6131 6058 5936 5856 5904 5853 5720 5664 5570 5571 5651 5540 5417 5322 5331 5283 5292 5246 5215 5077 5119 5017 5038 4923 4929 4844 4891 4760 4761 4751 4687 4643 4610 4670 4653 4696 4611 4570 4556 4516 4509 4474 4460 4423 4420 4290 4273 4308 4240 4165 4035 3997 4016 3912 3921 3931 3951 3843 3888 3832 3816 3815 3841 3802 3778 3749 3664 3614 3549 3593 3630 3554 3548 3559 3576 3496 3422 3401 3395 3378 3408 3321 3303 3319 3316 3203 3177 3222 3211 3181 3181 3123 3141 3086 3119 3101 3073 3052 3086 3029 3064 3044 3093 3045 3034 3087 3018 3013 3016 2972 2986 2943 2888 2939 2900 2936 2883 2891 2896 2870 2812 2767 2729 2775 2776 2733 2745 2762 2696 2693 2610 2573 2627 2666 2650 2685 2675 2651 2667 2645 2617 2613 2577 2574 2572 2591 2556 2518 2480 2492 2492 2507 2515 2455 2421 2376 2400 2408 2387 2364 2350 2340 2351 2354 2324 2353 2366 2362 2322 2356 2331 2306 2321 2281 2213 2232 2242 2212 2189 2160 2181 2172 2217 2120 2157 2183 2160 2163 2168 2152 2125 2164 2147 2153 2053 2075 2077 2095 2033 2050 2065 2057 2070 2090 2063 2112 2045 2012 1958 1972 2001 1999 2022 2006 2033 2048 2004 2014 1982 1997 1936 1918 1891 1918 1928 1874 1944 1909 1894 1914 1938 1909 1943 1929 1848 1909 1868 1850 1852 1892 1897 1892 1868 1819 1763 1727 1766 1756 1747 1710 1757 1783 1746 1674 1690 1713 1672 1683 1622 1652 1655 1634 1564 1608 1627 1674 1694 1627 1618 1572 1569 1566 1680 1634 1604 1556 1611 1610 1658 1634 1640 1601 1642 1588 1561 1586 1553 1518 1548 1563 1604 1558 1575 1530 1619 1592 1586 1576 1566 1528 1553 1537 1533 1534 1489 1498 1567 1522 1473 1443 1458 1417 1449 1439 1461 1468 1468 1495 1476 1447 1439 1450 1439 1431 1427 1469 1431 1427 1409 1446 1453 1452 1425 1430 1416 1352 1372 1340 1356 1355 1369 1399 1417 1395 1398 1373 1366 1368 1349 1323 1318 1327 1359 1359 1314 1345 1379 1324 1343 1312 1363 1341 1326 1353 1352 1338 1356 1291 1306 1313 1331 1302 1321 1298 1279 1279 1258 1276 1278 1248 1270 1223 1224 1218 1240 1183 1191 1216 1200 1177 1193 1219 1198 1228 1224 1217 1163 1238 1184 1169 1184 1183 1213 1179 1194 1237 1227 1219 1258 1197 1161 1179 1159 1181 1175 1120 1157 1175 1167 1191 1154 1114 1124 1157 1156 1142 1077 1105 1117 1113 1123 1109 1097 1095 1098 1110 1067 1119 1113 1146 1106 1099 1147 1085 1140 1108 1140 1108 1107 1140 1118 1078 1103 1094 1129 1103 1111 1099 1111 1085 1080 1128 1114 1078 1085 1082 1099 1070 1058 998 949 954 947 978 991 1040 1035 1018 1043 1041 1029 1035 1063 1006 1066 1013 1022 1058 993 1005 1016 1007 987 987 993 1042 1016 1064 1051 1044 1044 1029 1004 1040 1049 1024 1012 1031 1012 1005 1024 1000 992 990 1012 1016 1052 1012 977 984 1007 1022 1000 980 979 955 961 960 973 970 967 994 995 995 957 946 936 940 950 992 960 933 972 949 961 960 981 937 932 949 940 968 991 975 945 920 947 902 927 929 917 926 915 942 927 927 931 909 901 926 935 953 910 941 965 976 966 956 950 956 949 995 962 929 970 1037 982 945 944 905 912 883 907 922 951 928 923 939 930 900 879 883 881 867 857 876 855 894 865 888 847 858 891 839 846 879 856 900 887 899 883 858 856 854 870 838 910 876 862 841 886 897 881 872 858 860 806 817 834 855 869 858 842 855 860 880 886 877 882 837 863 809 796 838 830 835 824 818 853 875 819 776 838 824 808 777 809 784 811 796 757 743 773 772 775 756 728 786 759 771 737 738 767 754 776 795 777 788 808 802 810 791 782 793 791 777 786 805 815 804 780 770 800 787 785 758 780 755 773 735 769 758 764 778 793 757 753 782 768 776 754 779 771 771 708 749 742 749 708 729 746 757 753 754 736 748 739 736 757 747 722 760 743 711 715 727 730 731 741 716 750 713 729 740 724 744 724 723 736 753 716 753 3705 23390 41610 53907 61032 65540 67533 68382 67919 66671 65179 63900 61743 59925 58371 56226 54309 52281 50533 48760 47116 45378 43735 42414 41015 39732 38550 37026 36037 34870 34070 33111 31806 31019 29677 28909 28301 27443 26882 26090 25503 24857 24328 23873 23189 22560 21988 21548 21102 20629 20035 19679 19190 18700 18356 18132 17888 17428 17055 16633 16282 16115 15763 15670 15454 15140 14759 14602 14255 13953 13658 13438 13094 13113 12868 12625 12289 12141 11931 11773 11644 11310 11169 11069 11071 10805 10697 10574 10355 10269 10173 10107 9964 9824 9869 9592 9444 9366 9236 9161 8946 8918 8683 8553 8517 8407 8313 8215 8256 8084 8063 7987 7838 7770 7642 7561 7438 7445 7380 7286 7188 7068 6964 6874 6912 6865 6673 6732 6645 6625 6485 6420 6321 6307 6310 6206 6174 5984 5904 5976 5977 5930 5856 5686 5665 5636 5703 5582 5522 5421 5331 5325 5263 5277 5265 5220 5215 5132 5056 5156 5183 5002 5059 4982 4852 4832 4764 4722 4673 4579 4628 4547 4630 4604 4548 4484 4461 4444 4339 4346 4276 4238 4226 4145 4164 4130 4112 4087 4093 4133 4013 4105 4099 3968 3931 3912 3809 3850 3792 3780 3849 3836 3789 3648 3689 3635 3609 3594 3591 3552 3549 3551 3551 3445 3544 3475 3479 3472 3441 3358 3294 3308 3303 3250 3196 3271 3273 3263 3236 3233 3242 3159 3115 3045 3145 3063 3087 2983 3006 3043 2942 2970 2975 2982 2975 2993 2908 2907 3000 2897 2969 2914 2869 2948 2870 2853 2823 2843 2823 2789 2715 2658 2621 2669 2708 2650 2624 2642 2634 2631 2564 2543 2542 2590 2600 2591 2554 2512 2503 2460 2469 2439 2481 2389 2405 2451 2413 2401 2366 2336 2331 2293 2354 2324 2390 2376 2364 2353 2359 2402 2321 2360 2383 2365 2333 2320 2336 2353 2307 2256 2285 2266 2210 2188 2209 2215 2259 2177 2224 2210 2193 2176 2143 2072 2127 2069 2073 2051 2065 2038 2067 2017 2032 2051 2039 2044 2031 2031 1986 1976 1963 1974 2036 1994 1989 1992 1999 1997 1957 1964 1996 2020 2060 1924 1901 1893 1885 1886 1901 1884 1872 1850 1843 1811 1818 1846 1805 1795 1797 1757 1769 1774 1826 1854 1876 1849 1765 1799 1806 1777 1743 1785 1736 1763 1788 1780 1767 1755 1675 1706 1664 1675 1691 1645 1726 1684 1651 1669 1636 1680 1709 1698 1687 1698 1704 1701 1678 1699 1635 1659 1643 1663 1667 1671 1697 1702 1652 1682 1660 1685 1656 1675 1715 1635 1632 1675 1655 1621 1631 1608 1588 1622 1615 1607 1574 1515 1570 1544 1496 1519 1487 1471 1452 1424 1430 1453 1453 1510 1479 1377 1477 1505 1487 1498 1487 1442 1400 1384 1435 1416 1401 1400 1401 1398 1436 1426 1410 1373 1415 1399 1418 1423 1420 1431 1388 1382 1400 1414 1412 1398 1369 1395 1411 1442 1382 1394 1343 1399 1392 1349 1385 1348 1354 1348 1347 1356 1331 1382 1379 1330 1337 1345 1356 1362 1371 1375 1327 1341 1309 1307 1309 1288 1274 1243 1254 1314 1289 1282 1304 1287 1290 1271 1328 1305 1256 1255 1255 1242 1271 1281 1250 1293 1248 1245 1247 1223 1223 1221 1210 1212 1213 1216 1229 1213 1179 1216 1168 1184 1186 1195 1212 1184 1195 1159 1178 1113 1145 1167 1165 1199 1174 1134 1100 1167 1096 1116 1101 1115 1137 1128 1108 1116 1151 1156 1218 1159 1139 1141 1173 1158 1153 1161 1116 1139 1099 1068 1117 1124 1071 1025 1030 1034 1036 1058 1017 1042 1080 1064 1066 1083 1048 1068 1059 1053 1078 1107 1091 1097 1091 1112 1068 1041 1042 1054 1034 1013 1053 1061 1058 1069 1061 1050 1071 1048 1070 1042 1041 1049 1035 1047 1029 1017 1018 1059 1059 1037 1005 1005 1013 1010 1014 977 964 993 991 1000 1011 1011 997 981 987 1009 972 1041 968 977 1005 989 959 972 958 941 940 931 928 923 929 924 934 941 972 901 924 968 962 985 958 944 938 950 939 919 936 912 907 874 897 889 919 880 879 900 891 891 949 943 926 881 907 901 889 909 908 892 875 862 865 877 856 863 926 927 931 877 894 851 841 871 897 908 882 886 886 873 846 851 892 872 879 849 836 871 842 853 882 860 856 820 844 829 837 808 856 847 880 857 873 873 849 806 828 828 810 816 826 850 865 857 849 826 821 810 821 788 811 820 854 850 852 873 834 830 836 839 809 802 777 757 782 761 750 772 760 755 751 789 750 774 782 837 807 793 765 770 823 799 782 785 769 746 743 791 775 786 761 814 796 802 827 832 787 803 764 762 800 814 820 786 806 817 815 799 826 838 809 831 834 804 829 819 793 788 745 763 794 790 784 766 798 743 766 765 803 814 773 815 788 798 793 753 754 787 779 799 801 776 738 777 746 729 722 689 708 713 721 730 739 748 733 761 732 748 728 721 775 754 771 761 752 748 745 718 718 702 703 658 697 692 720 698 717 718 690 682 684 685 681 677 678 689 663 727 703 712 716 709 685 682 688 720 682 679 655 688 683 686 640 660 657 656 658 705 707 693 701 653 671 678 704 671 680 655 685 653 650 657 623 633 674 679 685 684 682 692 669 708 700 694 651 688 691 700 650 645 685 692 666 673 672 653 670 681 650 686 678 698 656 666 681 638 663 673 639 633 651 667 608 629 601 620 645 647 635 625 664 665 660 623 680 650 692 678 654 680 644 713 647 664 674 681 637 677 653 694 688 684 655 641 617 623 669 647 635 650 680 635 646 646 625 618 596 640 622 609 638 639 650 613 634 616 619 623 615 609 594 588 585 616 603 619 605 621 653 632 636 628 642 611 614 606 3599 23480 41532 53673 61134 65496 67571 68438 68153 67042 65512 63472 61508 59452 57581 55795 53782 51982 50194 48021 46605 44734 43242 41828 40371 39292 37991 36797 35871 34492 33408 32538 31597 30926 29768 29011 28184 27475 26805 25887 25367 24673 24237 23560 22862 22403 21866 21458 20845 20257 19828 19623 19135 18656 18296 17854 17517 17157 16949 16427 16100 15856 15425 15164 14808 14672 14516 14320 14121 13808 13544 13173 13009 12688 12565 12398 12117 12039 11837 11629 11447 11366 11295 11279 10921 10766 10501 10381 10178 10108 10012 9762 9645 9541 9426 9250 9116 9021 8858 8852 8744 8616 8533 8499 8467 8330 8165 7796 7889 7834 7696 7460 7554 7441 7374 7306 7248 7141 7010 7002 6976 6903 6735 6746 6661 6606 6563 6490 6369 6302 6335 6349 6286 6127 6096 6146 6069 6046 5922 5901 5822 5825 5835 5743 5673 5590 5542 5484 5347 5320 5249 5220 5258 5196 5214 5059 5042 4986 4935 4924 4847 4802 4795 4748 4779 4736 4625 4592 4588 4553 4574 4560 4495 4559 4440 4380 4267 4298 4274 4242 4200 4233 4134 4128 4199 4171 4115 4149 4087 3961 3915 3861 3818 3865 3828 3763 3665 3740 3629 3723 3667 3585 3591 3556 3624 3543 3559 3485 3442 3463 3473 3363 3473 3393 3380 3338 3365 3331 3253 3225 3270 3337 3303 3195 3167 3217 3152 3184 3212 3144 3133 3072 3040 3013 2976 3028 3007 2988 3037 2998 2958 2978 2985 2994 2932 2847 2905 2902 2912 2883 2804 2806 2882 2813 2770 2766 2711 2689 2662 2763 2663 2714 2674 2697 2654 2627 2633 2643 2565 2585 2639 2646 2618 2600 2587 2621 2563 2526 2520 2555 2530 2518 2552 2490 2533 2427 2457 2474 2395 2367 2392 2317 2314 2288 2318 2295 2289 2293 2300 2319 2262 2264 2217 2211 2204 2177 2270 2228 2194 2148 2220 2178 2244 2182 2211 2142 2170 2150 2169 2146 2162 2068 2105 2125 2146 2026 2135 2045 2023 2049 2062 2035 1927 1899 1920 1928 1897 1926 1891 1937 1925 1940 1911 1962 1938 1949 1951 1956 1952 1873 1869 1897 1936 1919 1792 1888 1817 1818 1848 1816 1799 1844 1772 1772 1778 1823 1820 1788 1805 1783 1821 1859 1817 1794 1782 1784 1748 1737 1756 1763 1701 1706 1749 1675 1700 1724 1710 1743 1663 1715 1719 1728 1787 1747 1730 1731 1700 1684 1637 1656 1679 1693 1721 1681 1631 1681 1652 1632 1605 1592 1607 1596 1609 1582 1552 1568 1533 1524 1531 1560 1532 1570 1557 1564 1537 1478 1463 1418 1433 1472 1476 1523 1525 1524 1485 1446 1470 1527 1478 1483 1505 1481 1471 1469 1462 1475 1514 1464 1497 1472 1432 1449 1416 1348 1409 1370 1379 1434 1393 1423 1436 1371 1366 1393 1423 1451 1434 1438 1413 1358 1341 1355 1373 1352 1373 1355 1290 1270 1280 1308 1314 1280 1305 1245 1249 1327 1265 1313 1337 1341 1362 1343 1389 1288 1288 1310 1290 1288 1331 1333 1330 1288 1326 1303 1315 1288 1316 1267 1240 1245 1228 1218 1204 1164 1191 1209 1175 1183 1195 1160 1181 1174 1189 1159 1160 1199 1195 1160 1139 1162 1167 1159 1219 1207 1210 1241 1189 1190 1226 1212 1188 1187 1180 1204 1212 1192 1186 1132 1137 1140 1133 1105 1114 1145 1125 1098 1084 1090 1089 1070 1072 1101 1097 1099 1081 1088 1099 1063 1108 1152 1133 1122 1118 1122 1126 1109 1072 1103 1095 1120 1063 1069 1057 1034 999 1010 1021 1048 1041 1053 1045 1055 1066 1108 1022 1004 985 985 936 991 966 982 987 950 975 959 951 929 938 939 1016 999 980 988 977 956 986 942 947 963 967 993 1007 981 1013 978 984 1002 975 969 937 932 968 947 955 968 918 953 1001 977 1013 951 957 970 945 979 971 1004 964 981 1006 998 962 974 939 938 916 931 936 925 933 904 921 897 905 943 892 893 852 828 817 863 845 885 886 894 885 909 917 949 926 933 930 904 951 931 899 884 894 866 903 881 894 880 926 934 921 903 845 878 907 879 913 930 880 903 897 922 859 897 905 888 906 866 865 861 808 833 851 841 801 788 813 866 823 841 853 867 830 836 852 830 849 828 823 812 811 822 808 808 795 853 836 829 853 870 842 865 820 834 868 859 804 809 817 870 890 863 871 809 808 830 781 810 804 795 808 834 798 820 837 849 850 814 783 770 790 777 787 805 768 758 793 776 787 786 762 770 761 750 742 762 773 776 782 784 782 774 804 793 844 833 817 787 814 793 807 803 781 790 741 768 750 742 759 732 759 782 776 725 732 725 715 712 742 764 720 763 743 736 751 780 751 707 753 719 746 734 726 777 735 744 748 755 741 758 744 720 754 741 740 733 760 731 724 717 741 765 752 738 716 725 721 700 727 708 724 702 701 714 700 714 704 676 699 680 698 705 693 687 670 683 667 679 676 678 653 656 610 648 632 667 692 665 636 654 643 675 663 648 647 674 666 643 617 598 615 609 632 616 644 681 679 662 628 640 664 675 643 642 667 688 714 673 653 629 624 660 643 640 680 685 675 667 671 683 690 669 676 693 679 642 635 654 636 633 645 647 660 660 712 668 665 657 665 674 685 657 663 
	PassiveActor 2:
		MolID 0:
			Count:
				0 0 0 0 0 0 0 0 0 0 0 0 0 0 0 0 0 0 0 0 0 0 0 0 0 0 0 0 0 0 0 0 0 0 0 0 0 0 0 0 0 0 0 0 0 0 0 0 0 0 0 0 0 0 0 0 0 0 0 0 0 0 0 0 0 0 0 0 0 0 0 0 0 0 0 0 0 0 0 0 0 0 0 0 0 0 0 0 0 0 0 0 0 0 0 0 0 0 0 0 0 0 0 0 0 0 0 0 0 0 0 0 0 0 0 0 0 0 0 0 0 0 0 0 0 0 0 0 0 0 0 0 0 0 0 0 0 0 0 0 0 0 0 0 0 0 0 0 0 0 0 0 0 0 0 0 0 0 0 0 0 0 0 0 0 0 0 0 0 0 0 0 0 0 0 0 0 0 0 0 0 0 0 0 0 0 0 0 0 0 0 0 0 0 0 0 0 0 0 0 0 0 0 0 0 0 0 0 0 0 0 0 0 0 0 0 0 0 0 0 0 0 0 0 0 0 0 0 0 0 0 0 0 0 0 0 0 0 0 0 0 0 0 0 0 0 0 0 0 0 0 0 0 0 0 0 0 0 0 0 0 0 0 0 0 0 0 0 0 0 0 0 0 0 0 0 0 0 0 0 0 0 0 0 0 0 0 0 0 0 0 0 0 0 0 0 0 0 0 0 0 0 0 0 0 0 0 0 0 0 0 0 0 0 0 0 0 0 0 0 0 0 0 0 0 0 0 0 0 0 0 0 0 0 0 0 0 0 0 0 0 0 0 0 0 0 0 0 0 0 0 0 0 0 0 0 0 0 0 0 0 0 0 0 0 0 0 0 0 0 0 0 0 0 0 0 0 0 0 0 0 0 0 0 0 0 0 0 0 0 0 0 0 0 0 0 0 0 0 0 0 0 0 0 0 0 0 0 0 0 0 0 0 0 0 0 0 0 0 0 0 0 0 0 0 0 0 0 0 0 0 0 0 0 0 0 0 0 0 0 0 0 0 0 0 0 0 0 0 0 0 0 0 0 0 0 0 0 0 0 0 0 0 0 0 0 0 0 0 0 0 0 0 0 0 0 0 0 0 0 0 0 0 0 0 0 0 0 0 0 0 0 0 0 0 0 0 0 0 0 0 0 0 0 0 0 0 0 0 0 0 0 0 0 0 0 0 0 0 0 0 0 0 0 0 0 0 0 0 0 0 0 0 0 0 0 0 0 0 0 0 0 0 0 0 0 0 0 0 0 0 0 0 0 0 0 0 0 0 0 0 0 0 0 0 0 0 0 0 0 0 0 0 0 0 0 0 0 0 0 0 0 0 0 0 0 0 0 0 0 0 0 0 0 0 0 0 0 0 0 0 0 0 0 4 43 145 319 601 965 1331 1782 2210 2642 3165 3659 4114 4573 5107 5435 5998 6218 6505 6674 6879 7180 7340 7457 7611 7803 7892 7929 7966 8067 8012 8174 8255 8218 8213 8140 8172 8129 8315 8315 8205 8334 8263 8214 8147 8073 7979 7940 7904 7986 7877 7876 7808 7905 7836 7681 7565 7532 7449 7343 7292 7374 7206 7161 6984 6955 6906 6840 6869 6743 6752 6622 6498 6411 6446 6290 6286 6155 6146 6144 6035 6060 6010 5922 5863 5910 5903 5795 5648 5642 5526 5437 5335 5407 5427 5351 5338 5362 5277 5238 5142 5052 5029 4890 4877 4893 4814 4884 4792 4800 4697 4777 4662 4595 4537 4561 4577 4481 4369 4393 4364 4252 4193 4143 4133 4208 4092 4071 4093 4052 3968 3930 3952 3932 3904 3781 3795 3735 3709 3752 3664 3695 3752 3660 3624 3650 3519 3516 3466 3417 3399 3411 3496 3428 3410 3400 3341 3308 3267 3267 3210 3236 3197 3121 3128 3050 2972 2993 3007 3018 2891 2852 2935 2785 2888 2831 2777 2772 2866 2830 2776 2796 2809 2783 2747 2769 2732 2754 2741 2648 2760 2719 2667 2668 2643 2547 2557 2486 2556 2538 2514 2437 2468 2529 2494 2488 2496 2482 2515 2458 2401 2382 2332 2332 2284 2277 2319 2310 2294 2292 2251 2262 2267 2240 2173 2186 2114 2121 2170 2147 2092 2148 2105 2109 2073 2018 2062 2068 2028 2013 1968 1977 2021 1985 1988 1916 1920 1940 1919 1903 1929 1907 1890 1892 1915 1900 1880 1852 1827 1840 1819 1801 1816 1853 1780 1827 1811 1814 1804 1774 1781 1719 1702 1726 1711 1654 1634 1672 1630 1592 1604 1646 1648 1621 1616 1574 1626 1559 1565 1617 1650 1623 1604 1566 1532 1533 1485 1564 1527 1583 1479 1558 1508 1566 1515 1536 1472 1486 1496 1499 1500 1518 1491 1487 1515 1464 1425 1399 1371 1410 1374 1341 1362 1346 1360 1392 1366 1371 1392 1323 1354 1342 1368 1317 1328 1330 1283 1335 1300 1310 1311 1326 1295 1304 1253 1264 1290 1281 1228 1236 1187 1159 1210 1231 1206 1192 1230 1220 1220 1146 1151 1157 1183 1121 1166 1139 1141 1145 1161 1177 1162 1160 1126 1143 1156 1149 1096 1114 1120 1123 1117 1084 1106 1071 1102 1055 1020 1016 1011 1007 1066 1053 1039 1014 1018 1011 1014 1036 1033 1001 1015 1024 1027 1030 1057 1010 1044 1021 1064 1073 1042 1011 1040 965 955 960 956 978 983 935 942 946 982 975 979 953 919 973 969 935 958 967 948 934 902 863 892 905 882 903 909 907 930 923 913 910 905 879 905 905 879 853 899 895 908 929 913 881 896 864 860 899 885 894 919 908 899 884 878 871 856 859 856 871 828 810 801 769 807 793 808 786 786 762 778 782 775 788 814 786 776 771 783 788 813 796 781 776 800 810 824 803 778 772 743 765 756 746 728 765 748 757 763 750 777 766 732 731 732 734 722 734 750 728 731 699 700 715 706 690 711 692 700 725 708 693 680 693 713 722 728 708 714 691 668 685 651 660 643 685 632 638 651 675 648 674 655 650 665 645 668 672 682 666 648 639 676 684 642 644 659 628 652 629 652 597 604 654 659 666 634 635 631 650 602 616 615 630 638 603 600 654 656 630 631 613 602 601 600 591 604 633 601 608 597 646 632 631 605 587 595 605 593 566 590 563 597 563 584 586 589 577 556 598 568 562 583 571 550 565 550 572 568 594 560 539 521 556 535 546 564 551 564 566 563 561 564 578 543 568 573 579 595 597 566 561 570 557 523 510 529 533 518 559 528 524 499 538 515 498 501 498 527 506 504 507 504 510 516 514 505 490 494 506 494 509 507 484 510 496 469 486 473 471 469 452 490 460 480 490 484 481 463 486 480 473 481 500 480 477 482 521 478 469 482 510 471 460 463 455 440 474 451 469 476 486 440 456 426 445 438 430 432 439 441 441 449 423 406 426 430 435 447 427 458 403 394 429 405 395 398 408 406 423 393 427 395 397 402 418 442 433 409 432 436 439 418 422 410 405 383 381 381 377 380 407 405 367 372 375 418 408 407 424 410 405 409 402 396 404 392 396 409 352 376 376 366 365 331 358 367 371 363 381 379 403 393 395 409 392 418 412 420 404 403 436 420 399 381 406 394 419 414 412 403 403 419 420 416 386 386 375 367 378 400 393 382 388 394 383 421 436 395 384 417 407 397 390 371 395 361 366 369 351 343 364 352 362 367 382 358 370 346 345 347 341 375 323 340 323 327 340 334 333 334 345 333 359 367 372 367 361 382 353 371 365 376 378 390 386 364 337 343 339 359 355 330 334 340 343 352 394 374 384 354 328 326 335 320 326 301 315 303 298 312 330 330 361 364 363 382 370 374 350 344 335 345 319 321 355 318 322 344 351 320 310 309 299 303 320 327 310 293 337 343 311 328 313 318 313 317 319 306 306 314 329 326 331 316 336 312 307 335 316 320 319 303 277 295 298 296 286 292 342 364 342 347 336 342 332 322 317 322 312 298 289 292 297 270 282 276 302 332 289 300 288 301 304 313 295 298 294 307 299 301 310 321 306 307 304 306 296 302 290 273 281 288 283 279 270 255 270 269 277 263 290 306 293 283 270 288 275 279 279 269 289 289 278 284 272 265 282 270 288 280 269 280 299 302 284 297 337 416 551 815 1127 1529 2009 2435 2888 3409 3893 4336 4734 5209 5615 5968 6344 6712 6974 7234 7521 7677 7823 7889 8029 8185 8239 8365 8431 8528 8674 8638 8654 8588 8485 8485 8429 8463 8433 8514 8311 8297 8253 8345 8373 8301 8166 8181 8087 7958 7913 7890 7848 7749 7698 7675 7710 7549 7551 7403 7323 7321 7257 7289 7150 7164 6955 7029 6968 6921 6920 6819 6762 6696 6649 6485 6511 6497 6407 6433 6292 6155 6151 6181 6094 6001 5980 5960 5904 5888 5743 5735 5708 5669 5538 5521 5472 5449 5371 5333 5310 5283 5132 5151 5049 5057 5033 5030 4943 4905 4822 4796 4778 4759 4706 4612 4511 4519 4513 4488 4423 4351 4331 4342 4381 4369 4318 4277 4284 4277 4254 4198 4210 4210 4142 4041 3984 3914 3948 3944 3861 3807 3868 3881 3910 3826 3742 3794 3780 3703 3677 3620 3596 3542 3565 3534 3525 3542 3524 3519 3446 3505 3442 3388 3367 3373 3407 3345 3305 3305 3345 3328 3244 3231 3215 3218 3123 3135 3130 3105 3096 3052 3053 2986 3026 2989 2926 2904 2909 2906 2885 2812 2812 2827 2817 2799 2862 2805 2821 2733 2782 2718 2638 2634 2653 2645 2661 2612 2632 2609 2590 2624 2560 2501 2560 2546 2477 2507 2435 2398 2438 2388 2352 2373 2425 2425 2424 2361 2376 2410 2377 2359 2299 2306 2236 2247 2291 2224 2217 2190 2195 2212 2181 2169 2156 2165 2181 2162 2137 2102 2134 2113 2125 2095 2033 2040 2040 2011 1985 2004 2050 1999 2018 2031 2035 1937 1925 2003 1902 1937 1876 1933 1877 1949 1940 1895 1940 1899 1865 1898 1899 1895 1926 1867 1868 1888 1827 1802 1769 1787 1770 1715 1783 1788 1749 1775 1758 1747 1696 1781 1757 1719 1730 1739 1762 1726 1743 1756 1734 1753 1687 1678 1635 1617 1668 1646 1626 1595 1602 1613 1596 1600 1603 1587 1546 1593 1589 1592 1568 1573 1536 1546 1559 1547 1495 1472 1440 1473 1475 1447 1461 1452 1444 1411 1434 1397 1423 1448 1427 1426 1418 1384 1340 1388 1378 1380 1380 1377 1402 1387 1384 1410 1356 1354 1346 1362 1394 1383 1349 1363 1318 1319 1310 1340 1307 1315 1278 1251 1270 1192 1208 1225 1234 1229 1209 1201 1167 1190 1202 1174 1189 1189 1227 1201 1219 1198 1209 1239 1204 1187 1231 1257 1227 1255 1201 1196 1208 1191 1196 1201 1193 1191 1144 1135 1135 1144 1125 1122 1169 1180 1159 1136 1122 1149 1166 1167 1201 1158 1145 1152 1155 1171 1158 1128 1112 1131 1133 1149 1151 1112 1085 1069 1110 1131 1091 1127 1081 1119 1158 1113 1058 1106 1099 1088 1093 1054 1069 1052 1062 1046 1041 1062 1051 1008 1018 1016 1009 1020 1001 1001 1051 1047 1025 1039 1024 1017 1011 1013 1007 997 979 976 1013 983 995 981 969 972 927 975 947 934 947 929 921 917 903 936 939 893 908 896 901 917 897 892 919 904 882 897 909 858 862 884 861 839 878 904 907 917 922 896 855 842 823 811 794 810 846 891 877 892 860 871 861 870 843 861 892 922 930 912 880 873 871 866 874 835 846 823 792 813 839 839 858 869 856 868 792 796 849 817 821 823 820 851 819 810 802 798 787 762 754 751 766 757 746 743 751 771 795 789 783 844 803 838 814 813 836 798 803 797 803 800 777 760 793 770 755 741 839 905 1080 1326 1571 1975 2422 3009 3500 3947 4498 4888 5372 5764 6099 6396 6793 7103 7275 7567 7708 8026 8232 8516 8625 8580 8772 8854 8986 8872 8929 8909 8949 9029 9023 9054 8972 9131 8960 8940 8797 8819 8938 8897 8895 8809 8926 8902 8773 8667 8597 8490 8428 8218 8139 8160 8228 8024 7978 8033 7966 7879 7813 7725 7617 7511 7518 7452 7381 7319 7265 7185 7119 7014 6999 6947 6892 6894 6713 6688 6594 6620 6615 6546 6651 6630 6520 6444 6413 6359 6294 6265 6139 6037 6031 5963 5850 5719 5779 5734 5606 5606 5585 5491 5512 5455 5423 5375 5287 5237 5199 5197 5074 5127 5093 5022 5013 5038 4999 4956 4897 4909 4885 4751 4745 4623 4568 4585 4517 4509 4501 4569 4514 4498 4490 4467 4459 4382 4334 4345 4300 4170 4208 4190 4096 4066 4085 4059 4085 4116 4046 4032 4027 4028 3951 3936 3916 3879 3833 3804 3810 3770 3754 3658 3588 3612 3566 3585 3547 3587 3545 3492 3444 3487 3512 3483 3470 3412 3394 3434 3373 3360 3303 3332 3353 3313 3256 3248 3248 3223 3207 3121 3148 3189 3129 3056 2982 3031 2981 3018 2972 2946 2942 2934 2855 2886 2906 2911 2922 2919 2885 2812 2866 2840 2857 2872 2789 2762 2742 2748 2750 2699 2692 2712 2694 2646 2709 2674 2652 2723 2664 2613 2622 2618 2587 2567 2552 2556 2502 2529 2511 2458 2466 2395 2421 2487 2483 2449 2448 2459 2423 2395 2380 2363 2342 2388 2298 2349 2327 2328 2336 2330 2224 2204 2240 2179 2212 2218 2250 2322 2296 2353 2323 2316 2292 2304 2272 2225 2142 2205 2139 2171 2124 2164 2122 2105 2094 2070 2098 2094 2122 2081 2096 2081 2114 2008 2054 2046 2046 1994 2011 2049 1971 2006 1955 1930 1911 1922 1901 1837 1913 1902 1885 1883 1872 1834 1852 1810 1748 1801 1776 1802 1798 1783 1758 1746 1761 1764 1745 1750 1776 1782 1778 1754 1763 1803 1778 1758 1792 1810 1765 1683 1742 1699 1688 1727 1709 1700 1721 1719 1676 1691 1715 1673 1654 1671 1683 1673 1677 1618 1622 1611 1576 1618 1642 1580 1601 1577 1522 1590 1594 1563 1529 1550 1566 1575 1563 1567 1549 1532 1506 1561 1561 1557 1518 1517 1517 1482 1515 1502 1496 1547 1492 1545 1523 1524 1497 1528 1478 1516 1501 1515 1498 1530 1465 1521 1463 1415 1439 1432 1441 1415 1385 1402 1357 1386 1392 1385 1395 1376 1395 1442 1357 1305 1309 1275 1277 1290 1285 1324 1313 1341 1309 1303 1335 1332 1342 1282 1337 1299 1325 1349 1370 1364 1337 1310 1318 1283 1266 1250 1316 1297 1260 1240 1297 1282 1260 1273 1270 1280 1264 1296 1262 1250 1236 1272 1210 1229 1193 1215 1193 1201 1225 1215 1264 1213 1191 1186 1156 1213 1206 1169 1160 1159 1171 1171 1149 1117 1161 1149 1147 1147 1162 1128 1126 1143 1183 1143 1122 1117 1103 1098 1100 1088 1113 1108 1089 1070 1104 1109 1124 1076 1042 1070 1104 1057 1088 1101 1068 1060 1034 1022 1011 1028 1062 1053 1053 1046 1043 1028 1010 962 951 959 1001 998 1010 1059 1016 1026 1000 1015 1025 1039 1044 1033 984 997 1003 1013 1032 1069 1029 1021 1058 1038 978 972 974 990 975 1062 1016 990 1001 1045 1039 1013 1013 994 967 955 1018 983 977 991 983 985 964 963 971 953 951 988 958 943 992 977 987 946 980 958 969 983 945 927 906 902 883 928 911 902 936 893 887 924 906 911 912 894 889 906 898 873 896 929 935 926 911 935 950 915 947 945 939 942 905 903 831 833 832 878 878 873 884 841 878 865 888 865 874 889 839 828 857 871 854 878 864 819 849 836 806 842 831 818 848 840 823 841 863 823 852 864 851 863 828 827 843 820 792 798 806 808 803 818 848 846 843 878 806 792 770 803 819 787 780 764 798 813 803 785 835 799 818 808 835 845 856 837 831 837 800 806 807 839 796 762 763 776 732 787 741 776 789 779 780 792 769 761 753 752 736 744 727 717 702 741 741 738 741 730 706 689 711 719 712 712 721 686 715 712 713 713 694 704 695 705 697 716 714 682 712 713 712 696 681 692 687 701 720 690 682 708 652 666 674 660 704 692 706 701 702 703 703 668 695 695 684 730 694 697 672 671 663 687 682 701 680 687 686 664 704 692 705 702 686 684 702 689 695 671 686 673 672 661 709 676 666 684 691 701 694 735 709 714 704 706 684 660 654 695 670 674 666 643 653 635 634 659 665 660 621 645 658 639 682 677 652 665 642 645 612 630 613 628 671 637 632 630 665 612 605 645 629 638 642 621 646 649 629 617 625 630 635 619 609 647 614 630 618 592 595 596 589 603 600 616 599 589 611 619 654 637 664 641 653 657 611 591 594 604 598 607 589 557 561 589 558 588 564 553 559 569 582 586 556 572 546 542 537 588 576 603 613 596 565 581 592 604 596 583 574 549 560 568 573 598 572 580 595 571 577 565 574 541 549 564 573 545 562 583 574 572 574 553 549 572 568 581 554 560 563 548 578 563 569 561 538 559 584 554 573 548 553 534 552 518 539 538 526 570 543 525 529 552 551 557 538 513 543 544 543 544 539 559 536 548 548 516 523 498 493 499 530 516 511 547 526 553 520 507 529 511 487 498 518 521 511 469 495 493 511 500 479 483 496 496 501 534 518 502 518 502 498 503 524 502 512 517 526 515 539 520 534 558 543 527 518 533 522 520 520 535 513 502 510 489 491 523 510 450 447 436 456 470 461 476 494 502 494 454 456 462 442 426 451 446 459 456 460 457 482 480 463 468 469 506 485 483 467 452 451 454 478 478 507 476 466 439 453 485 459 472 477 464 452 424 439 442 443 427 474 455 457 471 485 492 490 466 483 452 475 484 481 493 516 511 501 467 496 477 458 479 489 474 468 466 482 474 491 479 457 470 455 465 467 477 477 453 469 455 442 433 450 467 459 456 469 446 455 483 440 455 431 434 427 411 444 449 419 426 442 441 423 437 452 429 423 423 429 440 418 430 433 453 427 431 406 433 404 414 420 456 437 406 413 394 405 424 426 409 380 419 421 434 417 442 391 423 471 571 751 1006 1322 1757 2174 2505 2991 3516 4017 4457 4853 5261 5677 6030 6422 6786 6942 7237 7558 7667 7876 7967 8107 8235 8476 8531 8610 8670 8802 8798 8814 8813 8776 8730 8736 8764 8617 8644 8682 8683 8591 8479 8641 8414 8405 8393 8308 8256 8201 8140 8158 8080 8015 7932 7795 7718 7623 7469 7536 7418 7329 7151 7213 7138 7164 7077 7098 7080 7083 6964 6891 6892 6851 6731 6676 6606 6530 6427 6346 6327 6251 6283 6201 6121 6120 6007 5939 6021 5917 5776 5790 5768 5671 5690 5602 5601 5519 5534 5455 5337 5361 5228 5169 5106 5084 5040 4975 5065 5062 4979 4921 4916 4879 4861 4822 4834 4743 4665 4691 4711 4628 4592 4545 4498 4387 4346 4348 4307 4307 4342 4269 4263 4248 4199 4149 4123 4083 3947 3956 3913 4021 3924 3897 3846 3864 3814 3851 3792 3760 3684 3632 3662 3622 3675 3621 3601 3570 3534 3473 3457 3507 3507 3390 3390 3388 3252 3334 3231 3265 3211 3231 3273 3196 3295 3243 3184 3224 3212 3210 3073 3098 3150 3041 3037 3003 3025 3070 2993 2952 2920 2964 2871 2854 2847 2899 2902 2882 2828 2763 2784 2736 2723 2789 2737 2737 2622 2607 2651 2604 2525 2567 2566 2528 2594 2566 2576 2566 2498 2538 2511 2497 2485 2485 2434 2600 2563 2617 2544 2576 2512 2509 2520 2441 2429 2441 2403 2404 2365 2417 2344 2342 2340 2357 2286 2290 2252 2259 2241 2212 2181 2188 2157 2192 2153 2207 2155 2221 2202 2180 2206 2204 2203 2188 2196 2177 2170 2079 2041 2081 2067 2040 2056 2062 2059 2022 1974 1931 1931 1965 1975 1947 1910 1930 1966 1953 2000 1959 1888 1898 1924 1930 1928 1845 1792 1786 1835 1754 1755 1777 1828 1855 1835 1748 1780 1793 1866 1883 1883 1833 1788 1747 1794 1771 1786 1822 1793 1757 1750 1754 1699 1701 1694 1641 1648 1665 1650 1648 1623 1699 1586 1654 1643 1647 1651 1594 1602 1612 1585 1593 1605 1639 1652 1604 1608 1574 1594 1580 1541 1595 1564 1549 1610 1542 1512 1518 1537 1476 1512 1497 1434 1486 1521 1493 1470 1442 1488 1472 1504 1542 1564 1540 1536 1540 1487 1461 1492 1491 1467 1466 1426 1380 1360 1347 1378 1426 1397 1396 1419 1395 1368 1363 1369 1357 1399 1349 1410 1401 1372 1332 1352 1331 1322 1288 1276 1285 1311 1241 1266 1239 1243 1284 1312 1280 1347 1327 1346 1324 1351 1318 1320 1297 1277 1241 1230 1248 1272 1280 1272 1251 1227 1232 1231 1214 1207 1181 1169 1201 1224 1191 1173 1152 1127 1130 1133 1128 1125 1130 1172 1197 1182 1154 1206 1170 1204 1203 1180 1237 1217 1221 1194 1185 1147 1149 1124 1146 1117 1122 1071 1085 1087 1070 1060 1067 1089 1091 1095 1081 1103 1069 1057 1022 1060 1096 1087 1028 1074 1077 1057 1046 1070 1068 1070 1077 1069 1095 1063 1057 1025 1019 1029 1031 1041 1054 1086 1029 1015 1000 1007 1004 1022 1005 1024 994 939 960 960 956 930 982 966 938 958 982 928 942 930 972 970 905 943 921 922 931 962 965 916 932 939 921 911 975 940 928 891 926 923 906 914 907 912 938 933 893 874 894 926 899 908 935 965 935 957 915 942 912 906 872 858 893 878 882 848 891 909 913 887 902 869 911 902 942 893 874 876 898 860 873 881 861 851 838 855 822 827 780 836 832 839 856 815 851 849 824 809 851 871 843 826 834 853 848 805 815 867 843 871 819 848 874 839 820 793 780 795 744 757 796 775 792 790 805 799 811 876 821 798 811 815 798 780 776 747 784 782 775 780 732 777 753 738 765 731 749 775 782 790 774 764 802 786 728 780 751 723 767 766 737 773 726 732 731 724 758 728 745 767 730 744 760 754 733 721 735 737 724 743 721 702 703 741 725 708 726 735 749 689 701 730 720 724 677 677 662 692 718 718 699 713 697 690 693 679 663 682 679 691 676 692 674 702 680 663 652 642 650 664 635 668 704 685 699 698 671 661 635 623 620 634 634 641 609 601 660 649 667 660 643 641 715 802 961 1194 1589 1942 2351 2899 3343 3856 4317 4723 5256 5614 6108 6336 6721 7081 7371 7547 7850 8096 8171 8294 8434 8556 8582 8663 8602 8681 8781 8686 8809 8764 8821 8733 8895 8866 8985 8873 8877 8884 8838 8898 8807 8810 8659 8626 8414 8445 8505 8331 8345 8288 8338 8217 8085 8061 7944 7807 7791 7727 7709 7632 7574 7529 7565 7399 7358 7446 7250 7156 7121 6983 6850 6752 6765 6718 6723 6656 6719 6625 6568 6434 6460 6318 6312 6253 6221 6175 6065 5978 6003 5926 5885 5810 5827 5767 5714 5730 5757 5642 5696 5533 5507 5376 5356 5412 5321 5311 5332 5229 5223 5192 5118 4996 4943 4935 4968 4876 4848 4904 4903 4833 4841 4782 4692 4636 4538 4550 4476 4481 4496 4440 4451 4456 4352 4288 4331 4328 4204 4203 4136 4154 4131 4085 4083 4016 4049 4021 4013 3911 3986 3886 3924 3822 3771 3814 3837 3798 3810 3736 3642 3629 3724 3689 3674 3640 3534 3655 3543 3535 3502 3520 3468 3442 3509 3453 3354 3370 3339 3363 3330 3371 3265 3305 3306 3297 3242 3249 3309 3258 3128 3082 3151 3034 3083 3122 3049 3003 3054 3019 3026 2999 3036 2995 2918 2961 2869 2878 2984 2965 2874 2931 2825 2883 2936 2908 2866 2806 2876 2914 2818 2734 2732 2692 2619 2648 2654 2638 2592 2651 2658 2641 2597 2580 2608 2601 2571 2545 2533 2543 2547 2601 2553 2511 2467 2491 2527 2539 2506 2459 2414 2417 2507 2461 2416 2367 2386 2312 2371 2362 2329 2378 2311 2347 2398 2331 2301 2220 2245 2227 2204 2217 2204 2151 2147 2155 2207 2101 2130 2110 2050 2169 2101 2078 2108 2114 2062 2058 2057 2015 2032 2040 2076 1996 1996 2034 2008 2032 2058 1964 1959 1949 1975 1955 1948 2008 1952 1939 1946 1905 1945 1892 1887 1890 1887 1900 1891 1841 1827 1830 1817 1837 1853 1884 1885 1883 1816 1855 1856 1788 1832 1766 1782 1819 1775 1752 1745 1742 1695 1697 1714 1690 1680 1691 1647 1643 1582 1657 1664 1644 1604 1556 1572 1556 1556 1584 1563 1583 1536 1560 1565 1552 1566 1554 1548 1531 1537 1626 1624 1608 1621 1627 1552 1548 1501 1501 1513 1502 1556 1554 1535 1573 1559 1519 1560 1515 1533 1511 1494 1517 1487 1470 1447 1515 1464 1478 1448 1431 1388 1400 1425 1421 1464 1435 1431 1435 1450 1432 1443 1413 1435 1427 1416 1384 1389 1353 1389 1424 1400 1418 1378 1410 1427 1396 1378 1370 1365 1340 1329 1350 1345 1361 1343 1355 1356 1379 1358 1379 1323 1346 1283 1327 1306 1249 1309 1301 1315 1296 1311 1361 1307 1309 1314 1302 1285 1270 1251 1265 1310 1260 1209 1202 1224 1226 1202 1226 1224 1251 1244 1278 1236 1212 1245 1214 1230 1244 1191 1222 1219 1258 1248 1231 1253 1187 1206 1228 1201 1200 1199 1198 1157 1192 1166 1163 1164 1166 1195 1187 1159 1164 1168 1132 1126 1127 1126 1144 1125 1097 1147 1083 1069 1067 1044 1058 1094 1073 1088 1082 1058 1082 1095 1073 1081 1067 1105 1121 1086 1094 1108 1094 1077 1050 1044 1076 1069 1074 1081 1094 1054 1090 1027 1029 1071 1048 1035 1041 1041 1005 1014 1063 1055 986 996 1015 1033 1018 1036 1033 1026 1038 1024 992 991 968 1023 1006 1054 1067 1078 1032 1041 1051 1020 1028 968 1025 1006 1008 1042 1022 1006 996 1003 1014 1008 984 993 1020 1049 1042 1013 998 1041 1035 1032 1034 1003 1001 983 966 973 981 995 971 963 931 996 970 997 981 929 975 954 966 967 975 953 965 959 966 975 993 993 947 928 965 977 930 917 929 921 916 867 882 899 919 888 897 889 876 891 914 918 917 917 897 906 887 894 871 887 887 882 848 838 871 869 869 874 892 849 875 879 891 899 882 868 868 865 842 854 852 859 865 856 882 835 863 853 852 826 840 881 853 866 839 856 824 846 830 847 842 820 822 809 814 814 878 886 876 836 835 825 833 853 850 836 803 826 774 781 766 796 778 768 793 756 770 770 744 753 753 777 750 742 740 765 743 740 719 770 747 729 746 739 767 753 744 759 779 788 774 784 815 828 799 795 783 823 930 1123 1375 1659 2058 2519 2919 3445 3897 4393 4878 5326 5663 6065 6370 6727 7123 7283 7629 8055 7997 8260 8367 8487 8688 8804 8824 8942 8944 8927 9023 9034 9013 9075 9176 9179 9022 8978 8930 9086 9009 8926 8831 8934 8767 8753 8672 8760 8745 8722 8646 8529 8425 8350 8400 8246 8223 8124 8029 7983 7963 7875 7752 7730 7597 7476 7546 7437 7342 7300 7164 7202 7059 7044 7033 6938 6899 6862 6825 6730 6727 6498 6494 6397 6385 6453 6351 6264 6168 6071 6052 6077 6024 5983 5896 5878 5860 5869 5772 5704 5733 5761 5699 5592 5538 5530 5440 5400 5388 5429 5338 5278 5250 5226 5125 5087 4978 5024 5025 4948 4915 4885 4822 4772 4762 4851 4791 4782 4780 4690 4747 4650 4630 4535 4549 4515 4494 4467 4413 4341 4305 4291 4272 4194 4209 4125 4076 4043 3996 3980 3935 3922 3999 3929 3878 3934 3943 3898 3859 3756 3833 3838 3743 3794 3718 3741 3724 3678 3685 3691 3724 3642 3533 3601 3571 3536 3462 3425 3439 3396 3402 3341 3388 3353 3369 3333 3392 3380 3294 3316 3259 3224 3259 3187 3183 3096 3069 3032 3059 3050 2995 3006 3044 3041 2982 2918 2876 2893 2986 2965 2906 2929 2952 2936 2836 2878 2831 2841 2855 2844 2831 2833 2858 2814 2741 2741 2818 2744 2746 2801 2743 2748 2688 2685 2602 2640 2613 2592 2595 2543 2505 2526 2513 2484 2451 2463 2496 2479 2507 2475 2497 2512 2473 2402 2445 2391 2411 2353 2339 2363 2386 2380 2353 2337 2340 2333 2351 2344 2323 2309 2304 2228 2269 2311 2269 2191 2138 2172 2171 2139 2149 2188 2189 2179 2147 2093 2174 2116 2138 2170 2119 2079 2058 2093 2069 2070 2169 2135 2109 2080 2077 2069 2070 2084 2095 2039 2013 1983 1968 1986 1941 1973 2026 1946 1948 1968 1983 1936 1932 1924 1931 1937 1875 1888 1870 1886 1888 1905 1883 1870 1826 1836 1857 1831 1857 1866 1814 1851 1869 1827 1740 1758 1786 1792 1804 1796 1804 1839 1804 1755 1748 1724 1738 1794 1746 1766 1716 1694 1706 1687 1663 1666 1661 1668 1609 1638 1615 1607 1648 1591 1625 1665 1633 1605 1607 1617 1619 1586 1609 1581 1596 1563 1552 1524 1528 1526 1562 1578 1568 1580 1574 1577 1570 1546 1550 1599 1580 1535 1556 1534 1507 1502 1510 1492 1510 1420 1493 1523 1507 1485 1470 1483 1510 1435 1434 1445 1426 1475 1476 1463 1474 1447 1454 1492 1492 1501 1461 1443 1453 1475 1439 1384 1392 1378 1401 1379 1399 1385 1378 1336 1303 1312 1340 1328 1269 1299 1344 1351 1288 1345 1307 1338 1308 1293 1306 1326 1301 1397 1325 1333 1371 1366 1356 1342 1346 1340 1345 1345 1330 1339 1305 1340 1398 1352 1334 1281 1261 1247 1303 1334 1299 1299 1237 1229 1248 1209 1198 1178 1243 1214 1271 1221 1277 1266 1222 1262 1266 1251 1247 1276 1274 1241 1241 1240 1220 1218 1256 1256 1243 1330 1273 1288 1246 1279 1250 1258 1222 1215 1220 1195 1145 1195 1155 1141 1162 1135 1146 1099 1125 1187 1188 1163 1140 1159 1170 1176 1162 1100 1130 1168 1090 1102 1093 1049 1079 1059 1086 1077 1085 1011 1073 1073 1079 1074 1033 1049 1116 1095 1064 1112 1105 1103 1065 1049 1029 1057 1061 1038 1042 1074 1048 995 1018 1014 1042 1051 1005 1021 1036 1019 1019 1013 1024 1036 1035 1043 1037 1031 985 1044 1081 1075 1026 1046 1073 1046 1022 1025 1039 1030 975 974 961 1008 963 981 994 1013 990 993 1029 1037 1043 1006 1015 996 1025 1069 1010 1009 975 955 967 1009 1029 988 938 960 959 920 984 973 974 961 942 968 935 929 936 915 927 926 909 927 932 930 974 925 928 936 896 875 869 887 902 933 956 910 944 933 928 898 924 900 917 918 932 916 909 917 911 920 933 925 927 942 948 953 886 907 902 881 911 936 898 901 952 920 924 904 898 880 895 887 854 849 869 881 924 922 905 912 885 869 901 920 940 908 896 909 870 887 900 888 889 897 903 864 878 876 869 858 838 841 838 858 867 875 848 847 876 853 850 836 835 806 838 835 846 850 864 849 837 806 838 789 797 829 832 838 833 841 798 803 782 781 783 784 775 777 776 797 804 819 804 816 793 806 834 827 857 850 834 823 828 834 837 831 817 765 769 748 749 781 799 763 768 795 760 794 790 812 797 770 773 735 788 784 774 768 771 747 739 735 734 761 742 738 749 770 766 722 703 758 791 771 748 760 784 770 749 729 748 732 723 668 701 689 679 709 702 731 710 703 706 729 736 726 750 720 724 703 692 727 720 722 705 710 700 704 698 702 699 661 673 680 708 702 713 719 725 691 694 672 692 712 686 689 694 705 659 693 667 683 700 704 693 699 715 724 726 736 699 661 686 684 715 683 684 696 712 693 683 672 691 672 688 686 679 720 770 1040 1257 1549 1952 2350 2767 3245 3768 4242 4643 5191 5639 6048 6372 6631 6869 7125 7423 7660 7911 8108 8318 8335 8564 8851 8812 8899 8892 8855 9011 8967 9005 8980 8976 8943 9054 8890 8745 8834 8842 8866 8695 8620 8681 8559 8396 8456 8416 8421 8349 8265 8165 8262 8156 8255 8087 8064 8068 7999 7885 7902 7783 7669 7483 7484 7605 7375 7282 7216 7098 7086 7043 6995 6925 6962 6773 6831 6655 6608 6546 6460 6372 6378 6411 6354 6302 6302 6252 6181 6027 6000 6000 5972 5920 5791 5709 5722 5636 5714 5636 5598 5530 5568 5385 5319 5188 5212 5134 5204 5134 5146 5124 5120 5040 4999 4984 4906 4910 4836 4782 4761 4641 4688 4574 4619 4559 4520 4406 4410 4447 4445 4482 4499 4450 4466 4339 4267 4288 4265 4286 4235 4258 4253 4115 4191 4117 4149 4029 4042 4034 3985 3917 3948 4014 3965 3971 3811 3772 3773 3744 3777 3767 3727 3782 3752 3725 3609 3622 3592 3549 3580 3468 3385 3411 3470 3456 3432 3371 3288 3354 3379 3299 3271 3324 3342 3297 3229 3159 3109 3209 3205 3233 3189 3156 3105 3059 3044 3134 3126 3113 3042 3075 3027 2990 2986 3007 2970 2914 2902 2906 2819 2792 2844 2743 2783 2808 2743 2755 2726 2711 2705 2681 2621 2595 2620 2607 2599 2603 2671 2599 2580 2663 2672 2592 2571 2609 2550 2523 2538 2488 2498 2485 2529 2444 2432 2485 2495 2428 2441 2500 2440 2411 2411 2386 2290 2371 2426 2387 2461 2391 2354 2356 2380 2315 2273 2255 2282 2267 2238 2229 2175 2184 2185 2169 2158 2188 2157 2169 2100 2117 2066 2078 2064 2031 2040 2104 2112 2078 2064 2051 2087 2085 2074 2046 2039 2013 2091 2020 2035 2044 2015 2035 1963 1975 1931 1982 2028 1966 1951 1984 1940 1915 1964 1995 1918 1968 1899 1947 1914 1964 1936 1904 1893 1901 1865 1825 1822 1842 1849 1899 1860 1895 1873 1828 1852 1902 1930 1871 1825 1840 1865 1816 1784 1742 1782 1743 1785 1732 1752 1760 1732 1665 1667 1689 1714 1633 1579 1619 1656 1632 1624 1641 1634 1585 1627 1631 1635 1603 1579 1591 1598 1591 1604 1622 1598 1556 1583 1559 1570 1536 1563 1551 1537 1576 1561 1524 1547 1574 1517 1565 1536 1546 1554 1577 1547 1519 1491 1559 1523 1488 1502 1511 1522 1513 1491 1485 1487 1527 1535 1524 1511 1552 1509 1486 1515 1461 1456 1412 1417 1401 1374 1384 1441 1365 1399 1371 1386 1403 1355 1373 1373 1340 1351 1394 1406 1358 1348 1407 1387 1290 1304 1282 1352 1344 1316 1308 1339 1327 1353 1354 1328 1357 1318 1282 1274 1302 1310 1353 1307 1353 1357 1267 1256 1254 1325 1310 1291 1282 1313 1322 1313 1306 1315 1241 1215 1258 1282 1260 1224 1250 1220 1246 1244 1259 1198 1241 1215 1161 1213 1207 1209 1197 1216 1187 1194 1171 1196 1177 1156 1161 1174 1200 1186 1182 1171 1171 1194 1204 1176 1146 1144 1167 1135 1138 1158 1148 1146 1157 1157 1168 1160 1134 1123 1132 1119 1095 1099 1061 1077 1046 1101 1103 1090 1108 1093 1125 1163 1113 1094 1159 1136 1170 1116 1114 1077 1063 1077 1052 1069 1052 1082 1089 1110 1075 1097 1099 1116 1125 1127 1105 1096 1125 1111 1079 1048 1059 1090 1082 1022 1067 1042 1021 1036 1038 1034 1016 1022 1048 1042 1092 1061 1064 1055 1027 1049 1107 1107 1086 1088 1066 1051 1063 1058 1065 1073 1046 1058 1057 1057 1023 1055 1077 1004 1030 1057 1008 985 978 990 1024 980 1024 1027 1037 1025 1029 1033 975 1006 970 967 986 990 1003 1024 1000 1042 1022 1046 1039 1045 1007 1022 1011 1003 984 944 951 945 958 963 946 939 935 948 943 953 960 941 949 902 881 866 925 920 941 887 918 933 937 919 969 963 940 939 900 905 892 916 868 886 898 898 909 911 940 891 929 928 920 862 878 877 924 911 908 903 906 878 904 930 907 925 908 907 913 905 872 902 864 872 853 849 833 833 855 854 817 869 883 880 830 890 853 843 848 834 830 861 847 817 836 819 863 871 847 852 830 834 859 860 844 862 850 886 845 828 816 829 813 796 802 832 812 835 799 837 823 811 827 816 784 787 782 767 819 806 801 793 793 774 796 805 798 794 784 792 759 776 800 807 822 798 806 758 813 825 793 790 787 839 822 822 790 799 801 805 790 799 787 765 786 762 750 736 730 744 773 764 755 764 776 786 758 735 772 762 727 709 721 735 724 711 702 705 698 699 731 726 715 700 729 738 739 717 747 709 736 713 749 754 757 758 740 772 706 741 725 753 723 753 788 746 772 781 760 724 738 724 683 717 711 698 742 744 718 729 690 699 693 702 684 672 667 666 662 656 652 679 665 679 705 722 690 680 707 688 721 693 729 671 697 693 736 732 721 709 707 727 703 704 705 688 677 674 679 678 640 695 687 667 647 640 647 668 666 697 659 678 655 627 640 650 654 649 697 671 668 678 674 657 681 707 644 685 705 690 690 686 681 677 686 666 636 658 665 645 688 650 649 690 647 661 629 649 662 666 650 670 704 664 662 646 638 640 612 645 610 621 630 622 629 630 638 647 634 649 662 636 656 645 651 623 624 630 615 596 586 561 594 574 573 556 575 614 598 622 605 625 605 630 607 617 638 612 615 606 599 618 629 575 613 621 596 615 628 623 634 622 633 618 634 642 652 618 628 600 594 612 594 585 620 608 642 687 647 634 631 591 597 609 621 593 604 587 595 608 604 575 581 580 575 584 616 577 588 608 614 672 739 892 1105 1461 1844 2279 2787 3258 3842 4254 4710 5113 5564 5940 6211 6476 6826 7117 7332 7530 7858 7919 8043 8263 8407 8341 8598 8615 8709 8740 8719 8822 8937 8887 8933 8895 8880 8770 8789 8626 8651 8559 8590 8427 8420 8378 8259 8215 8247 8174 8180 8060 8030 8087 8096 7923 7851 7808 7596 7602 7556 7557 7559 7377 7375 7332 7244 7261 7162 7121 7009 7123 6956 6817 6819 6777 6724 6710 6691 6686 6457 6570 6494 6357 6242 6251 6240 6303 6151 5987 5938 5929 5850 5916 5879 5884 5767 5743 5631 5612 5537 5513 5430 5428 5417 5324 5232 5181 5112 5056 5078 5068 5094 5017 5029 4971 4878 4837 4865 4850 4767 4777 4699 4690 4681 4603 4595 4531 4471 4427 4456 4308 4315 4294 4334 4302 4298 4214 4097 4023 4078 4107 4124 4055 3979 3988 4017 4058 3980 3969 3977 3968 3888 3813 3813 3756 3801 3817 3787 3828 3753 3661 3639 3623 3566 3538 3511 3481 3442 3419 3375 3441 3412 3338 3352 3356 3315 3263 3287 3268 3281 3289 3299 3347 3261 3225 3205 3186 3210 3163 3138 3153 3099 3108 3013 3030 2959 2964 2978 2939 2903 2887 2859 2833 2797 2831 2821 2840 2825 2807 2865 2893 2857 2801 2769 2772 2791 2766 2808 2724 2759 2697 2598 2563 2562 2618 2669 2651 2640 2644 2548 2524 2522 2542 2522 2612 2562 2550 2557 2524 2486 2384 2440 2430 2407 2428 2409 2409 2388 2431 2408 2395 2349 2368 2355 2380 2397 2413 2394 2322 2287 2219 2223 2257 2238 2276 2243 2294 2318 2234 2194 2261 2184 2157 2126 2146 2165 2193 2103 2072 2162 2091 2097 2087 2126 2110 2127 2109 2082 2095 2096 2114 2076 2075 2019 2088 2078 1970 2022 1973 2016 1941 1916 1918 1883 1853 1880 1881 1878 1873 1862 1896 1843 1875 1777 1832 1835 1829 1793 1819 1821 1789 1799 1834 1810 1803 1790 1803 1897 1822 1850 1878 1873 1810 1809 1803 1808 1765 1722 1762 1760 1695 1674 1668 1683 1727 1735 1734 1714 1733 1649 1728 1714 1699 1702 1630 1615 1594 1571 1520 1569 1576 1584 1598 1603 1609 1580 1576 1587 1594 1578 1581 1534 1556 1566 1572 1589 1562 1566 1562 1576 1559 1474 1505 1503 1518 1516 1537 1451 1443 1463 1495 1543 1487 1569 1568 1529 1486 1488 1496 1482 1469 1495 1533 1469 1503 1465 1472 1430 1428 1432 1430 1434 1433 1420 1441 1453 1466 1461 1420 1386 1403 1411 1392 1372 1390 1369 1349 1340 1309 1342 1318 1329 1330 1310 1317 1362 1330 1321 1393 1412 1391 1358 1353 1328 1328 1288 1318 1360 1371 1398 1356 1310 1251 1283 1287 1315 1295 1334 1277 1275 1280 1298 1297 1270 1267 1251 1195 1191 1232 1191 1168 1175 1208 1272 1226 1279 1254 1235 1268 1250 1243 1235 1217 1183 1195 1168 1189 1249 1193 1210 1220 1225 1157 1170 1194 1191 1150 1149 1160 1165 1154 1161 1169 1124 1167 1131 1109 1158 1103 1187 1191 1182 1102 1124 1145 1126 1118 1116 1115 1144 1128 1138 1141 1124 1120 1073 1034 1087 1056 1041 1065 1078 1071 1046 1046 1057 1038 1051 1056 1086 1111 1105 1081 1126 1124 1093 1107 1073 1073 1070 1058 1072 1056 1004 1048 998 1022 1024 1060 1032 1008 1051 1015 1072 1024 1026 1014 1038 1001 1008 1053 1024 1017 991 977 1003 1021 1039 992 976 981 980 1006 984 986 963 936 959 952 988 968 984 975 955 966 1020 985 979 964 979 956 987 994 976 965 977 958 975 930 930 924 915 940 908 879 915 927 901 926 927 925 960 904 917 944 968 919 946 965 934 947 931 942 957 954 979 943 886 917 951 976 924 926 929 905 882 873 928 937 951 944 898 969 925 925 921 885 900 870 919 933 910 882 923 899 844 865 890 852 866 846 870 875 857 906 869 897 885 856 888 854 887 863 893 902 870 845 835 820 854 831 840 832 870 849 864 862 813 824 883 824 841 838 824 858 863 875 866 860 844 833 838 830 825 820 801 780 778 773 780 777 789 766 783 793 812 815 839 841 813 799 762 739 748 772 796 776 785 768 761 776 759 804 798 773 793 779 780 733 768 743 774 757 752 787 750 788 802 795 778 788 779 791 780 772 777 762 752 758 729 717 757 732 712 748 752 739 709 695 711 755 766 757 748 738 746 754 759 750 784 747 717 739 746 724 724 766 777 793 812 771 746 754 761 745 741 751 751 730 732 715 690 698 707 701 746 733 739 695 730 736 728 764 738 748 749 761 745 727 736 766 739 755 754 753 746 758 724 716 735 772 745 749 715 707 696 751 736 772 762 746 709 702 720 711 726 704 741 744 693 694 701 699 715 664 682 673 697 671 670 655 696 682 678 663 705 709 677 679 661 664 674 648 653 651 639 648 652 648 662 664 669 657 677 685 690 677 669 674 659 644 622 622 684 674 645 663 627 591 627 618 623 643 624 622 609 670 639 641 646 639 653 639 689 634 620 616 644 670 623 635 650 634 658 631 652 656 644 622 641 645 650 690 653 640 669 672 629 617 671 654 631 617 
	PassiveActor 3:
		MolID 0:
			Count:
				0 0 0 0 0 0 0 0 0 0 0 0 0 0 0 0 0 0 0 0 0 0 0 0 0 0 0 0 0 0 0 0 0 0 0 0 0 0 0 0 0 0 0 0 0 0 0 0 0 0 0 0 0 0 0 0 0 0 0 0 0 0 0 0 0 0 0 0 0 0 0 0 0 0 0 0 0 0 0 0 0 0 0 0 0 0 0 0 0 0 0 0 0 0 0 0 0 0 0 0 0 0 0 0 0 0 0 0 0 0 0 0 0 0 0 0 0 0 0 0 0 0 0 0 0 0 0 0 0 0 0 0 0 0 0 0 0 0 0 0 0 0 0 0 0 0 0 0 0 0 0 0 0 0 0 0 0 0 0 0 0 0 0 0 0 0 0 0 0 0 0 0 0 0 0 0 0 0 0 0 0 0 0 0 0 0 0 0 0 0 0 0 0 0 0 0 0 0 0 0 0 0 0 0 0 0 0 0 0 0 0 0 0 0 0 0 0 0 0 0 0 0 0 0 0 0 0 0 0 0 0 0 0 0 0 0 0 0 0 0 0 0 0 0 0 0 0 0 0 0 0 0 0 0 0 0 0 0 0 0 0 0 0 0 0 0 0 0 0 0 0 0 0 0 0 0 0 0 0 0 0 0 0 0 0 0 0 0 0 0 0 0 0 0 0 0 0 0 0 0 0 0 0 0 0 0 0 0 0 0 0 0 0 0 0 0 0 0 0 0 0 0 0 0 0 0 0 0 0 0 0 0 0 0 0 0 0 0 0 0 0 0 0 0 0 0 0 0 0 0 0 0 0 0 0 0 0 0 0 0 0 0 0 0 0 0 0 0 0 0 0 0 0 0 0 0 0 0 0 0 0 0 0 0 0 0 0 0 0 0 0 0 0 0 0 0 0 0 0 0 0 0 0 0 0 0 0 0 0 0 0 0 0 0 0 0 0 0 0 0 0 0 0 0 0 0 0 0 0 0 0 0 0 0 0 0 0 0 0 0 0 0 0 0 0 0 0 0 0 0 0 0 0 0 0 0 0 0 0 0 0 0 0 0 0 0 0 0 0 0 0 0 0 0 0 0 0 0 0 0 0 0 0 0 0 0 0 0 0 0 0 0 0 0 0 0 0 0 0 0 0 0 0 0 0 0 0 0 0 0 0 0 0 0 0 0 0 0 0 0 0 0 0 0 0 0 0 0 0 0 0 0 0 0 0 0 0 0 0 0 0 0 0 0 0 0 0 0 0 0 0 0 0 0 0 0 0 0 0 0 0 0 0 0 0 0 0 0 0 0 0 0 0 0 0 0 0 0 0 0 0 0 0 0 0 0 0 0 0 0 0 0 0 0 0 0 0 0 0 0 0 0 0 0 0 0 0 0 0 0 0 0 0 0 0 0 0 0 0 1 2 2 1 3 6 7 5 6 10 14 20 23 29 33 37 30 51 64 78 95 97 112 115 137 152 165 167 193 203 203 207 224 227 252 255 294 304 295 330 321 358 367 417 423 428 445 446 491 496 513 519 530 547 586 561 604 610 597 612 622 658 668 687 704 716 724 758 741 739 734 739 812 772 779 809 815 826 824 828 863 844 849 855 820 849 849 882 863 901 915 903 892 903 948 931 954 962 974 956 979 918 936 896 920 903 940 983 1003 988 1010 988 976 1011 1023 1020 1021 999 1003 982 1012 1043 1038 1046 1036 990 1000 978 974 1004 1000 1061 1112 1048 1038 1034 1034 1074 1051 1074 1079 1050 1022 1015 1021 1013 986 1057 1043 1043 1029 1037 1061 1062 1119 1125 1101 1098 1057 1060 1064 1062 1049 1031 1035 1040 1066 1044 1054 1099 1094 1068 1019 1050 1051 1060 1061 1055 1047 1043 1012 1013 1033 995 997 1003 1030 1036 1023 1034 1034 1046 1081 1063 1067 1015 1039 1058 1006 1010 983 994 1008 974 993 1017 991 991 987 959 916 944 918 906 964 977 968 957 970 961 953 911 911 917 859 901 932 905 913 948 916 935 926 954 962 953 925 932 915 905 904 905 894 912 876 878 870 870 862 877 893 894 868 881 872 877 883 902 900 912 870 936 882 884 872 884 876 881 836 829 877 879 871 880 866 833 853 864 806 826 817 837 847 808 825 809 813 848 807 811 824 792 812 803 830 803 835 798 801 768 778 784 827 799 802 835 858 844 829 799 776 798 801 793 802 775 761 740 740 756 758 759 761 768 736 734 765 739 752 738 743 752 735 747 746 730 736 734 731 782 764 745 743 703 725 758 727 698 712 712 696 694 724 712 710 706 701 727 722 744 733 717 681 710 673 677 663 657 642 634 670 698 682 708 676 677 696 643 664 706 674 664 698 676 694 671 645 633 650 656 651 648 635 681 676 663 667 654 685 665 637 631 662 647 641 657 701 678 658 670 651 624 627 592 572 588 605 580 566 583 588 573 609 635 612 619 603 594 582 587 612 606 599 608 586 541 543 545 572 577 537 565 576 563 564 551 541 548 560 550 558 560 545 551 567 570 596 590 569 584 578 588 592 610 599 583 583 591 593 573 545 561 586 577 573 591 565 536 558 539 519 533 547 523 547 591 578 585 572 552 550 548 546 560 532 522 513 537 543 524 526 528 540 547 561 556 531 544 546 548 518 522 495 506 507 520 519 532 520 508 533 554 572 565 526 546 529 511 520 530 530 517 520 501 498 479 494 497 489 474 507 530 517 499 505 548 565 542 507 500 503 485 471 474 462 442 452 453 444 472 463 471 462 495 477 460 458 483 471 450 427 441 465 474 460 467 450 456 455 441 451 438 430 445 464 456 476 459 445 470 475 469 449 450 451 438 449 461 444 436 442 479 446 436 435 431 427 418 420 440 438 447 432 434 396 420 409 385 410 412 412 432 432 414 404 405 414 411 391 368 380 380 372 399 403 393 391 384 368 350 341 351 371 384 409 396 411 404 398 394 418 410 410 403 380 419 407 402 392 377 378 371 389 378 347 362 372 376 376 397 401 377 353 361 374 377 370 372 377 363 379 359 355 327 351 343 376 381 385 389 382 384 388 397 403 396 382 381 375 370 348 355 351 356 354 356 352 324 339 330 342 343 350 370 356 325 344 339 339 337 338 320 329 314 342 343 354 333 363 329 359 359 361 355 356 340 327 322 328 335 332 357 311 329 314 344 320 332 314 342 336 365 363 354 340 325 340 342 335 347 349 357 340 342 316 300 295 316 325 315 324 324 301 284 280 288 292 294 278 307 267 288 279 290 291 294 299 295 309 307 328 325 298 289 305 291 292 299 273 275 272 297 279 291 290 278 266 271 283 267 281 271 275 272 270 289 273 289 296 301 316 332 322 318 312 313 300 280 302 277 270 311 311 290 295 318 307 291 299 303 300 293 302 308 310 299 304 314 293 300 315 291 301 305 292 305 315 301 271 276 270 263 271 316 296 292 280 287 282 289 292 292 305 303 298 301 319 303 300 304 296 321 306 304 278 267 260 271 267 279 268 301 288 294 305 299 288 304 291 290 294 282 272 277 265 271 275 279 266 268 277 273 254 263 252 255 249 260 270 275 263 260 263 251 255 246 247 251 249 243 231 249 242 237 253 229 237 244 232 243 255 233 261 264 273 257 236 250 274 269 280 259 267 258 266 257 239 232 247 236 245 250 270 263 253 249 246 258 252 247 259 264 267 261 243 270 262 272 259 245 253 248 249 264 238 244 248 242 241 248 268 255 275 271 263 260 256 259 260 265 257 236 245 239 244 227 245 247 277 264 263 234 238 255 241 247 239 264 268 270 261 250 263 258 251 245 241 245 246 242 250 258 245 226 231 235 217 229 214 223 223 220 210 231 251 236 240 220 234 230 226 223 214 229 213 203 237 204 222 237 237 237 247 251 263 273 276 257 277 292 306 306 312 303 338 363 372 399 402 414 419 447 445 481 481 492 510 509 537 581 585 568 595 607 598 595 651 643 664 690 718 713 752 770 763 775 798 824 845 880 853 879 870 894 894 877 916 934 904 910 957 979 1004 995 1033 1013 1032 1077 1039 1056 1103 1051 1083 1084 1117 1032 1053 1075 1064 1056 1011 1052 993 1073 1083 1093 1105 1087 1081 1107 1160 1165 1137 1147 1137 1155 1162 1195 1177 1191 1218 1230 1214 1230 1223 1188 1168 1176 1230 1208 1252 1207 1240 1242 1222 1226 1204 1222 1250 1239 1242 1269 1314 1309 1328 1257 1219 1245 1203 1186 1242 1219 1261 1252 1260 1245 1275 1227 1265 1248 1224 1206 1253 1240 1192 1227 1188 1208 1211 1202 1207 1196 1179 1159 1149 1171 1142 1159 1200 1208 1217 1226 1229 1329 1295 1253 1254 1249 1250 1265 1256 1274 1246 1206 1205 1204 1230 1223 1190 1223 1191 1223 1195 1184 1194 1203 1224 1245 1253 1203 1221 1214 1140 1168 1193 1206 1189 1209 1207 1214 1191 1179 1218 1173 1200 1199 1223 1189 1176 1188 1170 1154 1111 1146 1122 1124 1090 1102 1122 1107 1110 1051 1101 1029 1065 1032 1090 1084 1079 1062 1076 1121 1104 1127 1110 1098 1139 1089 1053 1056 1056 1043 1064 1061 1056 1090 1071 1089 1065 1050 1071 1063 1062 1038 1054 1069 1041 1032 1042 1076 1064 1011 1006 966 1007 1007 1004 996 995 1052 1035 998 997 992 1013 1040 1002 1002 998 1054 996 1002 1005 1019 1040 1020 1027 1028 1004 973 1004 994 973 943 991 980 985 1005 995 965 986 1006 998 946 949 902 927 947 918 895 903 901 922 942 938 961 944 891 910 858 880 900 895 895 920 905 875 899 877 883 867 865 805 842 876 862 872 873 866 861 842 868 873 855 883 894 875 869 877 888 884 880 829 842 833 831 814 832 836 841 855 857 841 858 868 853 843 805 813 796 799 821 806 824 818 810 804 808 787 831 790 809 799 767 765 765 776 780 794 753 804 772 792 794 800 820 766 809 788 796 806 805 772 773 804 776 781 757 739 737 753 760 775 780 751 745 734 766 740 739 738 743 750 752 766 718 723 732 746 752 751 756 725 746 780 705 683 716 721 726 751 751 729 714 719 767 727 747 726 685 714 716 716 703 742 738 736 730 716 701 704 728 711 705 716 722 719 731 687 694 729 727 713 702 692 684 653 644 683 682 645 640 643 654 664 655 668 691 666 653 648 665 655 663 658 632 657 635 612 618 619 627 627 642 657 661 622 631 643 659 646 644 630 635 650 647 630 601 650 637 598 634 643 604 626 597 597 575 585 600 585 591 592 591 581 592 589 613 622 609 602 605 591 580 601 597 594 621 614 594 610 589 586 561 554 558 550 531 538 572 572 579 561 585 547 537 543 588 583 583 612 584 593 589 547 586 601 610 599 566 617 570 616 606 588 576 592 593 573 600 592 595 587 587 574 610 594 602 603 609 581 586 594 616 595 606 592 627 612 619 632 612 639 648 628 675 690 736 715 749 749 791 802 805 807 822 846 861 873 876 931 979 913 954 920 950 962 971 980 1016 1016 1022 1079 1109 1079 1098 1090 1123 1122 1128 1122 1151 1124 1173 1190 1191 1244 1253 1277 1257 1215 1253 1258 1264 1278 1303 1306 1274 1289 1294 1319 1311 1414 1370 1331 1366 1363 1374 1309 1397 1356 1391 1402 1377 1352 1371 1359 1412 1356 1418 1438 1441 1477 1479 1480 1455 1489 1489 1479 1525 1430 1479 1467 1472 1465 1466 1515 1547 1557 1524 1525 1465 1483 1472 1489 1489 1500 1497 1493 1489 1505 1508 1549 1521 1568 1536 1551 1561 1551 1550 1562 1543 1484 1495 1550 1501 1504 1484 1500 1496 1539 1498 1546 1563 1536 1511 1480 1494 1477 1480 1526 1490 1488 1475 1513 1467 1473 1498 1502 1516 1452 1495 1508 1435 1457 1470 1443 1459 1466 1437 1475 1443 1485 1497 1497 1513 1468 1471 1530 1460 1441 1527 1483 1483 1464 1466 1494 1460 1442 1428 1401 1349 1396 1393 1432 1434 1413 1409 1412 1414 1452 1462 1458 1377 1429 1393 1373 1389 1450 1410 1408 1390 1405 1382 1338 1328 1360 1325 1332 1355 1312 1319 1306 1323 1321 1350 1340 1362 1419 1381 1352 1356 1338 1331 1329 1298 1248 1280 1310 1298 1295 1288 1276 1281 1264 1256 1312 1310 1246 1277 1260 1264 1237 1283 1271 1297 1248 1263 1240 1280 1227 1218 1253 1204 1220 1225 1248 1216 1232 1242 1242 1275 1245 1282 1267 1240 1171 1185 1204 1157 1157 1155 1172 1183 1217 1188 1213 1168 1194 1177 1217 1232 1198 1196 1160 1192 1185 1207 1201 1203 1164 1145 1161 1142 1120 1153 1134 1111 1163 1144 1144 1134 1147 1143 1114 1141 1170 1148 1167 1166 1135 1079 1125 1114 1071 1090 1089 1053 1086 1081 1077 1096 1105 1087 1118 1114 1123 1142 1104 1124 1097 1100 1116 1088 1094 1080 1112 1083 1110 1120 1118 1114 1125 1067 1065 1048 1032 1053 1037 1046 1060 1051 1040 1044 1058 1041 1027 987 1003 1027 962 1033 979 1011 1044 991 1012 1007 1051 982 1041 994 1030 1039 1063 1055 1049 1058 1037 1037 1057 1047 987 965 1012 1033 994 1018 968 971 949 959 940 969 995 970 1009 961 956 932 909 943 1018 987 967 933 983 966 945 956 1026 1008 1015 989 961 916 951 899 907 887 893 910 901 922 894 920 893 894 921 856 866 864 892 913 909 910 893 864 881 891 890 889 863 908 876 869 835 834 834 847 876 870 887 882 871 877 918 895 867 867 875 855 859 841 853 816 893 843 867 852 834 840 881 842 873 818 850 843 812 851 861 831 812 815 813 810 827 793 799 796 823 830 801 794 797 849 861 807 830 799 827 842 847 806 767 764 787 776 791 801 753 804 795 799 788 810 819 809 799 813 803 799 796 808 809 808 797 775 771 790 772 793 789 782 803 825 796 798 771 781 775 771 768 746 743 755 739 727 743 742 742 752 753 773 772 758 748 731 763 743 753 787 772 758 744 721 754 764 716 706 689 707 712 724 689 720 729 739 753 703 722 691 676 670 640 670 669 658 675 685 684 670 708 711 708 698 684 663 705 672 701 736 714 704 731 668 694 709 673 695 696 708 684 705 669 667 693 650 665 688 681 686 638 648 653 680 704 644 633 635 670 657 672 663 622 675 655 718 665 664 675 681 686 659 645 626 621 640 667 657 613 622 629 649 633 635 645 592 596 598 623 645 626 651 642 643 613 608 617 599 608 623 613 613 615 633 615 621 605 617 651 633 640 661 638 643 618 601 624 633 626 604 602 618 606 603 618 600 646 613 609 606 583 599 582 576 621 601 579 591 611 608 612 632 628 630 637 623 595 582 604 608 619 621 623 612 607 601 580 579 599 571 583 568 587 595 588 583 597 614 634 637 632 600 588 591 570 571 546 559 573 559 582 566 558 589 568 572 590 578 597 584 571 563 558 537 538 558 541 535 521 537 558 561 550 545 560 552 563 569 565 553 540 543 552 529 551 534 548 554 529 537 520 523 502 509 516 524 519 512 510 485 483 481 476 470 495 498 497 504 518 508 528 539 530 505 501 516 489 494 464 481 498 479 514 525 472 509 523 497 499 523 533 526 504 493 512 522 521 498 480 489 504 514 509 506 536 503 513 508 511 502 511 504 512 499 510 514 511 527 516 511 501 507 494 476 498 492 491 511 485 486 507 497 480 479 518 505 510 515 513 528 512 519 508 491 498 486 456 449 452 452 443 465 445 462 459 474 493 475 481 467 482 467 448 449 442 434 453 450 457 437 443 448 449 416 437 451 449 470 454 494 488 492 483 493 484 477 479 467 469 471 466 447 421 442 436 476 469 434 441 468 458 445 472 459 482 437 435 434 438 414 389 384 417 408 403 401 390 408 393 420 426 422 431 420 436 427 426 440 445 458 410 432 416 414 419 464 451 449 451 448 445 469 475 462 480 452 456 448 459 435 434 408 403 410 408 430 433 438 413 435 435 417 423 409 434 454 447 437 409 414 398 404 410 409 403 373 384 417 405 392 406 426 398 405 376 379 380 383 373 390 386 387 396 401 396 405 392 403 406 428 408 418 414 438 429 416 422 400 400 404 400 364 393 381 392 377 397 386 410 400 398 399 431 406 411 413 426 435 417 420 405 399 412 421 400 389 383 386 397 372 388 410 406 401 401 388 383 420 404 383 390 389 423 414 437 432 410 401 396 395 372 386 366 398 380 388 380 384 373 381 369 362 388 397 383 407 400 393 385 376 370 379 384 384 386 378 387 332 343 358 357 358 347 351 379 350 343 342 359 338 338 350 313 325 333 346 359 356 355 364 399 404 367 380 375 368 382 361 353 341 341 356 364 385 348 355 358 366 359 364 384 383 373 373 361 380 343 340 363 370 362 369 367 362 377 377 401 392 357 371 368 383 372 406 412 401 404 430 418 449 445 450 463 466 497 521 500 532 542 581 619 610 647 656 639 652 667 706 728 734 721 758 770 781 795 796 793 828 831 865 893 927 950 968 988 957 996 970 988 1014 1020 1023 1020 1026 1002 1045 1038 1070 1048 1069 1105 1142 1175 1192 1149 1212 1186 1197 1195 1268 1223 1194 1193 1262 1220 1216 1247 1248 1270 1258 1246 1241 1253 1252 1228 1273 1239 1280 1290 1268 1300 1312 1294 1291 1308 1290 1332 1350 1345 1343 1340 1304 1394 1355 1383 1348 1411 1384 1384 1386 1412 1371 1343 1359 1323 1335 1328 1372 1341 1366 1304 1285 1347 1348 1308 1350 1410 1395 1395 1393 1381 1398 1395 1385 1415 1411 1406 1382 1381 1404 1373 1376 1397 1390 1410 1415 1410 1382 1391 1409 1417 1372 1377 1365 1370 1342 1315 1360 1360 1358 1335 1346 1337 1356 1344 1369 1335 1339 1345 1309 1352 1352 1293 1302 1239 1279 1334 1348 1308 1302 1306 1301 1308 1305 1317 1349 1319 1328 1379 1320 1345 1329 1295 1300 1313 1260 1221 1259 1252 1258 1275 1287 1260 1289 1281 1257 1219 1251 1238 1257 1203 1203 1203 1197 1185 1183 1223 1239 1214 1239 1230 1219 1191 1210 1176 1217 1219 1230 1220 1232 1228 1191 1169 1222 1191 1161 1178 1166 1195 1158 1141 1186 1202 1223 1259 1266 1227 1209 1210 1170 1187 1172 1193 1189 1142 1152 1188 1152 1151 1142 1173 1164 1161 1171 1133 1134 1143 1139 1146 1141 1160 1154 1144 1111 1137 1156 1155 1104 1109 1089 1084 1052 1064 1081 1121 1135 1127 1120 1154 1119 1109 1122 1116 1129 1118 1130 1091 1144 1139 1107 1088 1087 1141 1112 1099 1093 1075 1082 1090 1081 1053 1037 1067 1059 1059 1075 1096 1112 1101 1112 1070 1080 1101 1067 1083 1082 1065 1113 1061 1044 1016 1022 1020 1019 1037 1025 998 1000 1048 1026 1030 1019 1022 1019 980 943 954 989 945 982 979 962 969 935 941 957 972 989 964 986 1010 989 997 972 965 968 909 948 947 935 929 861 858 918 909 947 938 945 881 887 903 948 905 907 905 924 926 906 942 946 900 863 885 874 914 902 938 913 914 863 867 889 903 914 923 927 940 920 921 947 923 921 870 906 860 903 880 883 910 858 862 837 818 863 819 817 798 801 803 809 797 772 835 814 811 833 812 834 836 840 871 836 854 835 810 811 809 798 780 783 798 834 820 841 848 851 846 845 810 834 810 811 791 780 790 801 784 798 815 821 844 842 839 818 790 808 760 790 778 773 768 775 788 764 762 723 713 740 745 738 755 747 742 750 747 731 715 764 751 705 735 757 755 781 751 746 727 724 711 748 722 709 730 740 723 712 765 739 743 757 762 749 760 757 756 731 747 743 731 726 726 737 726 710 716 724 737 760 757 697 683 726 697 703 684 696 686 671 702 668 684 691 695 685 694 696 676 684 644 662 690 694 687 675 679 669 695 667 681 677 666 699 690 690 672 656 682 672 671 672 668 685 645 662 667 639 622 638 678 654 659 648 662 645 639 654 685 681 646 660 614 623 654 648 645 657 656 602 608 622 643 630 616 660 684 649 669 644 637 628 652 650 670 652 646 655 678 645 646 649 667 673 647 612 631 606 602 604 567 578 577 587 571 594 581 573 579 624 634 629 622 605 617 642 605 598 583 581 575 593 580 582 569 591 601 596 603 574 562 589 573 570 566 591 603 577 590 603 591 564 589 558 602 590 566 569 585 600 598 591 564 578 562 563 536 561 546 563 584 585 577 575 591 568 577 569 549 543 536 506 517 537 531 511 535 532 556 545 537 531 549 542 531 530 540 570 558 549 564 577 559 556 565 578 549 550 570 568 576 566 591 565 531 583 529 592 577 584 572 577 551 589 580 596 556 577 551 568 590 633 586 613 653 642 672 680 715 718 722 746 732 764 754 784 813 868 852 847 875 868 886 923 918 917 949 955 984 1056 1025 1018 1029 1070 1117 1156 1161 1119 1162 1179 1164 1210 1184 1208 1196 1220 1212 1227 1261 1248 1238 1269 1245 1285 1266 1299 1267 1304 1317 1288 1323 1351 1343 1387 1399 1413 1386 1360 1371 1402 1407 1429 1396 1429 1420 1402 1368 1441 1428 1392 1449 1460 1487 1483 1458 1532 1483 1490 1459 1474 1457 1484 1478 1545 1547 1535 1507 1532 1506 1474 1512 1540 1541 1521 1431 1503 1475 1488 1544 1515 1499 1518 1498 1538 1473 1526 1503 1475 1548 1538 1524 1549 1520 1570 1496 1530 1548 1562 1585 1542 1540 1604 1580 1592 1587 1544 1515 1529 1514 1546 1529 1520 1508 1514 1544 1490 1509 1521 1466 1489 1538 1531 1529 1530 1538 1556 1477 1503 1484 1454 1475 1505 1489 1476 1504 1483 1474 1476 1468 1473 1502 1466 1451 1427 1416 1456 1420 1467 1433 1444 1406 1389 1387 1427 1484 1429 1465 1452 1417 1447 1470 1439 1444 1463 1429 1445 1480 1466 1426 1435 1452 1441 1447 1404 1409 1383 1366 1361 1337 1316 1302 1328 1316 1315 1331 1348 1365 1353 1330 1351 1355 1367 1373 1393 1344 1367 1335 1344 1312 1377 1396 1358 1375 1368 1390 1376 1335 1359 1333 1343 1325 1344 1361 1331 1334 1308 1283 1301 1319 1334 1341 1296 1314 1356 1327 1327 1337 1298 1326 1322 1306 1325 1297 1293 1228 1215 1217 1227 1249 1219 1234 1264 1241 1189 1201 1206 1194 1225 1228 1249 1251 1220 1222 1221 1225 1219 1195 1215 1183 1206 1182 1167 1173 1169 1175 1190 1175 1203 1157 1177 1179 1132 1150 1165 1194 1129 1126 1125 1080 1107 1126 1130 1138 1115 1118 1129 1141 1153 1130 1106 1115 1130 1141 1154 1187 1173 1161 1139 1130 1143 1094 1163 1134 1132 1134 1112 1106 1111 1079 1112 1113 1111 1102 1090 1073 1037 1029 1021 1030 1038 1054 1041 1101 1058 1086 1072 1058 1048 1071 1071 1102 1079 1099 1115 1064 1051 1085 1034 997 1056 1031 1032 1080 1071 1065 1028 1009 1022 1028 1025 1028 1016 1004 960 1011 995 1019 1030 1053 1055 1023 1007 969 970 1007 1013 980 1007 979 957 966 931 952 989 1033 1003 972 997 980 981 1024 985 980 1016 1003 960 946 925 961 925 962 944 910 881 931 920 904 936 930 886 921 903 911 932 917 890 908 925 979 924 947 955 982 932 947 965 957 945 927 944 954 919 879 914 892 897 908 857 877 870 887 890 892 901 871 867 876 889 853 829 844 846 898 896 855 832 840 815 860 833 805 836 832 825 803 840 848 857 860 859 849 874 817 866 835 806 816 779 817 828 816 845 789 771 807 785 808 831 830 804 793 764 818 784 794 820 855 822 818 841 831 830 843 886 886 867 863 901 875 852 834 805 811 790 797 785 792 764 794 813 811 786 789 782 814 788 759 770 783 757 779 770 760 766 764 770 767 778 772 709 752 769 787 799 781 777 778 818 783 805 788 776 764 777 794 795 771 804 771 753 782 751 776 804 773 769 758 753 785 768 769 752 785 731 763 765 759 726 740 711 714 688 695 697 699 704 739 699 713 704 686 681 736 713 719 743 748 769 736 747 749 755 749 712 749 706 732 732 696 686 672 689 669 694 700 731 733 714 718 722 715 700 705 703 707 718 713 698 700 679 673 689 696 724 739 730 715 693 693 724 686 713 696 673 701 721 701 689 681 670 691 636 648 661 660 662 645 652 663 645 639 654 660 640 626 662 650 679 687 697 666 633 637 629 602 613 602 598 604 641 602 591 624 599 591 610 606 602 620 609 633 629 631 656 676 667 664 628 644 608 654 618 591 612 642 626 613 639 625 627 632 650 649 651 631 626 638 624 653 681 660 629 644 659 672 680 672 719 705 714 730 712 708 732 733 733 744 769 791 825 838 818 839 840 877 917 918 949 957 957 962 1012 1030 1019 1046 1002 1029 1053 1090 1107 1131 1150 1195 1188 1201 1135 1210 1206 1267 1268 1200 1250 1273 1316 1297 1230 1278 1254 1323 1317 1341 1414 1425 1398 1371 1420 1395 1430 1397 1394 1443 1489 1503 1506 1468 1427 1436 1410 1424 1524 1499 1519 1510 1547 1540 1513 1530 1592 1586 1547 1561 1544 1498 1573 1589 1592 1567 1567 1537 1530 1507 1528 1494 1525 1537 1549 1526 1553 1550 1565 1594 1565 1515 1541 1474 1491 1522 1512 1544 1491 1547 1550 1609 1634 1623 1534 1558 1599 1545 1561 1545 1526 1544 1545 1555 1537 1550 1602 1570 1556 1553 1515 1534 1510 1509 1535 1537 1506 1514 1544 1568 1592 1507 1548 1523 1540 1534 1529 1497 1512 1511 1520 1492 1508 1461 1509 1495 1468 1494 1558 1481 1502 1500 1547 1491 1489 1428 1464 1462 1502 1505 1506 1503 1520 1549 1547 1507 1456 1535 1498 1489 1477 1484 1512 1517 1477 1487 1509 1503 1474 1490 1501 1485 1472 1430 1465 1407 1404 1466 1457 1433 1410 1432 1368 1393 1424 1409 1389 1354 1361 1363 1400 1413 1394 1427 1411 1391 1418 1421 1377 1388 1422 1390 1357 1366 1368 1318 1306 1292 1351 1350 1362 1334 1363 1349 1355 1373 1342 1338 1404 1360 1373 1383 1357 1356 1373 1325 1367 1330 1391 1334 1341 1303 1312 1298 1317 1351 1331 1320 1304 1274 1268 1219 1206 1217 1279 1294 1314 1286 1308 1304 1288 1302 1297 1263 1272 1264 1290 1262 1243 1235 1242 1257 1237 1268 1288 1229 1236 1232 1269 1244 1237 1238 1230 1269 1246 1230 1211 1212 1218 1214 1223 1207 1227 1193 1168 1176 1183 1169 1170 1174 1207 1169 1188 1188 1112 1161 1166 1135 1145 1162 1147 1190 1160 1180 1145 1178 1211 1193 1159 1164 1148 1168 1149 1128 1123 1108 1112 1104 1104 1084 1097 1126 1112 1138 1112 1124 1079 1045 1080 1124 1088 1105 1140 1081 1072 1073 1069 1100 1125 1109 1141 1137 1139 1083 1092 1059 1075 1045 1069 1039 1056 1047 1044 1068 1062 1065 1089 1091 1086 1049 1066 1064 1055 1071 1087 1034 1071 1059 1049 1075 1066 1108 1069 1059 1063 1066 1065 1039 1030 1046 1021 1024 985 977 1021 1020 982 1001 1005 1053 1019 996 993 1016 1026 1022 1007 994 1018 1032 1019 1035 1006 1042 1017 964 999 991 1000 993 991 964 963 955 954 1007 970 967 997 997 1001 981 949 960 967 950 992 1007 985 974 971 963 965 935 958 973 951 969 945 964 913 900 919 910 944 897 929 983 945 926 949 916 914 953 961 943 943 894 935 920 906 933 918 917 894 876 886 902 909 903 869 878 884 895 902 894 877 850 879 886 881 884 906 942 888 903 939 957 934 946 896 939 929 928 910 897 902 891 861 890 864 877 887 889 862 915 925 889 900 900 905 899 900 888 860 857 903 872 859 871 859 880 887 882 835 839 818 829 808 789 822 786 818 814 802 815 810 816 834 792 808 825 813 814 785 775 779 754 753 805 805 824 816 838 799 840 858 872 858 852 808 825 787 825 851 815 797 777 796 818 838 811 813 786 725 724 726 763 793 793 788 791 796 812 789 768 779 811 785 710 732 742 736 769 752 737 801 779 752 724 727 736 774 735 721 766 752 747 763 730 717 725 701 758 749 761 743 736 730 759 787 772 780 799 795 785 800 762 744 738 764 749 737 745 725 735 731 715 703 730 723 729 702 733 695 708 740 722 718 726 701 718 705 727 686 712 748 712 706 707 707 705 726 698 736 714 712 697 704 678 691 717 688 698 694 681 680 674 675 682 701 680 713 704 686 705 700 663 689 669 684 649 669 677 697 667 673 702 688 676 676 667 653 636 649 661 639 674 645 610 646 649 630 634 689 688 671 631 649 663 659 690 670 660 688 702 686 662 685 688 645 699 673 679 688 671 681 674 667 654 662 649 674 684 703 645 643 628 637 630 636 627 636 636 651 624 671 650 630 649 625 617 622 635 616 614 624 648 614 619 624 611 612 621 644 618 613 626 612 625 597 602 577 591 573 565 561 591 604 599 608 619 585 607 629 630 649 630 612 606 590 610 560 564 562 547 574 572 601 608 597 598 632 625 639 609 591 604 588 585 619 570 596 564 563 581 613 595 569 568 595 582 585 575 582 615 610 619 636 640 622 583 588 599 589 587 618 599 583 593 597 572 566 585 582 598 578 598 612 604 561 576 568 576 590 562 563 597 544 553 581 598 603 616 645 650 652 624 615 605 632 648 669 668 650 687 728 732 770 760 804 806 828 810 829 816 856 858 867 900 907 916 924 961 956 1003 992 983 1030 1065 1064 1061 1071 1091 1143 1108 1154 1133 1146 1125 1172 1188 1207 1198 1182 1241 1305 1288 1269 1278 1276 1291 1315 1346 1313 1396 1377 1374 1395 1373 1403 1380 1426 1389 1448 1474 1419 1412 1442 1455 1550 1458 1494 1476 1465 1453 1507 1487 1513 1546 1513 1522 1521 1514 1500 1531 1531 1569 1561 1527 1501 1469 1471 1491 1462 1505 1409 1421 1389 1452 1429 1469 1502 1486 1557 1550 1516 1525 1506 1525 1595 1574 1550 1507 1560 1577 1515 1516 1554 1576 1561 1542 1549 1601 1551 1560 1563 1552 1542 1530 1547 1498 1538 1550 1530 1498 1515 1516 1509 1532 1508 1491 1478 1513 1494 1504 1487 1545 1539 1519 1507 1557 1571 1553 1553 1565 1575 1545 1523 1491 1559 1492 1529 1546 1512 1518 1478 1477 1516 1534 1566 1524 1569 1528 1520 1493 1474 1438 1488 1524 1482 1430 1420 1441 1422 1369 1395 1394 1431 1453 1418 1410 1418 1422 1413 1456 1463 1451 1440 1406 1402 1451 1391 1336 1371 1406 1369 1397 1373 1415 1391 1373 1366 1410 1390 1340 1339 1337 1355 1339 1339 1353 1381 1405 1399 1417 1419 1390 1364 1346 1365 1377 1391 1376 1385 1324 1336 1290 1352 1346 1357 1323 1302 1326 1269 1290 1321 1307 1314 1303 1310 1341 1305 1304 1263 1270 1289 1277 1235 1268 1227 1238 1219 1216 1258 1264 1255 1261 1251 1195 1234 1189 1187 1204 1195 1187 1157 1192 1184 1186 1171 1200 1197 1252 1146 1139 1201 1200 1216 1211 1194 1173 1191 1196 1194 1226 1204 1216 1184 1200 1191 1206 1158 1158 1165 1128 1174 1128 1125 1120 1190 1187 1190 1171 1167 1123 1159 1138 1150 1140 1149 1094 1146 1095 1101 1088 1089 1143 1142 1181 1154 1148 1165 1150 1156 1105 1098 1135 1098 1108 1071 1156 1133 1121 1137 1153 1143 1157 1147 1148 1151 1166 1106 1137 1100 1108 1098 1083 1100 1084 1121 1092 1096 1069 1065 1094 1134 1066 1060 1100 1102 1120 1091 1077 1095 1098 1066 1094 1105 1097 1107 1075 1089 1087 1124 1151 1130 1105 1093 1073 1029 1023 1090 1106 1101 1079 1086 1027 1071 1054 1071 1082 1085 1034 1045 1020 991 986 1000 960 968 968 940 988 967 980 976 977 1024 998 976 968 951 1018 973 1008 976 945 979 981 994 1020 970 960 962 975 963 967 981 1038 993 1017 1016 1023 1026 1072 1033 995 1054 993 991 1002 981 992 967 979 973 993 1002 994 993 957 963 937 909 888 952 906 921 911 912 950 922 926 900 910 862 894 918 916 908 893 901 924 919 881 896 913 892 910 912 899 858 879 908 919 885 896 903 894 917 917 897 920 938 953 934 909 918 919 869 898 873 834 860 881 819 842 854 862 857 859 817 820 821 828 818 856 828 839 797 804 844 853 828 801 837 829 837 805 791 812 838 829 814 770 798 812 834 862 869 875 865 824 837 800 820 825 804 795 791 811 815 826 809 823 819 812 776 808 768 766 811 780 825 789 790 793 799 796 805 760 790 785 787 813 798 779 785 791 782 794 815 798 785 816 790 868 826 823 775 814 797 818 854 818 802 821 830 805 797 823 815 784 804 798 777 768 782 790 818 771 784 776 777 771 744 748 788 766 750 701 723 754 747 706 715 725 691 722 726 736 758 740 735 736 741 723 699 713 725 681 741 735 723 717 720 723 719 725 744 720 724 731 709 692 719 713 687 674 688 669 668 660 665 640 641 670 668 672 698 682 662 637 641 665 669 668 687 699 710 682 670 688 696 709 722 667 710 710 676 701 695 694 667 685 671 627 672 660 662 641 655 669 656 641 656 697 674 670 654 686 667 666 684 671 674 681 681 671 678 685 683 713 658 664 698 738 694 702 721 697 716 690 686 684 683 665 653 633 649 641 654 659 680 655 672 704 674 689 689 707 711 663 660 673 670 668 666 675 688 674 642 675 648 692 663 677 658 653 647 632 647 659 604 635 623 627 614 631 628 661 656 683 672 685 674 681 659 654 638 642 630 633 620 662 661 621 637 606 618 603 597 584 558 591 618 617 605 601 593 573 558 576 607 577 613 597 606 602 558 581 583 573 560 587 590 590 603 609 608 598 605 611 613 617 615 615 586 609 646 597 593 601 608 575 596 608 644 615 625 624 608 601 585 586 561 565 561 552 558 536 576 583 557 560 576 568 545 558 560 577 576 601 606 587 588 593 553 578 571 565 580 566 536 545 533 551 541 554 561 567 610 558 559 562 556 570 575 582 580 556 574 565 596 551 538 561 576 582 557 576 579 572 548 607 572 585 611 583 560 560 563 586 550 554 560 569 546 547 531 523 530 528 529 578 544 567 575 563 555 594 559 580 572 598 580 514 547 554 556 544 552 549 570 565 552 550 553 529 526 521 544 511 538 531 539 505 539 497 512 512 527 520 543 557 571 562 595 585 578 574 574 547 535 534 512 536 510 522 524 485 525 535 532 531 521 516 514 494 497 462 488 515 510 514 509 466 509 511 516 516 499 491 508 510 517 520 553 529 525 535 537 536 521 536 530 525 547 553 571 545 544 542 590 572 554 546 580 591 584 610 633 673 655 671 660 711 716 731 781 779 765 754 796 772 793 782 805 850 847 873 885 869 931 916 923 938 939 949 933 974 981 1017 1010 1058 1070 1090 1095 1134 1145 1137 1136 1173 1158 1237 1240 1249 1292 1277 1243 1279 1247 1256 1286 1295 1339 1355 1367 1330 1299 1342 1344 1345 1391 1419 1437 1455 1455 1427 1423 1444 1435 1422 1399 1386 1449 1444 1410 1423 1412 1410 1435 1473 1467 1461 1486 1504 1502 1525 1563 1556 1524 1520 1512 1548 1530 1506 1480 1515 1498 1476 1462 1458 1469 1496 1496 1519 1495 1521 1494 1426 1464 1509 1524 1494 1463 1496 1483 1478 1471 1470 1472 1512 1529 1480 1555 1519 1514 1466 1522 1477 1446 1475 1485 1486 1480 1520 1542 1540 1514 1466 1497 1543 1506 1552 1531 1489 1531 1499 1499 1461 1461 1461 1514 1497 1486 1501 1484 1474 1500 1456 1540 1536 1532 1512 1520 1545 1521 1487 1506 1445 1447 1470 1439 1447 1440 1454 1453 1464 1444 1446 1433 1473 1444 1409 1427 1435 1388 1429 1400 1368 1459 1429 1414 1387 1359 1378 1375 1339 1341 1401 1436 1411 1472 1498 1444 1420 1419 1383 1341 1335 1325 1345 1370 1383 1414 1419 1383 1374 1359 1361 1366 1353 1332 1299 1300 1292 1313 1234 1272 1293 1358 1340 1375 1336 1343 1354 1315 1302 1289 1302 1301 1279 1253 1303 1286 1345 1335 1306 1310 1268 1298 1300 1287 1301 1265 1275 1243 1247 1252 1233 1236 1223 1241 1236 1285 1289 1302 1257 1189 1261 1248 1244 1216 1204 1199 1222 1257 1213 1216 1203 1256 1194 1222 1214 1260 1224 1227 1166 1178 1176 1192 1190 1166 1176 1197 1200 1142 1171 1176 1168 1126 1082 1077 1149 1131 1147 1139 1161 1134 1127 1139 1163 1143 1161 1164 1160 1193 1201 1146 1132 1161 1126 1121 1091 1119 1098 1129 1075 1029 1050 1079 1081 1079 1121 1065 1040 1061 1068 1082 1088 1058 1059 1089 1109 1090 1086 1054 1069 1077 1088 1069 1048 1076 1042 1063 1055 1064 1047 1028 1025 1018 1022 1063 1059 1024 1039 1024 997 999 1038 1028 1013 992 1032 1009 1061 1054 1037 1052 1048 1056 1059 1057 1026 1029 1050 1026 1009 1001 975 1005 1050 1011 996 1000 1020 1016 1011 1035 994 957 975 997 1011 989 961 1032 966 976 985 1006 983 976 970 996 947 958 957 941 955 982 934 946 952 928 954 934 944 957 925 949 939 939 955 973 969 931 921 905 937 938 928 914 926 921 950 921 879 873 931 906 894 911 920 917 932 918 936 911 903 928 948 929 931 906 903 876 909 902 909 890 864 907 874 888 884 890 843 866 865 852 861 830 861 872 881 853 855 843 856 839 858 832 842 866 846 872 832 824 823 842 824 829 864 859 801 822 837 838 845 832 838 836 845 857 794 806 804 815 788 794 807 813 767 806 819 814 838 865 851 827 830 833 820 853 826 828 814 826 790 817 856 869 883 836 805 816 788 785 760 800 785 758 768 772 769 754 809 783 767 815 784 781 818 794 767 794 793 829 798 806 772 795 783 776 756 768 798 800 821 826 820 777 761 736 727 740 770 758 754 700 714 741 747 767 767 745 757 784 767 752 763 790 779 824 794 762 772 755 780 785 817 808 779 747 763 742 738 729 728 724 719 719 702 700 736 723 748 723 718 718 718 699 704 692 685 706 737 712 722 713 740 762 761 725 704 757 746 712 696 728 727 704 673 690 676 686 685 678 684 675 668 652 673 678 680 690 661 667 673 687 674 699 671 685 685 699 678 654 670 660 662 680 661 672 652 662 640 677 660 664 647 654 656 675 662 654 685 692 699 679 652 686 680 689 684 663 654 660 662 676 677 666 692 655 662 654 669 683 664 692 698 703 701 692 698 663 677 683 681 669 659 683 692 726 704 681 686 655 679 697 663 650 674 659 650 659 690 675 660 660 658 654 645 643 648 638 623 619 624 603 620 627 648 660 629 642 637 652 643 694 628 661 618 642 615 597 603 601 595 620 625 612 613 604 624 623 615 593 576 573 594 606 611 619 588 604 599 586 604 577 586 597 616 619 647 605 621 637 600 614 603 596 604 612 587 609 592 577 566 576 573 561 581 604 619 596 632 624 598 590 612 574 582 605 620 600 596 591 592 614 597 598 624 571 569 571 560 570 551 552 561 544 566 571 600 578 604 593 577 564 582 553 563 546 519 530 544 520 548 553 560 576 547 552 555 526 542 554 580 572 547 514 557 512 532 529 526 539 526 534 549 536 536 567 538 516 533 553 551 556 547 558 546 563 576 582 590 548 592 570 562 604 563 548 562 541 551 

