Realization 0:
	ActiveActor 0:
		1 
	PassiveActor 1:
		MolID 0:
			Count:
				10 10 10 10 10 10 10 10 10 10 10 10 10 10 10 10 10 10 10 10 10 10 10 10 10 10 10 10 10 10 10 10 10 10 10 10 10 10 10 10 10 10 10 10 10 10 10 10 10 10 10 10 10 10 10 10 10 10 10 10 10 10 10 10 10 10 10 10 10 10 10 10 10 10 10 10 10 10 10 10 10 10 10 10 10 10 10 10 10 10 10 10 10 10 10 10 10 10 10 10 10 10 10 10 10 10 10 10 10 10 10 10 10 10 10 10 10 10 10 10 10 10 10 10 10 10 10 10 10 10 10 10 10 10 10 10 10 10 10 10 10 10 10 10 10 10 10 10 10 10 10 10 10 10 10 10 10 10 10 10 10 10 10 10 10 10 10 10 10 10 10 10 10 10 10 10 10 10 10 10 10 10 10 10 10 10 10 10 10 10 10 10 10 10 10 10 10 10 10 10 10 10 10 10 10 10 10 10 10 10 10 10 10 10 10 10 10 10 10 10 10 10 10 10 10 10 10 10 10 10 10 10 10 10 10 10 10 10 10 10 10 10 10 10 10 10 10 10 10 10 10 10 10 10 10 10 10 10 10 10 10 10 10 10 10 10 10 10 10 10 10 10 10 10 10 10 10 10 10 10 10 10 10 10 10 10 10 10 10 10 10 10 10 10 10 10 10 10 10 10 10 10 10 10 10 10 10 10 10 10 10 10 10 10 10 10 10 10 10 10 10 10 10 10 10 10 10 10 10 10 10 10 10 10 10 10 10 10 10 10 10 10 10 10 10 10 10 10 10 10 10 10 10 10 10 10 10 10 10 10 10 10 10 10 10 10 10 10 10 10 10 10 10 10 10 10 10 10 10 10 10 10 10 10 10 10 10 10 10 10 10 10 10 10 10 10 10 10 10 10 10 10 10 10 10 10 10 10 10 10 10 10 10 10 10 10 10 10 10 10 10 10 10 10 10 10 10 10 10 10 10 10 10 10 10 10 10 10 10 10 10 10 10 10 10 10 10 10 10 10 10 10 10 10 10 10 10 10 10 10 10 10 10 10 10 10 10 10 10 10 10 10 10 10 10 10 10 10 10 10 10 10 10 10 10 10 10 10 10 10 10 10 10 10 10 10 10 10 10 10 
			Position:
				((9.898003e-06, 2.140148e-06, 5.669646e-07) (1.045552e-06, 6.135720e-06, 1.224364e-07) (5.578705e-07, 2.487125e-06, 1.469415e-07) (6.947768e-06, 8.772968e-06, 7.434814e-08) (2.283091e-06, 7.645848e-07, 3.162252e-07) (9.610924e-06, 3.916767e-06, 2.880835e-07) (9.228679e-06, 9.045559e-07, 2.905197e-07) (7.869346e-06, 1.393075e-06, 4.649013e-07) (5.790794e-06, 1.072673e-06, 6.869878e-07) (4.763772e-07, 8.070064e-06, 5.084841e-07) )
				((9.808311e-06, 4.005215e-06, 1.835330e-07) (9.985919e-06, 2.066170e-06, 6.402161e-07) (8.894330e-08, 2.107590e-06, 1.540050e-07) (2.125415e-06, 6.801811e-07, 6.229111e-07) (9.770715e-06, 1.582349e-07, 5.126563e-07) (7.755195e-06, 1.791749e-06, 6.611122e-07) (5.706036e-06, 1.637062e-06, 1.278461e-08) (6.537593e-07, 8.176187e-06, 9.613625e-07) (6.150886e-07, 6.217023e-06, 9.029730e-08) (6.939722e-06, 8.216894e-06, 2.307924e-08) )
				((1.756381e-06, 2.741945e-07, 7.111279e-07) (1.900296e-07, 1.510142e-06, 5.733715e-07) (7.808250e-06, 1.110524e-06, 3.909642e-07) (9.504627e-06, 2.102665e-06, 1.953080e-08) (9.898062e-06, 1.293104e-09, 4.085146e-07) (5.102733e-06, 1.979707e-06, 1.857200e-08) (9.085648e-06, 4.307277e-06, 4.518444e-08) (6.929762e-07, 8.779488e-06, 5.831659e-07) (7.530786e-07, 5.206693e-06, 2.520524e-07) (6.734643e-06, 8.313229e-06, 2.788251e-07) )
				((8.806698e-06, 4.030052e-06, 3.376043e-07) (9.966700e-06, 2.298329e-06, 5.478499e-07) (9.984862e-06, 3.822233e-08, 1.419924e-07) (7.655830e-06, 1.230873e-06, 8.887330e-07) (7.077232e-08, 1.200004e-06, 7.685398e-07) (1.788229e-06, 6.964056e-10, 6.831262e-08) (4.486329e-06, 8.827443e-07, 3.670642e-07) (1.087817e-06, 9.443499e-06, 5.775665e-07) (2.285322e-08, 5.273032e-06, 3.914139e-08) (7.079447e-06, 8.098059e-06, 5.725035e-07) )
				((3.036441e-07, 1.529265e-06, 9.706333e-07) (1.663838e-06, 4.581752e-07, 2.804812e-08) (4.224278e-06, 1.094069e-06, 1.316978e-07) (9.955665e-06, 1.546918e-07, 3.101059e-07) (9.712449e-06, 2.555426e-06, 1.849075e-07) (8.692929e-06, 4.492299e-06, 8.039270e-07) (7.829434e-06, 1.887877e-06, 7.576126e-07) (9.742560e-07, 8.885147e-06, 6.396620e-07) (2.246916e-07, 4.829582e-06, 5.157586e-07) (6.537532e-06, 8.389694e-06, 3.609212e-07) )
				((2.864245e-07, 1.965989e-06, 8.766501e-07) (1.993178e-06, 5.328197e-07, 7.745711e-07) (9.289691e-06, 2.312136e-06, 2.974602e-07) (9.811366e-06, 1.640584e-07, 6.923247e-07) (4.317908e-06, 3.461640e-07, 4.318441e-08) (8.886829e-06, 4.665424e-06, 9.570157e-07) (6.934114e-06, 1.578582e-06, 1.577709e-07) (5.274518e-08, 8.989192e-06, 5.689588e-07) (5.721678e-08, 4.752163e-06, 5.459119e-08) (7.062484e-06, 8.627137e-06, 3.856731e-07) )
				((1.028676e-06, 2.126908e-07, 8.639938e-07) (4.895962e-07, 2.248073e-06, 5.363467e-07) (9.118990e-06, 2.844857e-06, 4.184716e-07) (9.237481e-06, 2.902749e-07, 1.952462e-07) (4.674582e-06, 5.156854e-08, 4.697408e-07) (8.685310e-06, 5.206956e-06, 9.467802e-07) (6.775876e-06, 1.828210e-06, 8.731613e-07) (3.687720e-07, 8.759938e-06, 4.282953e-07) (4.891690e-08, 5.233619e-06, 3.180658e-07) (7.165675e-06, 8.450917e-06, 9.974177e-07) )
				((9.035153e-06, 7.391713e-07, 3.098316e-07) (7.145185e-06, 1.340820e-06, 5.668157e-07) (1.829336e-06, 4.030875e-08, 6.622068e-07) (8.620902e-07, 2.373794e-06, 8.868392e-07) (8.970855e-06, 2.977832e-06, 1.445029e-07) (4.431172e-06, 5.377698e-07, 5.564374e-07) (9.346215e-06, 5.664671e-06, 6.348408e-07) (1.228443e-07, 9.107825e-06, 2.422849e-07) (4.937656e-07, 5.450554e-06, 3.690175e-07) (6.915889e-06, 8.496590e-06, 7.708470e-07) )
				((7.223140e-06, 7.121542e-07, 3.886258e-07) (9.513957e-06, 9.713690e-07, 2.059386e-07) (1.404686e-06, 2.468830e-07, 4.300156e-08) (8.257185e-07, 3.279487e-06, 6.206595e-07) (8.419377e-06, 3.339687e-06, 4.163721e-07) (3.837177e-06, 5.389956e-08, 5.402646e-07) (9.583315e-06, 6.020917e-06, 8.420603e-07) (3.310327e-07, 9.760974e-06, 3.523968e-07) (3.270731e-07, 5.464563e-06, 7.896437e-07) (6.823352e-06, 8.235689e-06, 7.527066e-07) )
				((8.404932e-06, 3.469343e-06, 4.092293e-07) (9.615468e-06, 1.878965e-06, 4.820404e-07) (8.744441e-07, 5.427505e-06, 9.609192e-07) (3.856572e-07, 2.669083e-06, 9.609809e-07) (6.723011e-06, 8.293528e-07, 7.765348e-07) (2.080383e-06, 5.594374e-08, 8.558955e-07) (4.109811e-06, 1.534227e-09, 7.365208e-07) (8.774225e-06, 6.744576e-06, 8.349252e-07) (8.790036e-07, 9.712053e-06, 4.523082e-07) (7.492771e-06, 8.686823e-06, 9.251606e-07) )
				((3.954975e-06, 4.550511e-08, 3.419583e-07) (1.967096e-06, 4.406577e-08, 5.618131e-07) (9.299355e-06, 1.655923e-06, 3.392843e-08) (8.538322e-06, 3.824359e-06, 1.370806e-07) (1.155985e-06, 4.974745e-06, 4.464866e-07) (4.331073e-07, 2.889306e-06, 3.712498e-07) (6.370984e-06, 1.125476e-06, 2.081324e-07) (9.176176e-06, 6.772906e-06, 2.710892e-07) (8.762585e-07, 8.982033e-06, 2.269810e-07) (7.784325e-06, 8.686865e-06, 7.206069e-07) )
				((6.082111e-06, 1.126613e-06, 1.494572e-07) (4.242552e-06, 3.270878e-08, 8.971499e-07) (1.542513e-06, 3.426000e-07, 9.335826e-08) (4.244774e-07, 3.134159e-06, 3.019892e-07) (1.702105e-06, 5.517113e-06, 5.981001e-07) (9.441839e-06, 1.802636e-06, 5.480740e-08) (8.388138e-06, 3.662792e-06, 1.952366e-07) (9.301022e-06, 6.617528e-06, 9.608003e-07) (6.135325e-07, 8.486959e-06, 2.509593e-07) (8.022893e-06, 8.744763e-06, 7.895985e-07) )
				((9.529834e-06, 1.556777e-06, 3.570129e-07) (8.247259e-06, 3.064337e-06, 7.019908e-08) (6.440464e-06, 5.120779e-07, 1.429342e-08) (4.019082e-06, 5.982676e-07, 8.429070e-07) (1.339625e-06, 4.075230e-07, 1.250657e-07) (5.146836e-07, 3.127968e-06, 3.854708e-07) (1.917972e-06, 5.310829e-06, 6.811923e-07) (9.260805e-06, 6.497005e-06, 4.576157e-07) (9.823034e-07, 8.575514e-06, 2.772490e-08) (8.159877e-06, 8.399185e-06, 9.123655e-07) )
				((1.061916e-06, 1.033021e-06, 1.649852e-07) (2.093079e-07, 2.824483e-06, 4.174129e-07) (8.218184e-06, 3.669792e-06, 9.517878e-07) (9.573735e-06, 1.763629e-06, 3.306237e-07) (6.634630e-06, 6.204318e-07, 3.933383e-08) (3.189960e-06, 5.148825e-07, 4.866071e-07) (1.716446e-06, 5.463095e-06, 6.518161e-07) (9.780832e-06, 6.552011e-06, 9.156608e-07) (7.663660e-07, 8.845303e-06, 3.767840e-07) (7.837156e-06, 8.450556e-06, 6.327508e-07) )
				((2.201258e-07, 2.917262e-06, 4.058001e-07) (1.590420e-07, 8.660685e-07, 2.392558e-07) (8.379358e-06, 3.677302e-06, 8.622650e-07) (9.928702e-06, 1.909634e-06, 3.682921e-07) (6.321835e-06, 1.460060e-06, 2.830360e-07) (3.979457e-06, 4.105876e-07, 7.206643e-07) (1.318032e-06, 6.030843e-06, 3.430447e-07) (9.890164e-06, 6.757993e-06, 9.802296e-07) (3.056714e-07, 8.853190e-06, 4.026208e-08) (7.773767e-06, 8.200443e-06, 9.991165e-07) )
				((9.422618e-06, 2.242184e-06, 6.472728e-07) (8.779616e-06, 4.204487e-06, 2.855716e-07) (1.635523e-07, 3.177308e-06, 3.807234e-07) (3.335103e-07, 7.918472e-07, 5.226928e-08) (6.683141e-06, 8.027676e-07, 8.503869e-07) (4.409542e-06, 8.236532e-07, 5.979168e-07) (1.738313e-06, 6.172742e-06, 1.519773e-07) (9.768936e-06, 7.284573e-06, 8.835485e-07) (8.580494e-07, 8.253570e-06, 5.618687e-07) (6.573084e-06, 8.337629e-06, 8.638010e-07) )
				((5.923998e-08, 2.051099e-06, 6.571920e-07) (6.727557e-07, 3.953018e-06, 5.778018e-07) (4.530830e-06, 7.242468e-08, 4.346218e-07) (6.644958e-06, 8.947844e-07, 2.349039e-07) (9.949915e-06, 1.818369e-06, 2.450573e-07) (8.504186e-06, 4.205991e-06, 1.241732e-07) (1.766732e-06, 5.504073e-06, 4.485240e-07) (8.898395e-06, 7.299476e-06, 9.110949e-07) (2.719106e-07, 7.832721e-06, 7.125459e-07) (6.297835e-06, 8.294760e-06, 6.926418e-07) )
				((8.895835e-06, 3.935469e-06, 4.169596e-09) (9.676735e-06, 2.106054e-06, 2.125808e-07) (2.228296e-08, 6.999734e-06, 9.233848e-07) (1.656152e-06, 6.193676e-06, 1.932307e-07) (3.032330e-07, 2.275624e-06, 9.858264e-07) (7.426458e-07, 4.243768e-06, 6.619233e-07) (4.423206e-06, 2.988473e-07, 1.427917e-07) (6.504561e-06, 1.208465e-06, 2.472434e-07) (9.722169e-06, 6.844061e-06, 7.317599e-07) (5.955843e-06, 8.634584e-06, 8.711167e-07) )
				((1.892771e-06, 7.027444e-06, 1.966884e-10) (6.751771e-08, 6.930807e-06, 8.116604e-07) (3.438018e-07, 1.672386e-06, 6.334595e-07) (4.476397e-07, 4.058487e-06, 9.582293e-07) (9.813645e-06, 2.265321e-06, 3.640198e-07) (8.994995e-06, 4.098956e-06, 2.572231e-07) (3.975257e-06, 4.504779e-07, 2.621644e-07) (6.286658e-06, 8.813561e-07, 8.051244e-07) (9.796411e-06, 7.354091e-06, 8.428222e-07) (5.846451e-06, 8.241109e-06, 9.624691e-07) )
				((1.787834e-06, 7.706086e-06, 1.352158e-07) (3.107311e-08, 7.009151e-06, 5.889303e-07) (4.494607e-07, 1.894866e-06, 1.784721e-07) (1.685926e-07, 3.752410e-06, 8.645063e-07) (9.712585e-06, 1.926373e-06, 9.251903e-08) (9.341958e-06, 3.863812e-06, 4.226195e-07) (4.213706e-06, 8.911115e-07, 1.332153e-07) (6.253418e-06, 1.039434e-06, 3.397706e-07) (9.566902e-06, 7.018825e-06, 6.567609e-07) (6.101588e-06, 8.165122e-06, 5.902730e-07) )
				((1.803264e-06, 7.495006e-06, 1.670441e-07) (1.116542e-07, 6.432637e-06, 2.661692e-07) (9.999666e-06, 2.034002e-06, 6.910404e-07) (9.754863e-06, 4.474972e-06, 4.497432e-07) (3.762543e-07, 1.825914e-06, 2.694405e-07) (1.566592e-07, 3.730395e-06, 9.207210e-07) (3.872332e-06, 9.998039e-07, 4.789273e-07) (6.142153e-06, 1.171966e-06, 6.015637e-07) (9.845934e-06, 7.345300e-06, 4.510015e-07) (5.888815e-06, 8.058644e-06, 4.179619e-07) )
				((8.985624e-07, 1.732492e-06, 1.182604e-07) (6.360741e-08, 3.511812e-06, 4.882169e-07) (1.814303e-06, 7.412524e-06, 9.826289e-07) (1.973653e-07, 5.740736e-06, 9.540102e-07) (9.291376e-06, 2.296548e-06, 4.850718e-07) (9.856767e-06, 4.734511e-06, 3.496595e-07) (3.696031e-06, 1.826908e-06, 4.128779e-07) (6.565293e-06, 1.520220e-06, 5.793089e-07) (9.091205e-06, 7.181493e-06, 3.396234e-07) (6.052022e-06, 8.387690e-06, 1.045227e-07) )
				((9.894218e-06, 5.253952e-06, 2.905003e-07) (8.864860e-06, 7.022734e-06, 7.164058e-07) (1.421428e-06, 7.104427e-06, 2.544026e-07) (5.733856e-07, 5.344441e-06, 9.997719e-07) (1.455116e-07, 3.229546e-06, 2.284962e-07) (8.814210e-07, 7.664996e-07, 3.035459e-07) (9.552043e-06, 2.394793e-06, 8.136371e-07) (3.453775e-06, 1.493229e-06, 9.155844e-07) (6.592406e-06, 7.946425e-07, 6.984696e-07) (5.391831e-06, 8.062599e-06, 5.693995e-07) )
				((1.500437e-06, 1.198674e-06, 4.406050e-08) (8.758923e-07, 3.311622e-06, 2.556815e-08) (2.071915e-07, 5.301443e-06, 4.343954e-07) (9.601033e-06, 5.556239e-06, 3.560793e-07) (8.346019e-06, 7.497726e-06, 4.084987e-07) (9.942056e-07, 7.248592e-06, 7.387543e-07) (9.774967e-06, 2.793129e-06, 6.644730e-07) (3.703609e-06, 1.958783e-06, 8.034487e-07) (5.777993e-06, 3.687383e-07, 5.291473e-07) (4.688498e-06, 8.766818e-06, 5.301668e-07) )
				((1.065652e-07, 5.381879e-06, 2.351177e-07) (1.001099e-06, 3.608053e-06, 4.142313e-09) (8.823473e-06, 7.361816e-06, 2.783478e-07) (9.885938e-06, 5.440601e-06, 3.824978e-08) (6.030180e-06, 4.224629e-07, 4.232035e-07) (4.175622e-06, 1.339341e-06, 5.139193e-07) (1.370844e-06, 1.183367e-06, 2.944531e-07) (1.424319e-06, 7.470647e-06, 5.319224e-07) (9.557246e-06, 2.294000e-06, 3.273037e-07) (4.565449e-06, 8.326478e-06, 3.405448e-07) )
				((1.560321e-06, 1.270550e-06, 7.945600e-07) (1.080806e-06, 3.170140e-06, 1.563899e-07) (6.863249e-08, 5.092759e-06, 1.949068e-07) (4.630803e-06, 9.123677e-07, 5.985481e-08) (6.273987e-06, 1.044998e-07, 8.991259e-07) (9.281101e-06, 7.189793e-06, 1.761622e-07) (9.936292e-06, 4.883370e-06, 2.781052e-07) (1.460166e-06, 6.854102e-06, 9.628868e-07) (9.702180e-06, 2.748600e-06, 2.331045e-08) (4.087667e-06, 8.150933e-06, 5.532130e-07) )
				((1.564895e-06, 6.268830e-06, 4.663761e-08) (4.898542e-07, 4.582835e-06, 5.301818e-09) (1.753942e-06, 3.006555e-06, 2.995196e-07) (6.366075e-06, 3.199543e-07, 8.171433e-07) (4.501042e-06, 9.456275e-07, 1.648325e-07) (8.900650e-06, 6.905945e-06, 6.340499e-07) (9.679480e-06, 4.933545e-06, 5.355028e-07) (1.338430e-06, 7.895381e-07, 7.505642e-07) (9.479481e-06, 2.500341e-06, 3.116224e-07) (3.697311e-06, 8.390185e-06, 5.687997e-07) )
				((9.774205e-06, 3.843671e-06, 9.814699e-08) (8.021263e-06, 2.963086e-06, 6.871450e-08) (8.990753e-07, 6.685518e-07, 3.104830e-07) (5.937147e-07, 2.545844e-06, 9.289709e-07) (1.079065e-06, 6.302354e-06, 2.027917e-07) (3.104443e-07, 4.374236e-06, 6.011871e-07) (4.036737e-06, 1.235197e-06, 9.386066e-08) (6.698311e-06, 1.055311e-07, 8.889234e-07) (9.151026e-06, 6.893168e-06, 5.298951e-07) (4.177037e-06, 8.236834e-06, 8.767949e-07) )
				((2.669800e-07, 2.338011e-06, 6.780487e-07) (1.546878e-06, 9.216383e-07, 8.159946e-08) (1.047214e-06, 4.215398e-06, 2.059608e-07) (1.406048e-06, 6.417387e-06, 5.462485e-07) (8.096485e-06, 2.413818e-06, 1.899250e-07) (9.934852e-06, 4.484712e-06, 4.699408e-07) (3.185784e-06, 1.923201e-06, 3.298309e-07) (6.671943e-06, 2.286281e-07, 3.748603e-08) (9.610049e-06, 6.684861e-06, 7.033225e-07) (4.240495e-06, 8.775337e-06, 1.126005e-07) )
				((3.017122e-06, 1.957695e-06, 8.045598e-07) (1.402665e-06, 1.074390e-06, 2.142297e-08) (8.251612e-06, 1.425217e-06, 3.637260e-07) (6.577759e-06, 8.041737e-08, 4.002638e-07) (7.040849e-08, 2.081675e-06, 6.593060e-07) (1.385915e-06, 3.782225e-06, 6.122207e-08) (1.714176e-06, 6.940036e-06, 2.788166e-07) (9.891118e-06, 4.044961e-06, 6.322834e-07) (9.515543e-06, 6.755384e-06, 3.285639e-07) (3.588140e-06, 9.049963e-06, 4.713517e-07) )
				((2.046190e-06, 4.201100e-07, 1.316468e-08) (5.752103e-07, 2.189184e-06, 7.782147e-07) (3.894775e-06, 1.816876e-06, 7.285088e-07) (8.610599e-06, 1.584386e-06, 7.730533e-07) (7.134072e-06, 5.020374e-08, 4.382170e-07) (1.410782e-06, 4.498054e-06, 5.782109e-08) (1.690392e-06, 7.406601e-06, 1.913744e-07) (9.781412e-06, 4.631479e-06, 2.075325e-07) (9.741518e-06, 7.344942e-06, 2.055119e-07) (2.916282e-06, 9.040329e-06, 6.257256e-07) )
				((6.174812e-07, 2.299718e-06, 3.590329e-07) (1.476082e-06, 4.934051e-07, 3.652983e-07) (8.720979e-06, 1.497783e-06, 8.452206e-07) (6.975159e-06, 3.196458e-07, 8.331556e-08) (3.896584e-06, 1.636089e-06, 4.915381e-07) (9.492696e-07, 4.455800e-06, 1.522822e-07) (1.373096e-06, 7.166976e-06, 6.370142e-07) (9.497130e-06, 4.610989e-06, 2.371065e-07) (9.658432e-06, 6.852237e-06, 3.550224e-07) (2.990986e-06, 9.179185e-06, 9.684606e-07) )
				((6.901066e-06, 3.252719e-07, 3.188450e-09) (8.675566e-06, 1.460937e-06, 9.117424e-08) (1.997288e-06, 4.536414e-06, 1.273311e-07) (1.575489e-07, 2.720816e-06, 9.470214e-08) (1.820501e-06, 6.208268e-07, 1.214002e-07) (3.756038e-06, 1.373630e-06, 6.021619e-07) (1.504803e-06, 7.460567e-06, 4.509869e-07) (9.712383e-06, 4.310193e-06, 2.815042e-07) (9.512492e-06, 6.520975e-06, 7.482023e-07) (2.994199e-06, 9.412338e-06, 7.990283e-08) )
				((1.166718e-06, 3.466193e-07, 1.403509e-07) (2.910564e-06, 1.051251e-06, 8.204200e-07) (9.558910e-06, 4.151867e-06, 7.485426e-07) (9.027896e-06, 6.109294e-06, 6.809934e-07) (7.202886e-06, 7.412415e-07, 4.020760e-07) (9.300283e-06, 1.855931e-06, 8.139784e-07) (1.541025e-06, 4.253890e-06, 8.649327e-08) (1.659459e-07, 2.464234e-06, 3.910017e-07) (1.884845e-06, 8.080610e-06, 6.829466e-07) (3.336927e-06, 9.846479e-06, 2.045481e-07) )
				((9.775312e-06, 1.501322e-06, 4.977873e-07) (9.656114e-06, 3.492589e-06, 6.414841e-07) (3.190995e-06, 9.859218e-06, 3.651339e-08) (2.046526e-06, 8.035370e-06, 9.183465e-07) (3.832284e-07, 2.657752e-06, 2.995005e-07) (1.640672e-06, 4.568015e-06, 4.502396e-07) (3.669638e-06, 1.123689e-06, 9.754401e-07) (1.429254e-06, 5.396582e-07, 8.845166e-07) (9.946206e-06, 5.920543e-06, 7.838644e-07) (7.560240e-06, 8.243436e-07, 2.274819e-07) )
				((3.379790e-08, 2.459755e-06, 2.578787e-07) (1.550913e-06, 1.182123e-06, 5.148192e-07) (1.316404e-06, 8.588999e-06, 7.194938e-07) (2.976959e-06, 9.928692e-06, 2.658477e-07) (9.967604e-06, 8.830362e-07, 9.129767e-07) (9.942575e-06, 3.640501e-06, 5.382299e-07) (3.704488e-06, 7.503993e-07, 7.690976e-07) (1.999140e-06, 4.774618e-06, 8.836782e-07) (9.726346e-06, 5.812694e-06, 6.699481e-07) (7.189906e-06, 5.351595e-07, 2.772061e-07) )
				((1.681508e-06, 4.814573e-06, 7.145232e-07) (3.367420e-07, 3.369295e-06, 3.939331e-07) (1.229880e-06, 8.160586e-06, 6.476279e-07) (2.664668e-06, 9.422580e-06, 5.707376e-08) (9.969624e-06, 5.691629e-06, 7.345919e-07) (9.511601e-06, 3.753284e-06, 9.470413e-07) (2.939994e-06, 2.079178e-08, 7.448106e-07) (1.082241e-06, 1.228410e-06, 9.365669e-07) (9.563224e-06, 1.639196e-06, 1.829737e-07) (6.803498e-06, 1.448291e-07, 4.950432e-07) )
				((2.651680e-06, 1.335245e-07, 9.169851e-07) (1.007920e-06, 8.330205e-07, 1.837061e-07) (1.717664e-06, 4.578281e-06, 4.672739e-07) (3.199544e-07, 2.995745e-06, 6.635171e-07) (2.819970e-06, 9.140950e-06, 9.808324e-08) (2.114665e-07, 8.434244e-06, 2.431491e-07) (9.743204e-06, 3.530437e-06, 4.824193e-07) (9.865335e-06, 6.678772e-06, 5.746177e-07) (9.702680e-06, 1.483589e-06, 5.321998e-07) (7.255210e-06, 8.357039e-08, 7.823569e-07) )
				((9.370485e-06, 1.166478e-06, 9.754962e-07) (7.646170e-06, 5.914444e-07, 1.411874e-07) (4.806283e-07, 3.735616e-07, 8.319665e-07) (2.605840e-06, 6.652473e-07, 4.340748e-07) (9.918088e-06, 4.157106e-06, 6.751935e-07) (1.966401e-06, 4.736630e-06, 9.159511e-07) (1.013137e-06, 2.813256e-06, 5.146153e-07) (2.442146e-06, 9.695374e-06, 5.585993e-07) (2.883911e-07, 8.536599e-06, 7.225008e-07) (9.794084e-06, 6.386448e-06, 7.312173e-07) )
				((9.979266e-06, 5.883975e-06, 5.115512e-07) (8.721036e-06, 4.092965e-06, 3.081429e-07) (9.066643e-06, 1.330425e-06, 6.912115e-07) (7.234623e-06, 1.299395e-07, 1.009404e-07) (1.161644e-06, 3.030031e-06, 4.379614e-07) (1.338764e-06, 5.060445e-06, 8.396708e-07) (1.472441e-07, 1.841716e-07, 4.074246e-07) (3.240830e-06, 1.183870e-06, 1.088644e-07) (2.870886e-06, 9.716237e-06, 3.133684e-07) (8.099816e-07, 8.675418e-06, 5.431305e-07) )
				((1.331673e-06, 4.956668e-06, 6.597291e-07) (5.115442e-07, 3.145065e-06, 8.730006e-07) (7.505531e-06, 4.572093e-07, 1.162429e-07) (9.375579e-06, 1.099705e-06, 4.164395e-07) (8.155192e-06, 3.830037e-06, 9.085316e-08) (9.651617e-06, 5.504070e-06, 4.064498e-07) (9.708094e-08, 9.847863e-07, 4.982317e-07) (3.211343e-06, 1.742138e-06, 2.260875e-07) (3.178193e-06, 9.816975e-06, 4.080432e-07) (9.371231e-07, 8.212548e-06, 7.008142e-07) )
				((7.138452e-06, 1.034322e-06, 2.951654e-07) (9.135553e-06, 9.394447e-07, 3.460181e-07) (1.085729e-06, 4.746878e-06, 8.568804e-07) (1.067842e-07, 3.034059e-06, 5.283723e-07) (9.580697e-06, 5.796371e-06, 5.442120e-07) (8.185805e-06, 3.492438e-06, 6.482277e-08) (7.577789e-07, 5.660220e-07, 2.180492e-07) (3.036771e-06, 1.367042e-06, 5.535069e-08) (2.873255e-06, 9.507460e-06, 8.513083e-07) (1.202284e-06, 7.996862e-06, 2.507383e-07) )
				((1.722932e-06, 8.278882e-06, 4.683231e-07) (3.234607e-06, 9.561762e-06, 7.311145e-07) (1.232590e-06, 4.602878e-06, 9.518223e-07) (1.805220e-07, 2.540011e-06, 9.696926e-07) (6.654589e-06, 8.688962e-07, 4.132903e-07) (9.381918e-06, 1.269776e-06, 5.622999e-07) (9.438856e-06, 5.935093e-06, 5.805952e-08) (8.774405e-06, 3.313915e-06, 4.849587e-07) (1.052310e-06, 1.131318e-07, 3.532640e-07) (3.473592e-06, 9.729207e-07, 5.420423e-07) )
				((9.010068e-07, 2.480996e-06, 4.099482e-07) (1.265603e-06, 5.281411e-07, 6.410960e-07) (1.391918e-06, 8.517944e-06, 2.800497e-07) (3.131469e-06, 9.313576e-06, 8.639450e-07) (3.341535e-06, 9.236269e-08, 3.358627e-07) (1.369657e-06, 4.984942e-06, 9.589105e-07) (6.442497e-06, 7.798898e-07, 9.499701e-07) (9.265251e-06, 1.253366e-06, 9.649772e-07) (9.798867e-06, 5.984768e-06, 1.400806e-07) (8.663994e-06, 3.350105e-06, 9.848266e-07) )
				((3.938467e-07, 2.285370e-06, 7.803677e-07) (9.765024e-07, 1.433757e-07, 9.775312e-07) (8.569300e-06, 3.352504e-06, 8.859450e-08) (9.289708e-06, 1.613863e-06, 9.308615e-07) (8.925928e-07, 8.879812e-06, 3.221101e-07) (2.907778e-06, 9.929897e-06, 8.456791e-07) (3.433499e-06, 3.799424e-07, 2.082162e-07) (1.791680e-06, 4.678089e-06, 8.216759e-07) (6.259518e-06, 7.332919e-07, 7.521598e-07) (9.988681e-06, 6.194330e-06, 3.409508e-07) )
				((1.543059e-06, 3.775984e-07, 6.860212e-07) (3.498557e-06, 1.386405e-07, 3.411603e-07) (3.977747e-08, 2.395148e-06, 5.395739e-07) (2.394046e-06, 9.898869e-06, 5.231177e-07) (5.061474e-07, 8.965777e-06, 8.735779e-07) (8.344962e-06, 3.305766e-06, 6.916336e-07) (9.704257e-06, 4.333138e-07, 7.493554e-07) (1.722025e-06, 4.850672e-06, 7.030054e-07) (6.786424e-06, 1.991939e-07, 6.367872e-07) (9.841153e-06, 6.223373e-06, 5.333649e-07) )
				((2.930561e-06, 9.322898e-06, 2.667339e-07) (9.823265e-07, 8.870839e-06, 2.717206e-07) (1.228063e-06, 2.913635e-07, 6.444482e-07) (9.707899e-08, 2.072594e-06, 8.381732e-07) (4.374633e-06, 1.143178e-07, 7.028388e-07) (8.193597e-06, 2.815987e-06, 4.504576e-07) (9.877526e-06, 3.219310e-07, 9.220658e-07) (1.912825e-06, 5.113193e-06, 6.040878e-07) (6.914379e-06, 8.997227e-08, 8.769553e-07) (9.533256e-06, 4.945207e-06, 4.528902e-07) )
				((5.953969e-07, 1.924223e-06, 9.685479e-08) (1.813146e-06, 1.297595e-07, 4.128881e-07) (2.565149e-07, 8.407314e-06, 3.443997e-07) (3.213224e-06, 9.239195e-06, 5.265432e-07) (4.155071e-06, 4.268015e-07, 9.468429e-07) (8.668374e-06, 2.763138e-06, 7.585246e-08) (9.964025e-06, 8.319453e-08, 5.466380e-07) (1.922883e-06, 5.065456e-06, 7.756250e-07) (7.101605e-06, 5.369847e-07, 7.457512e-07) (8.740864e-06, 5.647260e-06, 8.191076e-07) )
				((9.616493e-06, 1.263640e-06, 5.826009e-07) (8.728314e-06, 3.030952e-06, 2.863798e-07) (1.371743e-07, 1.966399e-06, 5.595896e-07) (1.766189e-06, 1.024914e-07, 5.353475e-07) (1.033515e-06, 7.872731e-06, 7.567040e-08) (3.837940e-06, 9.469893e-06, 2.369419e-07) (4.188002e-06, 3.664987e-08, 6.661685e-07) (1.639879e-06, 5.644228e-06, 8.881044e-07) (7.090694e-06, 9.440749e-08, 8.230622e-07) (8.724111e-06, 5.689264e-06, 7.198761e-07) )
				((9.209627e-06, 1.009592e-06, 5.137699e-08) (8.743382e-06, 3.427969e-06, 6.819973e-07) (7.013491e-08, 1.766096e-06, 8.429281e-07) (2.345797e-06, 5.112236e-08, 7.334620e-07) (4.336077e-07, 7.863832e-06, 3.756258e-07) (3.758004e-06, 9.496196e-06, 5.022639e-07) (4.488388e-06, 1.042308e-07, 2.041992e-07) (1.559326e-06, 6.064008e-06, 3.998477e-07) (6.743338e-06, 6.906161e-07, 8.831423e-07) (9.043920e-06, 5.995427e-06, 1.832021e-08) )
				((6.358312e-06, 2.949123e-07, 1.067566e-07) (4.369685e-06, 1.137239e-06, 7.691593e-08) (9.741992e-06, 5.571298e-07, 4.226734e-07) (8.592238e-06, 3.181458e-06, 8.821012e-07) (5.819660e-07, 2.028690e-06, 5.326522e-07) (2.377459e-06, 5.266582e-07, 3.690986e-07) (3.466125e-07, 7.871932e-06, 1.766378e-07) (4.094540e-06, 9.655187e-06, 3.550464e-07) (1.371884e-06, 5.432558e-06, 4.082904e-07) (8.567769e-06, 6.023726e-06, 8.219363e-07) )
				((4.659956e-06, 9.551804e-07, 5.810581e-08) (2.665610e-06, 1.034013e-06, 1.860602e-07) (6.955345e-06, 1.611602e-07, 5.407029e-07) (9.376046e-06, 8.212992e-07, 4.687511e-07) (8.177287e-06, 3.587784e-06, 6.414749e-09) (1.792452e-07, 2.589118e-06, 9.010519e-07) (6.793581e-08, 8.730226e-06, 5.504632e-07) (4.591684e-06, 9.388485e-06, 3.143792e-07) (1.664855e-06, 5.330417e-06, 3.146169e-07) (8.568376e-06, 6.554644e-06, 4.822767e-07) )
				((5.329533e-06, 1.665414e-06, 2.353425e-07) (2.066918e-06, 6.666905e-07, 2.569390e-07) (7.015831e-06, 3.346560e-07, 3.962315e-08) (9.165465e-06, 6.957150e-07, 5.414832e-07) (8.115595e-06, 3.252140e-06, 1.159250e-07) (1.789835e-07, 2.592537e-06, 8.493285e-07) (1.084773e-07, 9.094814e-06, 4.517920e-07) (4.781504e-06, 9.442151e-06, 6.595755e-07) (1.618238e-06, 4.928514e-06, 4.849982e-08) (8.552898e-06, 5.861900e-06, 3.503032e-07) )
				((5.220778e-06, 1.026382e-06, 4.279094e-07) (7.257243e-06, 1.294699e-07, 5.630005e-07) (1.915492e-06, 4.093742e-08, 2.100565e-07) (9.489518e-06, 5.485543e-07, 9.011462e-07) (8.710357e-06, 3.488162e-06, 2.408240e-07) (9.432252e-08, 2.339084e-06, 3.730205e-07) (7.597928e-08, 9.229872e-06, 4.092090e-07) (4.281061e-06, 9.924126e-06, 3.418359e-07) (1.739795e-06, 5.291362e-06, 9.862535e-08) (8.435113e-06, 5.947219e-06, 4.364012e-07) )
				((7.319445e-06, 3.702614e-07, 5.890946e-07) (4.840935e-06, 7.412224e-07, 1.100396e-07) (2.022232e-06, 4.260858e-09, 7.200879e-07) (9.482016e-06, 2.629523e-07, 2.739203e-07) (8.331839e-06, 3.587796e-06, 3.646843e-07) (1.151005e-07, 1.921286e-06, 9.392095e-07) (1.149642e-07, 9.984341e-06, 4.730993e-07) (4.324446e-06, 9.978918e-06, 6.405318e-07) (1.781323e-06, 5.680634e-06, 2.500840e-07) (9.089067e-06, 5.593178e-06, 1.565523e-07) )
				((8.327655e-06, 3.776699e-06, 4.839052e-07) (8.656570e-06, 5.718578e-06, 1.361643e-07) (5.834132e-08, 1.219262e-06, 7.173080e-07) (1.727847e-06, 1.814312e-07, 3.489916e-07) (8.912297e-06, 5.405563e-07, 1.052905e-07) (6.917048e-06, 4.186438e-07, 1.694791e-07) (4.554699e-06, 5.245515e-07, 9.096092e-08) (5.439900e-07, 9.060430e-06, 4.419049e-07) (3.838462e-06, 9.844525e-06, 9.891925e-07) (1.637220e-06, 5.660691e-06, 4.230598e-07) )
				((1.626375e-06, 1.347316e-07, 6.855286e-07) (2.122574e-10, 1.434100e-06, 8.177082e-07) (4.922329e-06, 5.059489e-07, 1.343247e-07) (7.018435e-06, 1.174823e-07, 4.199954e-07) (8.938242e-06, 3.926238e-06, 6.078259e-07) (8.856143e-06, 6.241861e-06, 2.142244e-07) (9.081541e-06, 1.033616e-06, 2.292786e-08) (4.527668e-07, 9.073400e-06, 8.292077e-07) (3.510350e-06, 9.907054e-06, 7.258651e-07) (1.670288e-06, 4.343822e-06, 5.196121e-07) )
				((6.030375e-07, 1.419591e-06, 4.749100e-07) (2.091857e-06, 1.043519e-07, 2.434734e-07) (4.700215e-06, 1.759884e-06, 4.286582e-08) (6.794481e-06, 1.558027e-07, 4.686914e-07) (8.158411e-06, 3.893751e-06, 3.426427e-08) (9.168995e-06, 6.637427e-06, 5.403069e-07) (9.277263e-06, 1.569629e-06, 1.277294e-07) (5.278351e-07, 9.424038e-06, 8.597595e-07) (4.073126e-06, 9.477212e-06, 5.999206e-07) (1.079954e-06, 4.361823e-06, 2.483310e-07) )
				((5.409180e-06, 1.617766e-06, 8.814498e-07) (6.568882e-06, 1.083679e-08, 9.338476e-07) (6.888263e-07, 1.424595e-06, 9.048940e-07) (2.359818e-06, 1.531170e-07, 5.339797e-07) (8.032885e-06, 3.833642e-06, 1.382286e-07) (8.876380e-06, 7.169150e-06, 1.532365e-07) (9.507455e-06, 1.513482e-06, 4.628513e-07) (1.402924e-07, 8.782098e-06, 5.396797e-07) (3.372317e-06, 9.895935e-06, 6.586576e-07) (9.859450e-07, 4.366106e-06, 4.344323e-07) )
				((6.026013e-06, 1.922167e-06, 8.098794e-07) (6.402836e-06, 1.725695e-07, 3.324099e-07) (2.140103e-06, 2.527999e-07, 9.879824e-07) (1.371210e-07, 1.338763e-06, 6.090804e-07) (8.798085e-06, 4.415571e-06, 2.033076e-07) (8.958408e-06, 7.241158e-06, 1.916333e-07) (9.792398e-06, 1.890617e-06, 8.806249e-07) (4.898427e-07, 9.016881e-06, 5.171093e-07) (3.233484e-06, 9.846466e-06, 5.450600e-07) (1.082278e-06, 4.180406e-06, 6.212531e-07) )
				((9.121313e-07, 3.836743e-06, 9.081367e-07) (4.631378e-07, 1.889568e-06, 8.249783e-07) (6.374289e-06, 5.567167e-08, 9.279180e-08) (6.090483e-06, 1.979547e-06, 7.848165e-07) (2.378032e-06, 1.112270e-06, 8.908351e-07) (8.493393e-06, 5.022888e-06, 4.886390e-07) (8.490709e-06, 7.269576e-06, 4.369347e-08) (9.743385e-06, 2.095089e-06, 8.262802e-07) (1.290871e-06, 8.862205e-06, 5.429525e-07) (4.409126e-06, 9.829262e-06, 9.162785e-07) )
				((6.666028e-06, 2.213636e-07, 1.547877e-07) (5.693028e-06, 1.899449e-06, 6.419230e-07) (2.702245e-07, 1.806143e-06, 9.478031e-07) (2.283865e-06, 1.306255e-06, 3.393808e-07) (8.519480e-06, 5.135961e-06, 4.817943e-07) (8.462607e-06, 7.565640e-06, 2.025852e-07) (4.332440e-07, 4.564789e-06, 4.663830e-07) (9.942240e-06, 1.831144e-06, 5.814701e-07) (7.459680e-07, 8.031291e-06, 5.679901e-07) (3.281166e-06, 9.611227e-06, 9.982788e-07) )
				((5.179134e-06, 1.936109e-06, 8.320752e-07) (5.774175e-06, 3.943511e-09, 1.221327e-07) (8.916268e-06, 7.562266e-06, 5.786727e-07) (8.358255e-06, 4.861184e-06, 7.038755e-07) (4.860360e-08, 1.631295e-06, 3.508804e-07) (2.410882e-06, 1.242898e-06, 1.253142e-07) (6.894917e-07, 4.042348e-06, 7.615836e-07) (9.157056e-06, 1.819007e-06, 2.375679e-07) (5.722534e-07, 8.511059e-06, 8.082854e-07) (3.005059e-06, 9.365486e-06, 8.991504e-07) )
				((2.358106e-06, 1.495830e-06, 7.832683e-07) (4.424021e-06, 1.818717e-06, 8.097571e-07) (6.317206e-06, 6.337883e-07, 4.746735e-07) (8.227535e-06, 7.822013e-06, 5.219844e-07) (8.267391e-06, 5.647065e-06, 7.907692e-07) (2.139849e-07, 1.147159e-06, 4.653971e-07) (7.656834e-07, 4.451403e-06, 7.175653e-07) (9.883683e-06, 1.606757e-06, 5.523070e-07) (2.226704e-07, 9.228347e-06, 1.600795e-07) (3.060593e-06, 8.678751e-06, 1.840279e-07) )
				((4.478970e-06, 1.552515e-06, 4.989560e-07) (2.526432e-06, 1.836678e-06, 8.258257e-07) (8.013193e-06, 5.878647e-06, 2.742078e-07) (9.664158e-06, 7.640784e-06, 9.068121e-07) (1.476664e-07, 9.739796e-06, 2.144873e-07) (2.037107e-06, 8.576714e-06, 5.548765e-07) (6.340999e-06, 5.177197e-07, 1.351514e-07) (2.912971e-07, 1.575588e-06, 2.905238e-07) (1.131698e-06, 4.935938e-06, 9.956614e-07) (9.684638e-06, 2.170610e-06, 9.635480e-07) )
				((6.427249e-06, 1.882893e-07, 1.026715e-07) (4.534297e-06, 1.174547e-06, 8.421384e-07) (2.149578e-06, 1.945735e-06, 6.637582e-07) (1.478043e-07, 1.042550e-06, 5.137338e-07) (8.750664e-06, 5.798597e-06, 7.041504e-08) (9.598094e-06, 7.575952e-06, 9.523853e-07) (2.900253e-08, 9.614104e-06, 9.777675e-07) (1.460014e-06, 8.280201e-06, 1.545909e-07) (1.103320e-06, 5.043828e-06, 5.871957e-07) (9.905062e-06, 2.391081e-06, 8.537367e-07) )
				((5.115689e-07, 6.028046e-07, 8.718673e-07) (2.131584e-06, 1.940223e-06, 5.236214e-07) (4.339632e-06, 1.493699e-06, 8.812254e-07) (9.159707e-06, 7.643076e-06, 7.256800e-07) (8.418003e-06, 5.604831e-06, 3.896256e-07) (2.330925e-07, 9.849362e-06, 5.678211e-07) (1.512957e-06, 8.231115e-06, 1.296187e-07) (6.725585e-06, 9.938337e-07, 1.548832e-07) (1.324246e-06, 5.650076e-06, 4.692245e-07) (9.817506e-06, 2.458325e-06, 6.890650e-07) )
				((9.302553e-06, 7.482229e-06, 8.770150e-07) (8.266098e-06, 5.851270e-06, 3.615247e-07) (2.298234e-06, 1.956889e-06, 4.689451e-07) (2.028683e-07, 8.523312e-07, 6.118580e-07) (4.822506e-06, 1.502891e-06, 7.525704e-07) (6.809541e-06, 1.403488e-06, 3.037288e-08) (1.544999e-06, 8.165278e-06, 1.529325e-07) (3.230463e-07, 9.807392e-06, 6.600748e-07) (9.362584e-07, 5.747115e-06, 8.779995e-07) (9.885225e-06, 1.985659e-06, 3.502936e-07) )
				((1.577509e-06, 2.119859e-06, 9.899819e-07) (1.734236e-07, 6.572665e-07, 6.870272e-07) (4.883487e-06, 1.990814e-06, 6.248058e-07) (6.981184e-06, 1.814157e-06, 1.114915e-07) (9.939142e-06, 7.433503e-06, 9.135946e-07) (8.789442e-06, 5.603987e-06, 6.769548e-07) (2.271650e-06, 8.224585e-06, 8.519716e-07) (4.326105e-07, 9.261157e-06, 5.592003e-07) (5.027037e-07, 5.498909e-06, 9.004839e-07) (9.985028e-06, 1.997296e-06, 9.219848e-07) )
				((2.076865e-06, 8.852971e-06, 7.269650e-07) (1.131541e-07, 8.505189e-06, 5.756742e-07) (9.303876e-06, 4.952073e-06, 4.810854e-07) (9.886962e-06, 7.191907e-06, 2.702894e-07) (5.086792e-06, 1.718413e-06, 4.351499e-07) (7.705628e-06, 1.863799e-06, 5.752681e-07) (4.025612e-07, 2.338506e-07, 5.823224e-07) (1.980633e-06, 2.267612e-06, 8.114099e-07) (1.287127e-06, 5.436683e-06, 8.018476e-07) (9.811084e-06, 2.045602e-06, 4.118395e-07) )
				((9.581390e-06, 4.299002e-06, 5.021859e-07) (9.402793e-06, 2.346506e-06, 1.073947e-07) (7.274672e-06, 1.490292e-06, 4.030412e-07) (2.226713e-06, 9.367954e-06, 6.312900e-07) (7.984854e-09, 7.964569e-06, 4.169101e-07) (9.790914e-06, 7.530932e-06, 4.140568e-07) (5.096659e-06, 1.675355e-06, 5.362319e-07) (3.528264e-07, 4.550124e-08, 8.130029e-07) (8.463478e-07, 2.552170e-06, 5.909510e-07) (1.429253e-06, 6.053348e-06, 8.027897e-07) )
				((9.891338e-06, 4.619002e-06, 5.998545e-08) (9.501114e-06, 2.774492e-06, 7.274496e-07) (7.246899e-06, 1.460611e-06, 1.131230e-07) (2.465055e-07, 8.395512e-06, 4.451611e-07) (2.178830e-06, 9.761159e-06, 6.495286e-07) (4.939637e-06, 1.780350e-06, 7.855023e-07) (9.254801e-06, 7.089257e-06, 8.525291e-08) (8.190674e-07, 6.605049e-07, 8.242903e-07) (3.404882e-07, 2.908346e-06, 5.389768e-07) (1.788121e-06, 5.622106e-06, 9.524445e-07) )
				((5.608523e-07, 1.138748e-06, 8.688992e-09) (3.578223e-07, 3.108869e-06, 2.869021e-07) (2.565459e-06, 9.759715e-06, 6.077029e-07) (7.673503e-08, 8.802399e-06, 5.722114e-07) (9.609159e-06, 1.754985e-06, 3.197025e-07) (9.567268e-06, 4.685369e-06, 5.351262e-07) (7.413911e-06, 1.078781e-06, 2.637725e-07) (4.482330e-06, 1.466902e-06, 8.356508e-07) (9.169511e-06, 7.622310e-06, 2.405921e-08) (1.539490e-06, 5.449668e-06, 8.718490e-07) )
				((1.815033e-06, 5.402660e-06, 6.161559e-07) (1.215944e-06, 3.194227e-06, 1.661087e-07) (7.365786e-06, 7.816829e-07, 7.421732e-07) (9.260992e-06, 2.638557e-06, 7.048246e-07) (1.422213e-06, 1.094690e-06, 6.095387e-07) (3.815650e-06, 8.637234e-06, 8.550170e-07) (4.350340e-07, 9.458670e-06, 1.115749e-07) (9.282408e-06, 5.066505e-06, 7.096232e-07) (4.231277e-06, 1.108284e-06, 4.860016e-07) (8.351180e-06, 6.980873e-06, 4.003943e-07) )
				((9.711050e-07, 3.013233e-06, 3.677978e-07) (2.199194e-06, 8.409557e-07, 4.688034e-07) (9.006812e-06, 2.332491e-06, 2.001815e-08) (9.681679e-06, 4.814229e-06, 1.620346e-07) (1.485062e-06, 5.910397e-06, 4.676295e-07) (7.038742e-06, 7.528946e-07, 6.029916e-07) (3.764639e-06, 8.278598e-06, 7.248271e-07) (1.543053e-07, 8.594014e-06, 5.083767e-07) (4.600792e-06, 1.606802e-06, 5.082085e-07) (8.197162e-06, 7.159424e-06, 6.636494e-07) )
				((1.478972e-06, 2.888045e-06, 5.226909e-07) (1.521591e-06, 7.364669e-07, 4.359050e-07) (9.847661e-06, 1.564170e-06, 2.518183e-07) (9.592310e-06, 3.728897e-06, 7.580598e-07) (1.653492e-06, 6.137570e-06, 7.912776e-07) (6.429576e-06, 5.100081e-08, 3.549868e-07) (3.156404e-06, 8.529338e-06, 8.183689e-07) (4.708346e-07, 9.194257e-06, 9.920903e-07) (4.644186e-06, 1.840377e-06, 3.825635e-07) (8.018413e-06, 7.152660e-06, 3.801959e-07) )
				((1.680370e-06, 5.192330e-07, 5.768064e-07) (8.310060e-07, 3.280017e-06, 7.997314e-10) (9.843986e-06, 1.641053e-06, 4.303786e-07) (9.815344e-06, 4.180325e-06, 2.900018e-07) (1.642305e-06, 6.881751e-06, 4.066986e-07) (6.915383e-06, 2.655261e-07, 5.112294e-07) (2.922660e-06, 8.544256e-06, 1.570643e-07) (1.319895e-07, 9.120743e-06, 8.360547e-07) (4.502861e-06, 1.830894e-06, 4.334025e-07) (8.044402e-06, 7.281050e-06, 4.083876e-08) )
				((9.755295e-06, 3.797616e-06, 2.410268e-07) (9.558389e-06, 1.774512e-06, 9.043066e-07) (1.233861e-06, 3.854095e-07, 6.984321e-07) (6.125966e-07, 3.761475e-06, 6.019060e-08) (1.586924e-06, 6.987810e-06, 6.147294e-07) (7.489001e-06, 8.468294e-08, 8.413041e-07) (2.965001e-06, 8.422662e-06, 3.374087e-07) (1.367080e-07, 9.841793e-06, 9.319263e-07) (4.845739e-06, 1.649779e-06, 1.056290e-07) (8.156382e-06, 7.597607e-06, 4.943909e-07) )
				((9.305369e-06, 1.761024e-06, 3.939814e-07) (7.693588e-06, 5.769881e-07, 3.791130e-07) (8.934205e-06, 4.152273e-06, 8.372166e-07) (1.672066e-06, 1.392864e-07, 5.819849e-07) (3.155890e-07, 3.851448e-06, 9.661060e-08) (1.791901e-06, 6.905077e-06, 8.238020e-07) (2.869905e-06, 8.255079e-06, 8.722034e-07) (4.993636e-07, 9.624932e-06, 9.129876e-07) (5.338120e-06, 1.573194e-06, 7.559673e-08) (8.428853e-06, 7.474454e-06, 6.891422e-07) )
				((9.181405e-06, 1.780475e-06, 9.991579e-07) (7.548229e-06, 5.111065e-07, 5.062455e-07) (9.146804e-06, 4.350846e-06, 8.040469e-07) (1.239018e-06, 3.034103e-07, 9.605598e-07) (2.069862e-07, 3.998320e-06, 7.710023e-07) (1.575408e-06, 6.225753e-06, 6.491599e-07) (2.273461e-06, 8.022513e-06, 9.834216e-08) (6.708164e-07, 9.804277e-06, 7.727287e-07) (5.166312e-06, 6.651442e-07, 1.868269e-07) (8.011454e-06, 7.864816e-06, 9.953678e-07) )
				((7.611492e-06, 1.718032e-07, 3.609015e-07) (5.636389e-06, 7.159702e-07, 1.627370e-07) (9.947245e-06, 1.660494e-06, 7.681357e-07) (9.236109e-06, 4.301371e-06, 9.964707e-07) (1.351402e-06, 6.136509e-08, 9.984916e-07) (4.238867e-08, 3.172239e-06, 9.042250e-07) (1.537821e-06, 6.813946e-06, 7.964186e-07) (2.628207e-06, 8.079787e-06, 8.708538e-08) (1.181568e-06, 9.675167e-06, 6.303748e-07) (8.214169e-06, 7.966407e-06, 8.934834e-07) )
				((2.147676e-06, 8.275697e-06, 5.965612e-08) (6.216838e-07, 9.623435e-06, 6.069123e-07) (5.131808e-06, 6.081711e-07, 7.995474e-08) (7.567402e-06, 5.353346e-07, 1.065995e-07) (9.411815e-06, 1.327761e-06, 4.515909e-07) (9.699747e-06, 4.642960e-06, 8.481138e-07) (1.365431e-06, 6.058193e-07, 3.179026e-07) (8.417580e-07, 3.571969e-06, 5.648937e-07) (1.844096e-06, 6.332111e-06, 8.307348e-07) (8.584699e-06, 7.716430e-06, 5.579712e-07) )
				((9.213410e-06, 1.514377e-06, 4.326570e-07) (7.472793e-06, 4.097944e-07, 1.968903e-07) (7.584179e-08, 9.999111e-06, 6.889021e-07) (2.367018e-06, 8.733125e-06, 5.663170e-07) (4.523979e-06, 1.057640e-06, 2.700998e-07) (9.878698e-06, 5.241255e-06, 4.639330e-07) (9.723817e-07, 4.741053e-07, 2.131483e-07) (8.273526e-07, 3.268105e-06, 6.392912e-07) (1.366744e-06, 6.139895e-06, 6.605809e-07) (8.189689e-06, 7.667366e-06, 3.329556e-07) )
				((7.983435e-06, 4.430327e-08, 3.963165e-08) (9.217998e-06, 1.526845e-06, 1.253383e-07) (2.873392e-07, 9.943649e-06, 5.929021e-07) (2.257821e-06, 8.284856e-06, 7.263784e-07) (5.278925e-06, 1.216992e-06, 4.630770e-07) (9.975266e-06, 4.453650e-06, 7.326570e-08) (1.372550e-06, 9.079793e-08, 5.257194e-07) (1.456755e-06, 3.146512e-06, 3.253112e-07) (9.140786e-07, 6.446675e-06, 4.767860e-07) (8.552687e-06, 7.878771e-06, 6.994429e-08) )
				((1.012510e-06, 9.972468e-06, 9.734853e-07) (2.413180e-06, 8.601907e-06, 8.978754e-07) (7.946456e-06, 3.076824e-10, 8.355637e-07) (9.668014e-06, 1.595668e-06, 8.192200e-07) (5.318937e-06, 7.779502e-07, 5.014194e-07) (9.785139e-06, 4.829847e-06, 2.461179e-07) (1.951716e-06, 7.722122e-07, 4.621644e-08) (1.534291e-06, 3.513839e-06, 4.162539e-07) (8.220208e-07, 6.850546e-06, 8.593178e-07) (8.267024e-06, 8.118082e-06, 2.229571e-07) )
				((9.559079e-06, 1.817463e-06, 9.549121e-07) (7.963666e-06, 6.438389e-07, 6.769470e-07) (3.069532e-06, 8.631072e-06, 5.906420e-07) (9.593516e-07, 9.761954e-06, 7.490202e-07) (5.472988e-06, 6.037836e-07, 2.951004e-07) (9.646402e-06, 5.205123e-06, 1.647729e-08) (1.987394e-06, 6.454908e-07, 2.058888e-07) (1.984239e-06, 3.549173e-06, 1.419824e-07) (5.277321e-07, 7.354875e-06, 6.075321e-07) (7.894744e-06, 8.580144e-06, 1.176874e-07) )
				((8.111986e-07, 7.896234e-06, 1.639311e-07) (2.607257e-06, 8.573501e-06, 7.256106e-07) (9.927422e-06, 2.726679e-06, 8.066454e-07) (7.606120e-06, 1.220725e-06, 2.491367e-07) (3.406686e-08, 9.867156e-06, 9.815819e-07) (5.221890e-06, 2.123802e-08, 7.141268e-08) (9.724085e-06, 5.053018e-06, 8.537366e-07) (2.367490e-06, 7.380724e-07, 4.957823e-07) (1.866079e-06, 2.864050e-06, 4.918312e-07) (7.563792e-06, 8.908877e-06, 6.346949e-07) )
				((2.075362e-06, 4.701501e-07, 2.427864e-07) (1.731915e-06, 2.912677e-06, 7.921697e-07) (1.142068e-06, 8.018089e-06, 2.757938e-07) (1.739594e-07, 9.958918e-06, 8.502337e-07) (2.693091e-06, 9.225978e-06, 6.765352e-07) (9.938155e-06, 3.254837e-06, 5.717363e-07) (7.220874e-06, 1.332577e-06, 8.651686e-07) (4.579310e-06, 8.958868e-08, 2.555404e-07) (9.559214e-06, 5.686591e-06, 5.911342e-07) (8.577244e-06, 9.640823e-06, 2.810618e-07) )
				((2.172940e-06, 9.987136e-06, 9.833309e-07) (1.503653e-06, 8.120185e-06, 7.253593e-07) (1.339780e-08, 9.842404e-06, 6.422185e-07) (1.944610e-06, 2.771161e-06, 9.701513e-07) (1.516927e-06, 4.674652e-07, 1.618866e-07) (9.646104e-06, 3.482759e-06, 2.080115e-07) (6.997774e-06, 1.792314e-06, 8.387232e-07) (4.631260e-06, 8.510963e-07, 3.318477e-07) (9.647663e-06, 5.481385e-06, 5.838073e-07) (7.974092e-06, 9.883186e-06, 3.582700e-07) )
				((9.577633e-06, 5.858247e-06, 5.766290e-08) (9.768018e-06, 3.709583e-06, 1.496413e-07) (8.173773e-08, 9.260408e-06, 4.111938e-07) (2.159123e-06, 9.790366e-06, 4.012264e-07) (1.935353e-06, 7.413504e-06, 9.575765e-07) (1.256977e-06, 3.375011e-06, 6.922995e-08) (9.838041e-07, 7.893149e-07, 5.920435e-07) (7.469778e-06, 1.775759e-06, 7.516334e-07) (5.022618e-06, 1.246180e-06, 3.644250e-07) (7.689185e-06, 9.442546e-06, 9.946648e-08) )
				((9.875113e-06, 2.925454e-06, 5.099879e-08) (9.520090e-06, 5.024659e-06, 3.662463e-07) (2.341641e-06, 8.154992e-06, 1.030878e-08) (7.120469e-07, 9.364759e-06, 5.305781e-07) (1.569407e-06, 7.065346e-06, 8.026316e-07) (1.431269e-06, 3.366534e-06, 4.455680e-07) (9.930739e-07, 3.904231e-08, 4.346628e-07) (7.497993e-06, 1.720016e-06, 4.155320e-07) (4.855762e-06, 1.165474e-06, 1.919121e-07) (7.981660e-06, 9.342451e-06, 4.121081e-07) )
				((2.505879e-06, 8.121180e-06, 3.677647e-07) (6.076908e-07, 8.736901e-06, 5.010712e-07) (9.565063e-06, 2.865593e-06, 4.383213e-07) (7.984162e-06, 1.633774e-06, 8.147503e-08) (9.802362e-06, 4.966838e-06, 6.406982e-07) (1.808202e-06, 7.303316e-06, 9.284341e-07) (1.572346e-06, 3.978374e-06, 2.113546e-07) (7.755326e-07, 3.877951e-07, 6.597525e-07) (4.642184e-06, 1.372794e-06, 2.074642e-07) (8.350902e-06, 9.113086e-06, 6.186547e-07) )
				((9.898960e-06, 3.674534e-06, 3.075447e-07) (9.997558e-06, 5.671335e-06, 2.522075e-07) (3.766272e-07, 8.970911e-06, 8.110344e-08) (1.685059e-06, 6.956300e-06, 5.899951e-07) (2.910949e-06, 8.540382e-06, 1.923323e-08) (8.097961e-06, 2.184000e-06, 2.019102e-09) (1.473570e-06, 3.841439e-06, 2.430648e-07) (1.384697e-06, 2.429982e-07, 4.634040e-07) (4.724406e-06, 1.747713e-06, 3.039995e-07) (8.219966e-06, 9.126736e-06, 5.842142e-07) )
				((2.396206e-06, 8.001293e-06, 8.985963e-07) (6.905333e-07, 8.908669e-06, 3.815372e-07) (1.761150e-06, 7.112480e-06, 7.219842e-07) (8.749694e-06, 3.650469e-06, 2.923948e-08) (8.292384e-06, 1.355006e-06, 1.723269e-07) (9.752002e-06, 5.860401e-06, 2.208554e-07) (1.867097e-06, 3.406124e-06, 4.109411e-07) (1.430290e-06, 6.335676e-07, 2.425347e-07) (4.920514e-06, 1.733320e-06, 3.814464e-07) (8.518116e-06, 9.551824e-06, 5.521934e-07) )
				((7.799120e-06, 1.527494e-06, 2.733527e-07) (9.009704e-06, 4.263830e-06, 8.031024e-07) (4.896747e-07, 9.319594e-06, 2.465135e-07) (3.435791e-06, 8.233079e-06, 1.145990e-07) (1.909701e-06, 6.849976e-06, 7.653649e-07) (9.275067e-06, 6.327604e-06, 3.165087e-07) (1.627713e-06, 3.567643e-06, 5.500774e-07) (1.475976e-06, 5.442369e-07, 4.618711e-07) (4.227512e-06, 1.150600e-06, 9.023848e-08) (8.632717e-06, 9.200024e-06, 1.034692e-07) )
				((1.819058e-06, 4.169489e-06, 8.520793e-07) (1.270825e-06, 6.090266e-06, 9.523472e-07) (7.441524e-06, 1.426108e-06, 4.897612e-07) (9.061878e-06, 3.730284e-06, 7.968359e-07) (7.627868e-07, 9.898363e-06, 7.737307e-07) (3.508036e-06, 8.532466e-06, 9.656564e-07) (9.050220e-06, 6.315532e-06, 1.539947e-07) (1.231578e-06, 5.368599e-07, 5.659824e-07) (4.308361e-06, 1.705371e-06, 8.842608e-07) (9.086419e-06, 9.122165e-06, 1.250458e-07) )
				((1.937341e-06, 4.134984e-06, 8.008924e-07) (8.796758e-07, 6.270231e-06, 4.187409e-07) (7.524045e-06, 9.088265e-07, 6.668863e-07) (8.705634e-06, 3.267943e-06, 3.832701e-07) (9.449176e-07, 9.435976e-06, 9.161038e-07) (3.141275e-06, 8.713884e-06, 2.752717e-07) (8.845808e-06, 5.860775e-06, 2.497938e-07) (1.426948e-06, 3.262914e-07, 9.411873e-07) (4.487300e-06, 1.861547e-06, 7.495076e-07) (9.707056e-06, 9.350890e-06, 5.153181e-07) )
				((1.350433e-06, 9.297578e-06, 6.478796e-07) (3.270165e-06, 9.632018e-06, 7.152930e-08) (1.669202e-06, 4.272612e-06, 7.505440e-07) (7.478240e-07, 6.441242e-06, 3.333878e-07) (8.073175e-06, 8.094169e-07, 4.469423e-07) (8.675398e-06, 3.251915e-06, 2.783782e-07) (8.056360e-06, 5.639308e-06, 1.090625e-07) (9.242420e-07, 8.385645e-07, 7.514676e-07) (4.203633e-06, 7.709878e-07, 4.424753e-07) (9.557624e-06, 9.322942e-06, 3.418487e-07) )
				((8.069836e-06, 5.376228e-06, 4.289253e-07) (9.090766e-06, 3.195526e-06, 1.604852e-08) (9.834317e-07, 9.679980e-06, 7.322590e-07) (3.934531e-06, 9.765803e-06, 6.778808e-07) (1.368217e-06, 4.130504e-06, 2.957245e-07) (1.351707e-06, 6.783204e-06, 2.383521e-07) (8.530436e-06, 3.113241e-07, 5.116296e-07) (6.941457e-07, 1.529505e-06, 3.310167e-07) (3.690826e-06, 2.332874e-07, 2.999705e-08) (9.754136e-06, 9.308592e-06, 6.478297e-07) )
				((8.111255e-06, 5.243010e-06, 3.618279e-07) (9.199796e-06, 3.240363e-06, 6.021039e-07) (8.074579e-07, 9.513760e-06, 5.018589e-07) (3.813678e-06, 9.849508e-06, 7.931658e-07) (3.252940e-07, 5.179748e-06, 8.714923e-07) (1.006225e-06, 7.129114e-06, 6.869037e-07) (8.832507e-06, 9.544610e-07, 8.333515e-07) (4.790015e-07, 1.200568e-06, 5.063542e-07) (3.706854e-06, 5.422497e-07, 5.298843e-07) (9.731936e-06, 9.353710e-06, 7.937473e-07) )
				((8.068671e-06, 3.055946e-06, 8.319260e-07) (9.511832e-06, 4.924493e-07, 7.762126e-07) (8.401147e-06, 5.720909e-06, 2.259593e-07) (5.765296e-07, 9.594634e-06, 5.067456e-07) (4.371376e-06, 9.404957e-06, 1.872005e-07) (4.973585e-07, 5.150482e-06, 7.230773e-07) (1.395291e-06, 7.078618e-06, 2.133992e-07) (7.845599e-07, 1.180558e-06, 5.670559e-07) (3.671841e-06, 1.006854e-06, 8.714649e-07) (9.810029e-06, 8.926981e-06, 3.830581e-07) )
				((8.291307e-06, 2.888369e-06, 9.292427e-07) (9.842308e-06, 4.169642e-07, 8.566537e-07) (8.896681e-06, 5.684381e-06, 8.247916e-07) (6.179368e-07, 9.461140e-06, 8.848502e-07) (4.415308e-06, 9.871505e-06, 2.536234e-08) (1.114377e-06, 4.021787e-06, 5.480474e-07) (1.449041e-06, 7.100091e-06, 7.890305e-07) (1.108925e-06, 1.388412e-06, 5.364992e-07) (3.974820e-06, 1.063288e-06, 7.884921e-07) (8.997647e-06, 8.302587e-06, 6.415372e-08) )
				((8.399073e-06, 3.752617e-06, 9.249473e-07) (9.686932e-06, 3.223462e-07, 9.841686e-08) (9.561626e-06, 6.090899e-06, 3.274068e-07) (4.997215e-07, 8.886009e-06, 3.995786e-07) (4.915395e-06, 9.535975e-06, 2.964497e-07) (1.211784e-06, 4.253045e-06, 6.076833e-07) (1.936674e-06, 6.908196e-06, 9.727586e-07) (2.577083e-07, 1.279184e-06, 2.451215e-07) (4.312003e-06, 2.683056e-07, 8.914328e-07) (8.266324e-06, 8.328024e-06, 2.719128e-08) )
				((9.931949e-06, 5.568718e-06, 6.134061e-07) (8.227510e-06, 4.522663e-06, 6.390218e-07) (9.843341e-06, 3.268606e-07, 4.210711e-07) (1.162427e-07, 9.247604e-06, 5.903844e-07) (4.685992e-06, 9.595939e-06, 4.270941e-07) (1.278416e-06, 3.993830e-06, 8.599471e-07) (1.878234e-06, 7.430681e-06, 5.709769e-07) (2.547149e-07, 1.111695e-06, 8.799302e-08) (5.310714e-06, 2.498310e-08, 8.949079e-07) (7.796143e-06, 8.744345e-06, 4.333991e-07) )
				((1.726044e-06, 7.517066e-06, 9.530720e-07) (4.012582e-07, 9.014841e-06, 9.128833e-07) (9.563091e-06, 5.983030e-06, 3.135008e-07) (8.167802e-06, 4.170641e-06, 9.074611e-07) (9.934031e-06, 9.665277e-07, 1.013467e-07) (5.543168e-06, 9.708219e-06, 6.998200e-07) (5.397848e-07, 3.843394e-06, 9.093753e-07) (9.029815e-07, 1.579451e-06, 6.560322e-07) (5.680231e-06, 8.970911e-08, 7.620674e-07) (7.494881e-06, 9.057062e-06, 3.673523e-07) )
				((1.068119e-06, 3.853031e-06, 9.727914e-07) (6.622544e-07, 1.376726e-06, 6.599225e-07) (1.989693e-06, 7.013458e-06, 8.251009e-07) (8.517594e-07, 9.264212e-06, 7.671542e-07) (5.205498e-06, 8.569492e-06, 8.685258e-08) (8.484271e-06, 8.660697e-06, 6.169763e-07) (9.600791e-06, 6.387682e-06, 9.534706e-07) (8.706856e-06, 4.156309e-06, 9.862452e-07) (9.969373e-06, 5.683111e-07, 1.449335e-07) (5.989837e-06, 9.580306e-07, 7.630408e-07) )
				((8.725324e-06, 8.812586e-06, 9.379165e-07) (9.372514e-06, 6.920779e-06, 9.848948e-07) (7.975969e-07, 1.910660e-06, 2.870266e-07) (5.879371e-07, 4.045960e-06, 3.049065e-07) (1.855540e-06, 6.508620e-06, 5.510608e-07) (9.842808e-07, 9.336228e-06, 9.369040e-07) (5.008355e-06, 8.043486e-06, 6.188174e-07) (8.699819e-06, 4.244042e-06, 5.978951e-07) (9.908286e-06, 3.341182e-07, 4.085965e-07) (5.515614e-06, 1.576245e-06, 4.232061e-07) )
				((4.809313e-07, 3.813986e-06, 3.331558e-07) (1.197649e-06, 5.677343e-06, 2.139158e-07) (8.963379e-06, 6.776599e-06, 9.169378e-07) (8.681598e-06, 8.833404e-06, 5.619497e-07) (1.252577e-06, 2.628021e-06, 1.840794e-07) (1.081955e-08, 9.656851e-06, 6.985033e-07) (4.549373e-06, 8.403744e-06, 2.066656e-07) (8.035239e-06, 4.101287e-06, 9.599681e-07) (9.629285e-06, 1.087797e-06, 1.456133e-07) (4.720017e-06, 6.120101e-07, 7.957169e-07) )
				((4.690948e-07, 3.987886e-06, 3.587778e-08) (5.629433e-07, 2.187950e-06, 9.027235e-07) (8.527749e-06, 8.812360e-06, 6.596228e-07) (9.078314e-06, 6.864287e-06, 4.842737e-07) (1.157968e-06, 6.018093e-06, 2.193149e-07) (1.269088e-07, 9.731942e-06, 7.438168e-07) (4.836471e-06, 8.460669e-06, 1.239923e-08) (8.213808e-06, 4.118952e-06, 9.834768e-07) (9.950556e-06, 9.228886e-07, 6.169759e-07) (3.890827e-06, 6.028440e-07, 2.360696e-07) )
				((3.108839e-08, 4.225909e-06, 7.190701e-07) (1.562263e-07, 2.078688e-06, 6.495312e-07) (8.401392e-06, 9.244281e-06, 5.793924e-07) (9.535261e-06, 7.178672e-06, 2.964467e-07) (8.099133e-07, 6.681693e-06, 8.460655e-07) (3.583607e-07, 9.643722e-06, 4.039098e-07) (5.306909e-06, 8.812459e-06, 1.388543e-07) (8.914054e-06, 3.571123e-06, 9.258392e-07) (9.377883e-06, 7.234575e-07, 2.038391e-07) (4.288033e-06, 3.763161e-07, 1.440169e-07) )
				((1.237689e-07, 4.506499e-06, 7.787469e-07) (8.583323e-07, 6.366295e-06, 8.184347e-07) (9.061847e-07, 1.972077e-06, 2.672959e-07) (8.640795e-06, 9.017417e-06, 9.948211e-07) (9.396704e-06, 6.833529e-06, 2.950477e-07) (3.014656e-07, 9.995685e-06, 4.626914e-07) (5.825774e-06, 8.707634e-06, 1.270148e-07) (9.057272e-06, 3.561787e-06, 7.042275e-07) (8.536761e-06, 1.480836e-06, 9.538681e-08) (4.548566e-06, 4.086813e-07, 5.092207e-07) )
				((8.411744e-07, 2.126909e-06, 2.117093e-07) (2.031783e-07, 4.005335e-06, 4.656277e-07) (1.654921e-06, 6.688954e-06, 7.580151e-07) (8.416820e-06, 1.938270e-06, 5.586560e-07) (9.730625e-06, 4.034159e-06, 1.555637e-07) (8.803573e-06, 9.193333e-06, 5.669917e-07) (9.973617e-06, 6.835927e-06, 3.754979e-07) (1.866493e-07, 9.809063e-06, 3.514306e-07) (5.860331e-06, 9.375976e-06, 6.065237e-07) (4.659917e-06, 5.035798e-07, 9.026633e-08) )
				((4.470514e-08, 3.934785e-06, 8.243091e-08) (6.898128e-07, 1.896411e-06, 9.968483e-07) (8.050969e-06, 2.552330e-06, 8.665973e-07) (9.131983e-06, 4.301769e-06, 6.337924e-08) (8.879958e-06, 8.963499e-06, 3.659151e-07) (9.306778e-06, 6.409352e-06, 6.501803e-07) (1.982072e-06, 6.996002e-06, 5.522680e-07) (6.454396e-07, 9.775274e-06, 3.615123e-07) (6.296017e-06, 9.682067e-06, 9.280118e-07) (4.469798e-06, 4.002543e-07, 3.567121e-07) )
				((8.595364e-06, 6.558079e-06, 9.458274e-07) (9.112288e-06, 4.645335e-06, 1.074068e-07) (6.089651e-07, 3.733055e-06, 5.781930e-08) (7.473276e-07, 1.350484e-06, 6.909176e-07) (8.299669e-06, 2.522702e-06, 8.482383e-07) (8.568965e-06, 8.451140e-06, 9.334144e-08) (1.696217e-06, 5.892628e-06, 9.248979e-07) (6.115677e-07, 9.363621e-06, 5.510778e-07) (6.629780e-06, 9.896524e-06, 6.988487e-07) (5.190627e-06, 4.218452e-07, 4.739565e-07) )
				((8.121884e-06, 6.346744e-06, 9.496769e-07) (8.091455e-06, 8.266219e-06, 3.887037e-07) (4.543384e-07, 4.688806e-06, 2.058574e-07) (1.939995e-06, 5.960317e-06, 7.549750e-07) (7.195697e-06, 9.877879e-06, 8.225427e-07) (9.838106e-06, 4.319398e-06, 3.118215e-07) (1.129836e-07, 1.953157e-06, 1.179489e-08) (9.183083e-06, 2.061749e-06, 9.170054e-07) (6.124015e-08, 9.648723e-06, 2.640529e-07) (5.613595e-06, 2.194684e-07, 6.830449e-07) )
				((6.336320e-06, 9.898326e-06, 6.390204e-07) (7.612878e-06, 8.483121e-06, 3.272210e-08) (9.833162e-06, 4.406484e-06, 2.504591e-07) (8.085265e-06, 5.878310e-06, 5.436796e-07) (7.266221e-08, 4.254139e-06, 4.662621e-07) (1.883956e-06, 5.918948e-06, 6.352680e-07) (5.201916e-07, 1.500148e-06, 6.153379e-08) (9.053932e-06, 2.129171e-06, 4.072713e-07) (7.665100e-07, 9.494857e-06, 4.792624e-07) (6.017295e-06, 9.475861e-08, 8.936827e-07) )
				((9.999046e-06, 3.983415e-06, 1.062595e-07) (9.013443e-06, 2.280826e-06, 4.612431e-07) (8.099053e-06, 8.114576e-06, 9.594864e-07) (6.062139e-06, 9.642934e-06, 8.421305e-07) (8.647488e-06, 5.851620e-06, 5.764243e-08) (5.913317e-07, 3.735315e-06, 9.628367e-07) (1.710539e-06, 5.587724e-06, 2.889105e-07) (1.106467e-06, 1.468516e-06, 9.129729e-07) (1.310447e-06, 9.945689e-06, 2.272770e-07) (6.123340e-06, 7.050818e-07, 4.992825e-07) )
				((8.280487e-06, 7.997217e-06, 4.322946e-07) (9.209192e-06, 6.242606e-06, 6.748781e-07) (8.576448e-06, 2.081211e-06, 5.569063e-07) (9.486053e-06, 3.862349e-06, 5.439750e-07) (6.095733e-06, 9.948118e-06, 5.257860e-08) (5.800166e-07, 3.951707e-06, 7.308223e-07) (1.658026e-06, 6.281093e-06, 4.109126e-08) (1.439126e-06, 1.005919e-06, 7.664933e-07) (1.229370e-06, 9.133712e-06, 2.499672e-08) (5.715415e-06, 3.417312e-07, 4.215657e-07) )
				((8.134820e-06, 8.304567e-06, 3.583755e-07) (8.948186e-06, 6.496176e-06, 6.194503e-07) (9.203696e-06, 3.782922e-06, 8.750919e-09) (8.186150e-06, 1.385801e-06, 4.608965e-07) (6.463723e-06, 9.984916e-06, 1.854235e-07) (7.756291e-07, 3.665279e-06, 4.758524e-07) (1.664176e-06, 6.561338e-06, 2.789559e-07) (1.850993e-06, 6.270597e-07, 7.956000e-07) (1.613735e-06, 9.134408e-06, 7.580870e-07) (5.397926e-06, 3.462014e-07, 1.133217e-07) )
				((9.489576e-06, 3.140478e-06, 2.204594e-07) (8.467447e-06, 1.464588e-06, 6.034056e-07) (6.529803e-06, 9.883270e-06, 1.271663e-07) (8.141416e-06, 8.969989e-06, 8.812379e-07) (8.856483e-06, 6.826352e-06, 7.062048e-07) (7.349970e-07, 3.694069e-06, 2.909370e-07) (1.696938e-06, 6.561037e-06, 4.145910e-07) (1.574799e-06, 2.365250e-07, 3.637348e-08) (1.893943e-06, 8.864049e-06, 4.972920e-08) (5.313126e-06, 8.740240e-07, 2.366363e-08) )
				((7.776517e-06, 4.854573e-07, 4.558181e-07) (5.815950e-06, 8.626122e-07, 3.377786e-07) (6.125915e-06, 9.493867e-06, 9.906582e-08) (8.222814e-06, 9.539536e-06, 6.381024e-08) (9.804625e-06, 3.400128e-06, 7.683393e-07) (8.770166e-06, 7.357549e-06, 1.327284e-07) (5.801270e-07, 3.120531e-06, 1.815697e-07) (1.572344e-06, 6.483889e-06, 7.212550e-08) (1.895155e-06, 1.471125e-07, 4.226610e-08) (1.304484e-06, 8.813754e-06, 2.586831e-07) )
				((8.135023e-06, 9.973249e-06, 1.458177e-08) (6.164379e-06, 9.973269e-06, 5.599953e-07) (8.480711e-06, 1.242596e-07, 3.139651e-07) (6.122861e-06, 9.127073e-07, 9.424071e-07) (9.714855e-06, 2.506460e-06, 5.837521e-07) (8.869473e-06, 7.055101e-06, 3.803252e-07) (2.200148e-07, 3.903458e-06, 4.670315e-07) (8.033255e-07, 6.401500e-06, 7.290641e-07) (2.461641e-06, 1.061573e-06, 2.973742e-07) (1.026545e-06, 8.780654e-06, 3.399997e-07) )
				((9.476285e-06, 2.118834e-06, 9.134695e-07) (8.676435e-06, 2.903244e-07, 7.838778e-07) (1.137251e-06, 8.875844e-06, 2.868095e-07) (3.735009e-07, 6.071372e-06, 8.479102e-07) (8.699329e-06, 9.980247e-06, 5.205973e-07) (6.559618e-06, 9.887265e-06, 4.511718e-08) (6.207375e-06, 3.711310e-07, 3.600175e-07) (9.708452e-06, 7.752548e-06, 5.363824e-07) (2.236759e-07, 3.782668e-06, 1.371402e-07) (2.122366e-06, 1.235120e-06, 1.357423e-07) )
				((5.901953e-06, 1.024914e-06, 3.112030e-07) (8.258374e-06, 5.045055e-07, 8.220277e-07) (4.954679e-08, 3.628250e-06, 3.897604e-08) (2.887169e-07, 5.589494e-06, 9.791932e-07) (9.651172e-06, 2.518405e-06, 6.145896e-07) (5.957441e-06, 9.453885e-06, 2.331407e-07) (8.655382e-06, 9.865351e-06, 2.442204e-07) (9.260374e-07, 9.201568e-06, 5.405350e-07) (9.972317e-06, 7.741332e-06, 2.145936e-07) (2.221350e-06, 1.561775e-06, 3.836350e-07) )
				((8.002806e-06, 2.007089e-07, 9.440929e-07) (9.203165e-06, 1.763738e-06, 6.033918e-07) (6.503849e-06, 1.742172e-06, 1.789243e-07) (4.058407e-07, 5.728184e-06, 9.187966e-07) (6.867644e-07, 3.089309e-06, 5.621158e-08) (5.495635e-06, 9.219332e-06, 7.885516e-07) (8.468944e-06, 9.680075e-06, 4.601723e-07) (1.074556e-06, 9.531656e-06, 8.307946e-07) (9.803040e-06, 7.566638e-06, 3.426686e-07) (2.993020e-06, 1.762089e-06, 2.094611e-07) )
				((9.270228e-06, 1.392968e-06, 1.276731e-08) (7.914642e-06, 7.807563e-08, 6.711317e-07) (7.158085e-06, 1.892119e-06, 6.717311e-08) (2.947311e-07, 5.338816e-06, 2.497919e-07) (3.642596e-07, 2.954781e-06, 3.487658e-07) (6.014617e-06, 9.217942e-06, 5.412209e-07) (8.539304e-06, 9.178797e-06, 2.497615e-09) (8.450273e-07, 9.405735e-06, 6.305647e-07) (9.453444e-06, 6.495396e-06, 1.613027e-07) (3.159388e-06, 1.674305e-06, 8.423680e-07) )
				((6.935131e-06, 1.764195e-06, 2.717152e-07) (7.972274e-06, 1.831113e-07, 9.232574e-07) (2.413600e-06, 1.933516e-06, 9.209494e-07) (4.471712e-07, 2.665542e-06, 3.340040e-07) (8.655541e-06, 8.872982e-06, 6.785058e-08) (6.213400e-06, 9.014323e-06, 3.522182e-07) (6.113981e-08, 5.312603e-06, 9.276198e-07) (9.730789e-06, 1.168500e-06, 2.928459e-07) (4.419342e-07, 9.537749e-06, 7.227654e-07) (9.422691e-06, 6.493393e-06, 5.512035e-08) )
				((8.190336e-06, 1.424242e-07, 9.491298e-07) (7.630396e-06, 1.863589e-06, 1.999542e-07) (2.441204e-07, 2.725085e-06, 4.044262e-07) (2.550634e-06, 1.399044e-06, 7.063708e-07) (8.885336e-06, 9.981255e-06, 4.308502e-07) (6.544095e-06, 8.834206e-06, 2.814491e-07) (8.049937e-07, 5.712168e-06, 6.263125e-07) (9.881335e-06, 8.665727e-07, 2.191945e-07) (3.807133e-07, 9.712267e-06, 9.311736e-07) (9.726872e-06, 6.408707e-06, 3.840757e-07) )
				((7.426770e-06, 2.864866e-08, 4.708830e-07) (8.023254e-06, 2.098684e-06, 4.797157e-07) (4.194410e-07, 2.997900e-06, 6.163456e-07) (3.036651e-06, 1.434005e-06, 7.341171e-07) (8.545198e-06, 9.930521e-06, 8.452211e-07) (6.251292e-06, 8.076973e-06, 6.738968e-07) (4.429785e-07, 6.077500e-06, 6.926530e-07) (9.900006e-06, 1.272119e-06, 5.047571e-07) (2.913464e-07, 9.931077e-06, 5.756043e-07) (9.930613e-06, 5.664911e-06, 2.234769e-07) )
				((8.045147e-06, 2.389564e-06, 3.550045e-07) (9.763004e-06, 1.385084e-06, 5.549741e-07) (6.839139e-06, 3.586874e-07, 9.481629e-07) (2.079651e-07, 2.364057e-06, 3.436081e-07) (3.307851e-06, 1.707315e-06, 5.165409e-07) (9.339923e-06, 9.873862e-06, 9.571520e-07) (6.421064e-06, 8.177645e-06, 8.909489e-07) (1.707108e-07, 6.360058e-06, 7.570369e-07) (8.112689e-07, 9.952922e-06, 3.366853e-07) (9.948409e-06, 5.555070e-06, 8.008001e-07) )
				((9.725654e-06, 1.380214e-06, 9.367163e-07) (8.509490e-06, 3.130762e-06, 8.195675e-08) (6.892690e-06, 3.336370e-07, 8.927400e-07) (2.447802e-07, 2.578149e-06, 3.278739e-07) (3.980921e-06, 1.961347e-06, 3.508444e-08) (8.994159e-06, 9.958042e-06, 4.008332e-07) (6.455021e-06, 8.569009e-06, 4.836134e-07) (9.952934e-07, 6.676962e-06, 6.782062e-07) (3.654400e-07, 9.726748e-06, 5.749277e-07) (9.652787e-06, 5.500257e-06, 4.340370e-07) )
				((9.832523e-06, 1.233969e-06, 7.009862e-07) (8.696923e-06, 3.241834e-06, 5.040104e-07) (6.262490e-06, 4.908912e-07, 7.320084e-07) (8.488879e-07, 2.131238e-06, 6.428120e-07) (4.136440e-06, 1.670348e-06, 8.247645e-07) (9.160565e-06, 9.927219e-06, 4.273234e-07) (5.834400e-06, 8.713567e-06, 1.842181e-07) (1.943021e-06, 7.006810e-06, 3.241407e-07) (2.284103e-07, 9.398001e-06, 4.341446e-07) (9.297986e-06, 5.146007e-06, 3.776028e-08) )
				((8.497210e-06, 3.197364e-06, 6.882734e-09) (9.137217e-06, 5.312751e-06, 4.026784e-07) (9.433764e-06, 1.176214e-06, 7.149961e-07) (7.054896e-06, 7.964854e-07, 1.147633e-07) (8.996055e-07, 1.501458e-06, 8.176718e-07) (4.089290e-06, 1.375137e-06, 4.519312e-07) (9.812336e-06, 9.730783e-06, 5.277264e-07) (6.011366e-06, 9.386977e-06, 8.933189e-07) (1.618568e-06, 6.552028e-06, 4.998593e-07) (7.649649e-07, 9.299031e-06, 2.910137e-07) )
				((7.647623e-06, 6.214084e-07, 5.635589e-07) (9.633114e-06, 1.142023e-06, 6.158000e-07) (8.463147e-06, 3.485409e-06, 1.586075e-07) (8.761990e-06, 5.663136e-06, 9.218366e-07) (5.631166e-08, 1.444658e-06, 2.340870e-07) (4.411192e-06, 1.484871e-07, 7.017330e-07) (9.363343e-06, 8.393179e-06, 6.869799e-07) (6.004506e-06, 9.824997e-06, 9.116957e-07) (1.513668e-06, 6.170288e-06, 8.704083e-07) (1.962683e-07, 9.931448e-06, 5.351669e-07) )
				((8.219496e-06, 1.552435e-06, 4.157399e-07) (8.245837e-06, 3.530202e-06, 7.119544e-07) (8.936174e-06, 5.387896e-06, 5.126351e-07) (9.860886e-06, 4.132628e-07, 2.519488e-07) (5.557116e-08, 5.858667e-07, 6.207659e-07) (3.971394e-06, 1.443502e-07, 8.935229e-07) (9.903211e-06, 9.132255e-06, 5.356770e-07) (6.112743e-06, 9.606288e-06, 6.147389e-07) (1.319083e-06, 6.323849e-06, 2.019792e-07) (2.338758e-07, 9.762289e-06, 2.880145e-08) )
				((9.941124e-06, 3.563703e-07, 1.913877e-07) (8.350865e-06, 1.356606e-06, 8.773939e-07) (8.144262e-06, 3.542978e-06, 1.299874e-07) (8.516016e-06, 5.557021e-06, 9.411850e-07) (7.634351e-07, 7.517197e-07, 3.271255e-07) (3.708752e-06, 5.166957e-07, 9.711725e-07) (9.780453e-06, 9.368616e-06, 6.165846e-07) (5.150339e-06, 9.894566e-06, 3.177343e-07) (1.746548e-06, 6.347108e-06, 7.588054e-08) (1.489694e-06, 9.586449e-06, 6.610921e-07) )
				((8.027311e-06, 5.329286e-06, 4.861875e-07) (8.249899e-06, 3.348705e-06, 6.527776e-07) (1.112946e-06, 5.945588e-07, 1.472058e-07) (3.093773e-06, 5.921406e-07, 4.234671e-07) (7.614705e-06, 9.348666e-07, 4.491918e-07) (9.419481e-06, 7.385374e-08, 4.871512e-07) (8.883806e-06, 9.658758e-06, 9.062908e-07) (5.272808e-06, 9.610072e-06, 3.210627e-07) (1.379687e-06, 5.493575e-06, 4.278994e-07) (2.005625e-06, 9.187234e-06, 3.075985e-08) )
				((9.244219e-06, 4.557883e-07, 4.729839e-07) (7.258307e-06, 4.837104e-07, 7.083014e-07) (8.632229e-06, 2.639204e-06, 7.091203e-07) (8.086770e-06, 4.514131e-06, 1.200463e-07) (1.332296e-06, 1.441684e-06, 2.699561e-07) (3.532432e-06, 2.228283e-07, 1.554452e-07) (8.893265e-06, 9.970304e-06, 6.930209e-07) (5.391335e-06, 9.853908e-06, 1.126828e-07) (1.288390e-06, 5.300663e-06, 4.625274e-07) (1.689518e-06, 8.990256e-06, 4.209752e-07) )
				((8.208231e-06, 4.609859e-06, 6.978535e-07) (8.714399e-06, 2.678667e-06, 5.783149e-07) (9.183569e-06, 6.989733e-07, 5.247462e-07) (3.709451e-06, 1.455120e-07, 2.205861e-07) (1.184535e-06, 2.224420e-06, 6.457159e-07) (6.981376e-06, 1.651371e-07, 4.727543e-07) (8.630554e-06, 9.213465e-06, 1.131188e-07) (5.147228e-06, 9.977016e-06, 1.785444e-07) (1.369211e-06, 5.268017e-06, 1.495555e-07) (1.282547e-06, 8.645809e-06, 1.396437e-07) )
				((8.968417e-06, 2.573860e-06, 6.036222e-07) (8.010494e-06, 4.280796e-06, 2.457095e-07) (8.885798e-06, 6.130984e-08, 6.151599e-07) (3.390630e-06, 2.469611e-07, 8.107223e-07) (1.438335e-06, 2.374101e-06, 9.364935e-07) (6.758995e-06, 8.972227e-07, 5.897063e-07) (8.523861e-06, 9.408677e-06, 1.232637e-07) (5.504722e-06, 9.387489e-06, 7.452716e-07) (1.807932e-06, 5.041537e-06, 1.399956e-07) (9.643724e-07, 9.296064e-06, 3.437500e-07) )
				((7.059207e-06, 8.649446e-07, 5.186390e-07) (9.027198e-06, 9.369138e-07, 8.676801e-07) (8.007819e-06, 4.401764e-06, 9.678282e-08) (9.423787e-06, 3.006456e-06, 3.663492e-08) (1.684890e-06, 2.759469e-06, 9.824092e-07) (1.458076e-06, 4.723762e-06, 6.822299e-07) (4.145004e-06, 1.452872e-07, 9.969318e-07) (8.858249e-06, 9.856300e-06, 3.348092e-07) (5.752580e-06, 8.778907e-06, 2.879288e-07) (1.191304e-06, 8.641017e-06, 6.493041e-07) )
				((8.841597e-06, 1.560970e-06, 5.328336e-07) (9.985080e-06, 3.163208e-06, 1.788859e-07) (1.130348e-06, 4.669864e-06, 6.584554e-07) (1.937023e-06, 2.798423e-06, 7.699404e-07) (8.146981e-06, 4.200278e-06, 3.780079e-07) (6.955912e-06, 1.602815e-06, 9.453150e-07) (4.608922e-06, 4.470695e-07, 6.153322e-07) (9.156079e-06, 9.665617e-06, 2.279742e-07) (6.061094e-06, 8.928650e-06, 7.752648e-07) (6.463157e-07, 9.383352e-06, 5.478511e-07) )
				((6.549773e-06, 6.205902e-07, 3.704776e-07) (8.969725e-06, 1.102532e-06, 9.568839e-07) (9.583497e-06, 3.019621e-06, 2.422570e-07) (8.615183e-07, 5.612897e-06, 6.372082e-07) (1.432959e-06, 2.751147e-06, 9.696833e-07) (8.172760e-06, 5.123673e-06, 3.792652e-07) (3.812659e-06, 5.836062e-08, 6.261770e-07) (8.911167e-06, 9.565213e-06, 5.950931e-07) (6.026738e-06, 8.509118e-06, 6.699092e-07) (6.637517e-07, 9.393536e-06, 9.053595e-07) )
				((3.727471e-06, 1.952832e-07, 5.333786e-07) (5.649310e-06, 5.163991e-07, 9.843988e-07) (9.168078e-06, 2.716956e-06, 8.291912e-07) (8.944519e-06, 3.213655e-07, 8.850628e-07) (1.938462e-07, 6.086307e-06, 2.143962e-07) (4.570831e-07, 2.879836e-06, 1.093095e-07) (8.079881e-06, 4.714888e-06, 2.972408e-08) (9.856690e-06, 8.965418e-06, 7.750149e-07) (6.042951e-06, 8.854215e-06, 3.089864e-08) (1.252841e-06, 9.166967e-06, 5.633212e-07) )
				((6.322031e-06, 1.219860e-07, 7.731882e-07) (4.233171e-06, 2.371934e-07, 6.561594e-07) (8.423722e-06, 4.757294e-06, 6.224207e-07) (8.689721e-06, 2.567173e-06, 7.179621e-07) (9.781808e-06, 2.812481e-07, 6.496703e-07) (5.402954e-07, 6.042717e-06, 3.382746e-07) (2.045070e-08, 3.263674e-06, 4.928814e-07) (9.234307e-06, 9.148961e-06, 5.399409e-07) (6.320301e-06, 8.759544e-06, 1.311442e-07) (1.325842e-06, 8.966342e-06, 1.002836e-07) )
				((5.027581e-07, 5.476838e-06, 9.718421e-07) (3.574162e-07, 3.471436e-06, 3.947498e-07) (5.812884e-06, 5.137257e-07, 6.764604e-07) (3.617376e-06, 8.018921e-07, 5.932776e-07) (8.134857e-06, 4.743674e-06, 6.352662e-07) (8.822487e-06, 2.234758e-06, 2.626844e-07) (9.599373e-06, 1.082236e-07, 5.962981e-07) (8.748045e-06, 9.430451e-06, 7.124423e-07) (6.650626e-06, 8.960437e-06, 9.505142e-08) (1.746344e-06, 8.934743e-06, 3.922737e-07) )
				((3.095005e-06, 9.179175e-07, 2.457051e-07) (5.055202e-06, 5.415242e-07, 4.149515e-07) (7.568922e-07, 6.374351e-06, 8.551908e-07) (6.169094e-07, 3.924965e-06, 7.059703e-07) (8.740198e-06, 4.729934e-06, 5.131341e-07) (8.717573e-06, 2.688741e-06, 1.576036e-07) (9.208490e-06, 3.376205e-08, 7.685282e-07) (9.378753e-06, 8.990679e-06, 6.710736e-07) (6.654098e-06, 8.271372e-06, 5.599976e-07) (2.626010e-06, 8.366577e-06, 2.555517e-07) )
				((9.143086e-06, 2.482637e-06, 1.458611e-07) (8.949060e-06, 4.965123e-07, 2.787631e-07) (8.839317e-07, 5.881516e-06, 7.038351e-07) (8.575153e-07, 3.470158e-06, 1.853001e-07) (2.377939e-06, 8.611849e-07, 1.183052e-07) (5.288751e-06, 1.388403e-07, 4.623976e-07) (9.165256e-06, 5.265848e-06, 3.157653e-07) (8.885768e-06, 8.630490e-06, 5.857179e-07) (6.710442e-06, 8.579985e-06, 2.137928e-07) (3.509019e-06, 8.030568e-06, 3.016389e-07) )
				((5.319076e-06, 1.346318e-07, 6.977587e-07) (3.459963e-06, 8.187672e-07, 1.736997e-07) (8.366273e-06, 3.817520e-07, 1.425328e-07) (8.749982e-06, 2.477558e-06, 6.233654e-07) (8.823696e-06, 8.909421e-06, 4.675522e-08) (6.607977e-06, 8.298620e-06, 3.425916e-07) (1.077039e-06, 5.257601e-06, 8.870770e-07) (3.620905e-07, 2.951034e-06, 2.379166e-07) (8.761403e-06, 5.556096e-06, 3.269296e-07) (3.953317e-06, 8.013119e-06, 8.749459e-07) )
				((3.442053e-06, 6.819898e-07, 1.067596e-07) (5.153265e-06, 1.758157e-08, 8.698811e-07) (9.027488e-06, 8.658282e-06, 2.242616e-07) (6.874232e-06, 8.361900e-06, 1.456883e-07) (9.435890e-06, 3.091993e-06, 3.907014e-07) (9.488856e-06, 7.595736e-07, 4.025630e-07) (1.016420e-06, 5.103610e-06, 7.700002e-07) (3.906786e-07, 2.893172e-06, 7.222733e-07) (9.046766e-06, 5.419850e-06, 5.758614e-08) (3.559482e-06, 8.329987e-06, 6.643844e-07) )
				((3.080732e-06, 8.640068e-07, 2.357952e-07) (4.920320e-06, 7.414483e-08, 3.064115e-07) (4.724882e-07, 3.271218e-06, 5.505080e-07) (1.046997e-06, 5.440096e-06, 8.881995e-07) (6.644537e-06, 8.499350e-06, 2.007510e-07) (8.792014e-06, 8.471803e-06, 2.066573e-07) (9.934834e-06, 3.438417e-06, 1.334874e-07) (9.365705e-06, 3.921203e-07, 9.043863e-07) (8.763403e-06, 5.507722e-06, 1.247013e-07) (3.133030e-06, 8.085791e-06, 2.253026e-07) )
				((7.296280e-07, 3.694402e-06, 1.344444e-07) (6.450332e-07, 5.592133e-06, 7.601132e-07) (2.954271e-06, 9.887832e-07, 5.876062e-07) (4.866193e-06, 4.298527e-07, 9.691511e-07) (7.333321e-06, 8.914591e-06, 4.738652e-07) (9.320020e-06, 8.666342e-06, 8.033818e-07) (9.595906e-06, 3.655035e-06, 5.528845e-07) (8.966271e-06, 9.924502e-07, 6.388118e-07) (8.695631e-06, 6.450176e-06, 4.292154e-07) (3.175282e-06, 8.335901e-06, 7.613375e-07) )
				((9.272920e-06, 8.664525e-06, 8.755968e-07) (7.329711e-06, 8.191806e-06, 8.538303e-07) (8.687511e-06, 6.633761e-06, 4.957126e-07) (5.740672e-07, 5.448551e-06, 3.750339e-07) (1.531462e-06, 3.224589e-06, 6.822389e-07) (2.660500e-06, 7.919210e-07, 3.955587e-07) (5.206442e-06, 5.080843e-07, 7.017626e-07) (9.120454e-06, 3.420163e-06, 6.012961e-07) (9.121696e-06, 8.742949e-07, 1.348708e-07) (3.925495e-06, 8.879976e-06, 6.827972e-07) )
				((8.093978e-06, 6.261248e-06, 2.307954e-07) (9.329203e-06, 8.351073e-06, 9.347003e-07) (7.213019e-06, 8.951190e-06, 4.281950e-07) (7.781032e-08, 5.863382e-06, 4.683363e-07) (1.242970e-06, 2.719922e-06, 8.411217e-07) (3.566818e-06, 1.068931e-06, 2.539119e-07) (5.755621e-06, 4.524902e-09, 8.264846e-07) (8.989162e-06, 3.352516e-06, 6.818419e-07) (9.337091e-06, 1.184155e-07, 1.755503e-07) (4.070821e-06, 9.568706e-06, 9.264204e-07) )
				((5.716307e-06, 2.504438e-07, 2.344117e-07) (3.955601e-06, 1.132930e-06, 5.824546e-07) (9.744254e-06, 8.767786e-06, 7.116530e-07) (8.636368e-06, 7.147935e-06, 3.260759e-07) (7.566629e-06, 8.821104e-06, 2.135957e-07) (5.314317e-07, 5.954287e-06, 8.664992e-07) (1.448796e-06, 2.825738e-06, 5.719388e-07) (9.851358e-06, 3.376043e-06, 6.830104e-07) (9.759066e-06, 3.362792e-07, 5.560119e-07) (4.567328e-06, 9.652381e-06, 8.221625e-07) )
				((3.767602e-06, 1.131583e-06, 5.296806e-07) (5.451398e-06, 1.925221e-07, 2.293773e-09) (9.760769e-06, 9.178058e-06, 1.503497e-07) (9.050480e-06, 7.058608e-06, 2.911755e-07) (7.599107e-06, 8.929449e-06, 3.231945e-07) (3.644421e-07, 5.510257e-06, 9.192566e-07) (1.777548e-06, 2.728449e-06, 5.740753e-07) (9.960172e-06, 2.954067e-06, 7.863170e-07) (9.485735e-06, 8.240794e-08, 6.652205e-07) (5.207432e-06, 9.831887e-06, 1.019435e-07) )
				((9.959366e-06, 9.281554e-06, 2.706074e-08) (9.281563e-06, 7.280870e-06, 5.770747e-07) (7.130801e-06, 8.450929e-06, 3.184839e-07) (6.320000e-06, 2.272925e-07, 2.370737e-07) (4.146666e-06, 1.395402e-06, 8.157562e-07) (5.401767e-07, 6.123020e-06, 8.483085e-07) (1.262850e-06, 2.867261e-06, 9.027132e-07) (9.907178e-06, 3.153850e-06, 3.957891e-07) (8.731488e-06, 1.624175e-07, 6.631846e-07) (4.700240e-06, 9.986318e-06, 5.035360e-08) )
				((9.932399e-06, 8.979654e-06, 4.253436e-07) (8.646257e-06, 7.483670e-06, 9.690550e-08) (7.478331e-06, 8.098853e-06, 6.808583e-07) (7.225224e-06, 5.718571e-07, 3.338225e-07) (4.712004e-06, 1.848531e-06, 8.633119e-07) (5.320879e-07, 6.675802e-06, 7.807093e-07) (1.977181e-06, 3.535256e-06, 9.167318e-07) (9.315385e-06, 3.291651e-06, 1.532565e-07) (9.413871e-06, 1.954390e-07, 3.579914e-07) (3.702028e-06, 9.982328e-06, 4.178899e-07) )
				((9.762936e-06, 8.763423e-06, 1.445017e-07) (8.221137e-06, 7.266874e-06, 5.105913e-07) (6.444136e-06, 3.069078e-07, 3.571719e-07) (4.542466e-06, 1.544480e-06, 7.831378e-07) (7.298414e-06, 8.384978e-06, 7.272030e-07) (2.070979e-07, 6.657188e-06, 2.269219e-07) (1.765656e-06, 3.454359e-06, 9.046349e-07) (9.764920e-06, 4.121321e-06, 9.066953e-07) (9.393343e-06, 4.864656e-07, 7.666991e-08) (4.333765e-06, 9.636161e-06, 1.074881e-07) )
				((5.111901e-06, 1.964503e-06, 9.995788e-07) (5.776899e-06, 2.036556e-07, 3.234171e-07) (9.510671e-06, 8.688717e-06, 1.020143e-07) (8.083148e-06, 6.582912e-06, 1.005111e-07) (7.418897e-06, 8.006934e-06, 7.839467e-07) (7.759947e-08, 6.767604e-06, 5.147925e-08) (1.822210e-06, 3.674533e-06, 5.219442e-07) (9.403823e-06, 3.963992e-06, 5.852734e-07) (9.626554e-06, 1.002288e-07, 3.214364e-07) (4.277590e-06, 9.668291e-06, 1.255691e-07) )
				((6.075697e-07, 6.212409e-06, 1.619194e-07) (1.015430e-06, 4.277794e-06, 4.634433e-07) (5.461962e-06, 1.979562e-07, 2.061858e-08) (5.081595e-06, 1.960300e-06, 9.745417e-07) (9.112734e-06, 9.225356e-06, 8.093839e-08) (6.731317e-06, 8.808929e-06, 2.462239e-08) (8.606160e-06, 6.334405e-06, 2.604816e-08) (9.710952e-06, 4.191969e-06, 4.678994e-07) (9.636793e-06, 1.865022e-07, 9.323610e-08) (4.765301e-06, 9.981570e-06, 3.451163e-07) )
				((4.865038e-06, 9.511324e-06, 3.358938e-07) (6.852759e-06, 9.361187e-06, 4.984406e-07) (5.884802e-06, 8.836522e-08, 6.436874e-08) (4.701819e-06, 1.793884e-06, 5.471977e-07) (8.850818e-06, 8.865924e-06, 6.327628e-07) (4.150334e-07, 6.186482e-06, 5.075198e-08) (9.080421e-07, 4.090581e-06, 6.210596e-07) (8.468382e-06, 6.199848e-06, 6.967099e-07) (9.859192e-06, 4.329027e-06, 7.664616e-08) (8.488460e-06, 8.631367e-07, 4.187056e-07) )
				((6.726437e-06, 9.631495e-06, 4.516139e-08) (8.607151e-06, 9.489471e-06, 7.963322e-07) (3.572386e-07, 4.614656e-06, 7.604904e-07) (2.361658e-07, 6.809543e-06, 8.409880e-07) (4.746779e-06, 9.446914e-06, 5.138591e-07) (4.511172e-06, 1.898144e-06, 2.268575e-07) (5.655608e-06, 1.542923e-07, 6.227968e-07) (8.048948e-06, 6.507346e-06, 9.008980e-08) (9.810909e-06, 4.276678e-06, 9.720661e-08) (7.784147e-06, 9.557466e-07, 1.603187e-07) )
				((5.098848e-06, 8.638244e-06, 7.222749e-07) (6.745842e-06, 9.698327e-06, 3.177580e-07) (6.058907e-06, 9.388722e-08, 5.108951e-07) (4.732408e-06, 1.583546e-06, 3.648854e-07) (2.185673e-07, 6.833602e-06, 6.573960e-07) (7.272208e-07, 4.992798e-06, 6.349903e-08) (7.987558e-06, 9.029733e-07, 1.228695e-07) (8.656901e-06, 9.338080e-06, 7.462149e-07) (8.476217e-06, 6.391070e-06, 3.200879e-07) (9.298480e-06, 3.927733e-06, 1.708211e-07) )
				((9.101574e-06, 9.768680e-06, 5.260974e-07) (7.128216e-06, 9.789050e-06, 2.013795e-07) (5.379412e-06, 8.914690e-06, 4.627914e-07) (5.555625e-07, 4.588957e-06, 3.757805e-07) (2.147417e-07, 7.050028e-06, 9.469418e-07) (4.378157e-06, 1.798468e-06, 1.622037e-07) (5.570122e-06, 1.713206e-07, 2.791614e-07) (7.538593e-06, 9.056137e-07, 1.384704e-07) (8.516239e-06, 6.542137e-06, 1.152364e-07) (9.714736e-06, 4.786846e-06, 5.234114e-07) )
				((5.123845e-06, 1.897488e-06, 3.573076e-07) (5.649766e-06, 4.246390e-08, 8.886187e-07) (3.761944e-08, 4.979062e-06, 7.653017e-07) (6.392913e-07, 6.790853e-06, 1.691435e-07) (6.998906e-06, 9.816495e-06, 5.988415e-07) (9.306642e-06, 9.983892e-06, 9.832162e-07) (8.411478e-06, 6.685246e-06, 1.380569e-07) (9.799906e-06, 4.789516e-06, 7.097987e-07) (5.324075e-06, 8.460595e-06, 4.771685e-07) (7.632929e-06, 3.225909e-07, 7.232171e-08) )
				((9.419810e-06, 5.440434e-06, 5.659489e-07) (8.162614e-06, 6.937969e-06, 1.454160e-07) (5.391483e-06, 1.892988e-06, 8.731333e-07) (6.092506e-06, 4.273397e-08, 5.813675e-07) (9.414503e-06, 9.169143e-06, 3.419056e-07) (7.572218e-06, 9.889286e-06, 4.630895e-08) (6.042499e-06, 8.301800e-06, 7.559136e-07) (9.823593e-07, 7.618962e-06, 6.756037e-07) (1.076225e-07, 4.918278e-06, 7.064896e-07) (8.573978e-06, 6.173055e-07, 3.068099e-08) )
				((9.190246e-06, 9.171061e-06, 7.701422e-07) (7.419500e-06, 9.983520e-06, 3.180734e-07) (5.114956e-06, 1.437627e-06, 6.042846e-07) (6.574447e-06, 1.750801e-07, 7.905691e-08) (8.650489e-06, 7.081038e-06, 2.061902e-07) (9.828775e-06, 5.474376e-06, 3.801964e-07) (6.001338e-06, 8.597694e-06, 9.019016e-07) (8.056195e-07, 7.579824e-06, 8.474998e-07) (3.431308e-07, 4.287890e-06, 7.917773e-07) (8.372151e-06, 7.280777e-07, 7.414226e-07) )
				((7.252661e-06, 9.894826e-06, 2.153546e-07) (6.374112e-06, 8.174615e-06, 7.340336e-07) (8.524079e-06, 7.302011e-06, 5.531733e-08) (9.687364e-06, 8.693792e-06, 8.977618e-07) (4.491048e-06, 1.478932e-06, 6.727582e-07) (5.878153e-06, 6.724280e-08, 7.202693e-08) (8.387100e-06, 1.030813e-06, 3.509324e-07) (9.893613e-06, 5.266772e-06, 7.883297e-07) (9.979366e-07, 7.170419e-06, 7.046042e-07) (8.480527e-07, 4.290406e-06, 1.871454e-07) )
				((8.243314e-06, 6.446115e-06, 7.366059e-07) (9.972777e-06, 5.400963e-06, 1.798173e-07) (7.139817e-06, 9.830126e-06, 5.820423e-08) (6.117750e-06, 8.299185e-06, 9.794627e-07) (4.139319e-06, 1.412182e-06, 7.008914e-07) (6.062269e-06, 3.176603e-07, 3.320287e-07) (9.771554e-06, 9.719390e-06, 9.987968e-07) (8.376348e-06, 5.015770e-07, 1.499922e-07) (7.069962e-07, 6.670952e-06, 3.441191e-07) (1.561199e-06, 4.083319e-06, 2.147929e-07) )
				((8.062934e-06, 6.930519e-06, 2.827785e-07) (9.697008e-06, 5.777606e-06, 2.583910e-07) (9.822627e-06, 9.641652e-06, 6.302400e-07) (7.860992e-06, 9.252939e-06, 6.004068e-07) (5.932110e-06, 8.548343e-06, 8.029228e-07) (8.581624e-06, 8.378533e-07, 3.265073e-07) (5.652310e-06, 1.872502e-07, 4.352316e-07) (3.637159e-06, 1.432641e-06, 6.487096e-07) (4.188043e-09, 6.971026e-06, 2.804746e-07) (1.841285e-06, 3.917803e-06, 4.934912e-07) )
				((9.993096e-06, 5.840177e-06, 2.126177e-09) (8.085067e-06, 6.618547e-06, 7.560829e-07) (9.863745e-06, 8.956504e-06, 8.083800e-07) (7.623367e-06, 9.853666e-06, 8.947195e-07) (6.450620e-06, 8.158908e-06, 8.376402e-07) (8.788169e-06, 9.527920e-07, 1.057057e-07) (5.680063e-06, 4.680757e-07, 4.023449e-08) (2.586952e-06, 1.691532e-06, 5.920753e-07) (2.373288e-07, 6.461664e-06, 1.250445e-07) (1.512875e-06, 3.644587e-06, 8.917218e-07) )
				((9.937448e-06, 8.591813e-06, 9.360081e-07) (8.152295e-06, 9.441476e-06, 6.338469e-07) (6.911522e-06, 8.198458e-06, 1.989681e-07) (9.137713e-06, 4.826402e-06, 3.260725e-07) (8.342841e-06, 7.072937e-06, 8.525360e-07) (8.664742e-06, 7.090647e-07, 2.945958e-07) (6.370416e-06, 2.046206e-07, 7.684374e-08) (3.044680e-06, 1.520769e-06, 7.100099e-07) (1.831283e-08, 6.637200e-06, 5.370943e-09) (1.990623e-06, 3.716269e-06, 5.585250e-07) )
				((9.484420e-06, 8.906814e-06, 5.626405e-07) (7.856591e-06, 9.991437e-06, 9.794927e-07) (7.036250e-06, 8.258400e-06, 2.681140e-07) (8.305392e-06, 7.088415e-06, 2.559381e-07) (9.097157e-06, 3.565983e-06, 3.441589e-07) (8.307130e-06, 1.040795e-06, 3.505697e-07) (5.948973e-06, 7.940672e-07, 1.455654e-07) (2.510625e-06, 1.704584e-06, 2.043823e-07) (3.479874e-07, 6.913548e-06, 7.239145e-07) (1.883039e-06, 3.342185e-06, 8.860912e-07) )
				((7.221272e-06, 9.999238e-06, 5.604108e-07) (6.702336e-06, 8.085600e-06, 3.096901e-07) (9.798595e-06, 9.540780e-06, 2.013070e-07) (9.198673e-06, 7.341239e-06, 9.264951e-07) (9.278892e-06, 3.556677e-06, 4.957391e-08) (8.814267e-06, 1.105131e-06, 6.513086e-07) (5.560635e-06, 1.064811e-06, 6.148805e-07) (2.400816e-06, 1.682619e-06, 5.800653e-07) (1.143613e-07, 6.827211e-06, 6.015975e-07) (1.232655e-06, 2.865450e-06, 8.809465e-07) )
				((7.355301e-06, 9.929531e-06, 7.682665e-07) (6.808853e-06, 8.078225e-06, 1.684330e-07) (1.667846e-06, 3.506928e-06, 7.645675e-07) (1.364356e-06, 1.304704e-06, 2.947605e-07) (9.508998e-06, 9.849687e-06, 1.509969e-07) (8.434683e-06, 6.914061e-06, 3.949805e-09) (9.208969e-06, 3.841109e-06, 1.413400e-07) (8.410543e-06, 2.341316e-07, 5.131753e-07) (5.037876e-06, 9.623504e-07, 3.014879e-07) (4.755219e-07, 6.915094e-06, 4.832269e-07) )
				((6.554500e-06, 8.016907e-06, 2.923227e-08) (7.393035e-06, 9.939515e-06, 9.285880e-07) (1.815809e-06, 1.061501e-06, 5.837109e-07) (1.753956e-06, 3.563800e-06, 9.388106e-07) (9.872559e-06, 9.761784e-06, 2.741962e-08) (8.152613e-06, 7.210905e-06, 8.917629e-08) (8.814608e-06, 4.619946e-06, 4.782657e-07) (8.082141e-06, 6.035357e-07, 5.819748e-07) (5.293948e-06, 1.863745e-06, 6.008719e-07) (7.844499e-07, 6.455746e-06, 6.288513e-07) )
				((9.855207e-06, 9.147527e-06, 1.082612e-07) (7.979833e-06, 9.767075e-06, 4.231113e-07) (6.772964e-06, 8.075257e-06, 8.299044e-07) (2.034783e-06, 7.837608e-07, 9.712187e-07) (1.988546e-06, 3.630963e-06, 3.501725e-08) (8.010027e-06, 7.355143e-06, 3.793362e-07) (8.037393e-06, 4.814879e-06, 4.625249e-08) (8.203345e-06, 1.149365e-06, 8.392934e-07) (5.652795e-06, 1.790494e-06, 3.024275e-07) (9.473500e-07, 6.336679e-06, 7.836756e-07) )
				((9.905207e-06, 9.259528e-06, 2.303439e-08) (8.907848e-06, 7.547807e-06, 2.974181e-07) (8.343940e-06, 9.983842e-06, 9.310057e-07) (5.875738e-06, 8.293411e-06, 8.276219e-07) (1.409105e-06, 2.195357e-07, 1.562574e-07) (1.198675e-06, 3.760588e-06, 6.003775e-07) (8.368611e-06, 5.188750e-06, 2.310655e-07) (7.762375e-06, 7.681475e-07, 5.283863e-07) (6.025204e-06, 1.960331e-06, 3.574414e-07) (1.118926e-06, 6.827234e-06, 8.715142e-07) )
				((9.924938e-06, 9.160590e-06, 1.445872e-07) (9.055034e-06, 7.427587e-06, 6.344510e-07) (7.546393e-06, 2.421350e-07, 7.642565e-07) (5.587675e-06, 1.439416e-06, 5.701666e-07) (8.193680e-06, 6.033197e-06, 9.909629e-07) (8.293715e-06, 9.633986e-06, 7.919238e-07) (4.759715e-06, 8.903919e-06, 2.983918e-07) (5.465968e-07, 7.801768e-07, 5.688038e-07) (1.779399e-06, 4.002395e-06, 5.758734e-07) (6.659249e-07, 6.898732e-06, 2.610625e-08) )
				((9.332057e-06, 7.326317e-06, 9.332078e-07) (8.378252e-06, 5.625886e-06, 4.873478e-07) (7.332435e-06, 9.185796e-06, 7.842948e-07) (9.818243e-06, 9.997563e-06, 3.360029e-08) (8.135631e-06, 4.936187e-08, 9.545239e-07) (5.522584e-06, 1.426205e-06, 8.485885e-07) (4.812788e-06, 9.452180e-06, 9.232179e-08) (5.906230e-07, 1.263966e-07, 7.596641e-07) (1.952315e-06, 4.525033e-06, 6.688014e-07) (5.855863e-08, 7.235343e-06, 6.571852e-07) )
				((9.945951e-06, 7.119607e-06, 5.547933e-07) (8.469896e-06, 5.177601e-06, 7.287963e-07) (7.525353e-06, 8.885486e-06, 2.700759e-07) (9.812856e-06, 9.404914e-06, 1.243715e-07) (8.029188e-06, 4.130410e-07, 9.075777e-07) (5.520089e-06, 1.132944e-06, 3.787386e-07) (4.884506e-06, 9.050221e-06, 5.060098e-07) (6.399755e-07, 5.386579e-07, 6.684538e-07) (1.859229e-06, 4.052782e-06, 9.185286e-07) (2.095045e-07, 7.581015e-06, 7.784352e-07) )
				((8.568856e-06, 5.095753e-06, 8.933984e-07) (9.111401e-06, 6.699356e-06, 4.165977e-08) (7.033601e-06, 8.712948e-06, 7.516654e-07) (9.369630e-06, 9.033109e-06, 1.894575e-07) (7.971975e-06, 8.529237e-07, 9.177033e-07) (5.365282e-06, 1.361568e-06, 4.016759e-07) (4.765626e-06, 8.819960e-06, 7.398629e-07) (1.200383e-07, 3.670969e-07, 3.060107e-07) (1.719567e-06, 4.552324e-06, 6.622514e-07) (5.438729e-07, 8.125960e-06, 6.011821e-07) )
				((9.173283e-06, 9.536672e-06, 5.420556e-07) (7.344343e-06, 8.394618e-06, 7.585895e-07) (8.780121e-06, 6.886633e-06, 1.963031e-07) (8.924333e-06, 4.841596e-06, 4.780811e-07) (7.993595e-06, 5.862020e-07, 9.427652e-07) (5.505939e-06, 1.484979e-06, 1.224469e-07) (4.575522e-06, 8.186446e-06, 6.359055e-07) (1.175081e-06, 2.761243e-07, 7.093345e-07) (1.860849e-06, 4.700010e-06, 5.794120e-07) (1.126236e-06, 8.412094e-06, 7.132916e-07) )
				((8.730061e-06, 5.154117e-06, 4.917181e-07) (8.588269e-06, 7.140471e-06, 6.768977e-07) (5.759770e-06, 1.032947e-06, 1.895477e-07) (7.751032e-06, 1.081064e-06, 9.098591e-09) (7.653627e-06, 8.741955e-06, 4.165746e-07) (9.392302e-06, 9.759464e-06, 2.763781e-07) (4.951544e-06, 8.355695e-06, 7.814340e-07) (1.175583e-06, 4.184800e-07, 9.641824e-07) (1.960437e-06, 5.274260e-06, 4.384409e-07) (1.248819e-06, 8.501921e-06, 2.112860e-07) )
				((9.438360e-06, 9.985787e-06, 3.754694e-07) (7.701872e-06, 9.052478e-06, 6.197560e-07) (5.409891e-06, 9.365352e-06, 1.344962e-08) (8.459428e-06, 4.770066e-06, 6.211844e-07) (8.256881e-06, 6.767881e-06, 7.739581e-07) (5.632645e-06, 9.799936e-07, 7.838575e-07) (7.871245e-06, 6.692795e-07, 4.135601e-08) (1.754421e-06, 4.948146e-07, 7.956918e-07) (1.459574e-06, 6.216137e-06, 8.738656e-07) (1.372515e-06, 8.513101e-06, 7.744792e-08) )
				((7.353675e-06, 9.111416e-06, 8.621699e-07) (9.214873e-06, 9.794733e-06, 5.994537e-07) (1.557710e-06, 6.712775e-06, 8.519004e-07) (6.513527e-07, 8.288778e-06, 1.839606e-08) (5.060978e-06, 9.352167e-06, 3.065550e-07) (8.535383e-06, 4.816337e-06, 4.066265e-07) (8.115956e-06, 7.085762e-06, 5.351068e-07) (5.260308e-06, 1.098655e-06, 8.431295e-07) (7.879994e-06, 7.066852e-07, 5.540169e-08) (1.592031e-06, 8.959866e-07, 5.608366e-07) )
				((8.402665e-06, 7.539757e-06, 9.746723e-07) (7.394234e-06, 9.245104e-06, 7.010708e-07) (9.690735e-06, 9.662072e-06, 8.853672e-07) (8.284177e-06, 4.696097e-06, 3.533523e-07) (1.494430e-06, 6.119617e-06, 4.538540e-07) (1.033966e-06, 8.854628e-06, 9.956480e-07) (5.719785e-06, 8.832285e-06, 6.455746e-07) (4.983654e-06, 8.332985e-07, 6.043462e-07) (7.274601e-06, 9.729169e-07, 2.124581e-07) (1.829207e-06, 3.484799e-07, 8.470262e-07) )
				((5.167109e-06, 9.420010e-06, 2.479974e-08) (6.975905e-06, 9.226796e-06, 8.560188e-07) (1.498655e-06, 6.161400e-06, 6.950066e-07) (1.127446e-06, 8.173177e-06, 8.145874e-07) (7.387224e-06, 7.913630e-07, 8.166018e-07) (5.212133e-06, 2.422196e-07, 7.867935e-07) (9.135845e-06, 7.423578e-06, 1.909743e-07) (9.867867e-06, 9.529537e-06, 4.155005e-07) (8.212270e-06, 4.823639e-06, 1.894572e-07) (2.332741e-06, 3.471645e-07, 8.781618e-07) )
				((9.026976e-06, 9.382807e-06, 7.958275e-08) (7.409231e-06, 8.367270e-06, 6.725285e-07) (5.059964e-06, 9.298747e-06, 6.607501e-07) (9.029954e-06, 7.277930e-06, 7.099399e-08) (1.430926e-06, 5.330409e-06, 6.907630e-07) (1.343869e-06, 7.946166e-06, 1.953869e-07) (7.811408e-06, 1.081511e-06, 7.056134e-07) (6.020981e-06, 1.669507e-08, 5.400177e-07) (8.315896e-06, 4.767656e-06, 5.473313e-08) (1.853340e-06, 3.351105e-07, 9.467882e-07) )
				((1.135897e-06, 5.453752e-06, 5.085976e-07) (1.383225e-06, 7.438213e-06, 5.358978e-07) (7.116472e-06, 8.429484e-06, 7.584224e-07) (4.987570e-06, 9.200127e-06, 1.879829e-07) (7.721526e-06, 1.400503e-06, 6.796238e-07) (5.497266e-06, 3.609904e-07, 4.461488e-07) (9.736240e-06, 7.220655e-06, 4.468011e-07) (8.941681e-06, 9.553807e-06, 4.849311e-07) (9.505056e-06, 4.682845e-06, 2.176819e-07) (1.759413e-06, 5.139798e-07, 6.836517e-07) )
				((5.295948e-06, 8.136264e-06, 6.025257e-07) (7.269844e-06, 8.402962e-06, 4.219557e-07) (7.515977e-07, 5.450216e-06, 7.872695e-07) (1.737562e-06, 7.300973e-06, 5.041431e-07) (9.801016e-06, 6.824411e-06, 6.535636e-07) (9.966447e-06, 9.205662e-06, 9.321237e-07) (7.737011e-06, 1.737499e-06, 3.280539e-07) (5.766155e-06, 5.480606e-07, 7.420597e-07) (8.033890e-06, 4.424849e-06, 3.301762e-08) (1.678437e-06, 1.444784e-06, 6.971741e-07) )
				((9.220630e-06, 8.890053e-06, 8.395182e-07) (9.963797e-06, 7.230826e-06, 7.675538e-08) (7.385321e-06, 8.079852e-06, 4.124403e-08) (5.246380e-06, 8.447111e-06, 9.372094e-07) (1.944026e-06, 6.577979e-06, 8.839566e-07) (1.028769e-06, 4.737585e-06, 7.421004e-07) (7.459084e-06, 1.522915e-06, 3.657037e-07) (5.583157e-06, 7.109751e-07, 4.042542e-07) (8.059046e-06, 4.455389e-06, 9.565255e-07) (2.230005e-06, 1.221003e-06, 8.736938e-07) )
				((7.642483e-06, 1.444326e-06, 2.715459e-07) (5.412269e-06, 1.029909e-06, 1.435608e-07) (9.832126e-06, 6.859406e-06, 5.492503e-07) (8.706748e-06, 9.722532e-06, 9.749205e-07) (5.036785e-06, 8.773277e-06, 8.636438e-07) (7.487065e-06, 8.013910e-06, 4.164007e-08) (1.964928e-06, 6.940210e-06, 7.003086e-07) (7.954488e-07, 4.362722e-06, 8.488958e-07) (8.862050e-06, 4.913526e-06, 6.085878e-07) (2.474377e-06, 1.350064e-06, 9.177079e-07) )
				((7.535043e-06, 1.973871e-06, 1.096779e-07) (5.871087e-06, 1.094496e-06, 7.863986e-07) (8.619465e-06, 9.891322e-06, 4.499524e-07) (7.557631e-06, 8.207204e-06, 2.595418e-07) (8.574493e-06, 5.094739e-06, 7.396924e-07) (9.444681e-06, 7.323638e-06, 4.883179e-07) (4.495184e-06, 8.165422e-06, 7.233714e-07) (1.691174e-06, 6.879979e-06, 5.705334e-07) (1.198071e-06, 4.430081e-06, 8.244671e-07) (2.101298e-06, 1.519761e-06, 8.828597e-07) )
				((5.884959e-06, 8.535034e-07, 2.077845e-07) (7.521224e-06, 1.997450e-06, 3.262104e-07) (7.340462e-06, 8.120753e-06, 2.803057e-07) (8.410902e-06, 9.797946e-06, 4.832360e-07) (9.364111e-06, 8.300657e-06, 3.498336e-07) (8.840112e-06, 4.424800e-06, 1.813330e-07) (4.358140e-06, 8.094988e-06, 1.470381e-07) (1.411880e-06, 7.392956e-06, 4.873616e-07) (1.703187e-06, 4.233067e-06, 7.586670e-07) (2.240664e-06, 1.490107e-06, 8.194848e-07) )
				((8.461642e-06, 9.614073e-06, 8.932640e-07) (9.591857e-06, 8.068352e-06, 3.158891e-07) (6.029510e-06, 7.753606e-07, 2.171315e-07) (8.005683e-06, 1.437290e-06, 3.432899e-07) (7.137992e-06, 8.226759e-06, 5.151026e-07) (8.737158e-06, 4.270120e-06, 4.856043e-07) (4.641266e-06, 8.328332e-06, 1.384277e-08) (1.796757e-06, 6.885586e-06, 1.730872e-07) (1.598176e-06, 3.883455e-06, 6.093311e-08) (1.676496e-06, 1.828006e-06, 2.060195e-09) )
				((7.891913e-06, 1.374615e-06, 1.341857e-07) (6.137037e-06, 4.311339e-07, 3.081165e-07) (9.248013e-06, 8.236961e-06, 2.775294e-07) (8.370948e-06, 9.919715e-06, 9.092703e-07) (7.145794e-06, 8.105457e-06, 5.040403e-07) (9.799490e-06, 3.699996e-06, 1.189908e-07) (4.689538e-06, 8.089710e-06, 7.568502e-08) (1.744075e-06, 6.119054e-06, 2.782520e-07) (1.783269e-06, 3.319172e-06, 2.454844e-07) (1.885387e-06, 1.213792e-06, 4.375122e-07) )
				((5.760432e-06, 6.019846e-07, 8.717483e-08) (7.632416e-06, 1.010549e-06, 6.605439e-07) (8.757829e-06, 9.802853e-06, 8.633604e-07) (9.086250e-06, 7.966108e-06, 1.432863e-07) (1.624391e-06, 1.243238e-06, 8.212334e-07) (1.683903e-06, 3.139906e-06, 1.894805e-07) (1.821043e-06, 5.492390e-06, 5.505340e-07) (6.839894e-06, 8.593832e-06, 8.937066e-07) (9.997664e-06, 3.412257e-06, 3.115635e-07) (4.235375e-06, 8.917729e-06, 3.867110e-07) )
				((8.098084e-06, 9.926352e-06, 7.622937e-07) (6.870457e-06, 8.353937e-06, 9.052780e-07) (9.376236e-06, 8.242079e-06, 6.385730e-07) (5.684320e-06, 7.177332e-07, 7.560270e-08) (7.910737e-06, 1.421142e-06, 1.640207e-07) (1.147066e-06, 7.936011e-07, 3.676259e-07) (1.439988e-06, 3.394213e-06, 4.540740e-07) (1.958393e-06, 5.341515e-06, 2.831664e-07) (9.731606e-06, 3.667401e-06, 3.647601e-07) (4.353935e-06, 8.184092e-06, 8.257677e-07) )
				((6.683002e-06, 8.173101e-06, 7.686772e-07) (8.141135e-06, 9.495159e-06, 4.136948e-07) (9.655224e-06, 7.915018e-06, 8.043839e-07) (7.602726e-06, 1.097792e-06, 2.393913e-07) (5.745734e-06, 1.812655e-06, 9.276027e-07) (1.581783e-06, 7.376674e-07, 2.396926e-08) (1.120875e-06, 2.562650e-06, 9.280038e-07) (1.872262e-06, 5.968722e-06, 9.167600e-08) (9.409342e-06, 3.713299e-06, 8.009872e-07) (3.614408e-06, 8.218539e-06, 8.816498e-07) )
				((5.528578e-06, 1.495543e-06, 4.927455e-07) (7.833445e-06, 1.329092e-06, 4.256614e-07) (6.591676e-06, 8.016113e-06, 6.404262e-07) (7.833124e-06, 9.958340e-06, 8.320083e-09) (9.854642e-06, 7.787870e-06, 4.339925e-08) (1.136553e-06, 3.230140e-07, 1.669838e-07) (4.117938e-07, 2.129640e-06, 6.912848e-07) (1.836551e-06, 5.504709e-06, 4.647260e-07) (9.242796e-06, 3.444810e-06, 6.793456e-07) (3.901485e-06, 8.854528e-06, 7.352916e-07) )
				((6.756685e-06, 8.290712e-06, 8.887041e-07) (7.855875e-06, 9.944203e-06, 6.483965e-07) (5.672848e-06, 1.986528e-06, 7.077272e-09) (7.585874e-06, 9.676540e-07, 8.214740e-07) (1.376853e-06, 3.803012e-07, 4.949591e-07) (3.025296e-07, 2.294580e-06, 7.766440e-07) (9.956708e-06, 7.988164e-06, 3.485806e-07) (1.788232e-06, 5.619263e-06, 8.945740e-07) (9.871603e-06, 3.615393e-06, 2.883416e-07) (2.874337e-06, 9.785845e-06, 8.683262e-07) )
				((5.955857e-06, 1.910656e-06, 2.694099e-08) (7.177085e-06, 6.628941e-07, 9.975123e-07) (5.906446e-06, 8.661765e-06, 8.393944e-07) (8.229423e-06, 9.458799e-06, 1.249439e-08) (1.527800e-06, 3.162745e-07, 5.451013e-07) (4.783012e-07, 2.789560e-06, 3.717798e-07) (9.820145e-06, 7.865002e-06, 8.913583e-07) (1.938614e-06, 5.478231e-06, 7.785705e-07) (9.638147e-06, 3.231104e-06, 3.184358e-07) (3.091736e-06, 9.321134e-06, 5.653068e-07) )
				((5.078124e-07, 2.090347e-06, 9.328299e-08) (1.491453e-06, 3.540814e-07, 2.268289e-07) (5.963714e-06, 1.592068e-06, 4.866858e-07) (7.601305e-06, 2.246612e-07, 7.533463e-07) (5.103268e-06, 8.991304e-06, 8.933044e-07) (8.566054e-06, 9.751865e-06, 2.607934e-07) (9.908207e-06, 7.660456e-06, 8.594136e-07) (1.356018e-06, 5.111853e-06, 9.523811e-07) (9.818735e-06, 3.275896e-06, 6.434274e-07) (2.332541e-06, 9.230144e-06, 2.689144e-07) )
				((3.016773e-06, 9.878124e-06, 7.853211e-08) (5.093933e-06, 9.239189e-06, 5.437092e-07) (7.415038e-06, 3.799578e-07, 5.924899e-07) (5.642847e-06, 1.634412e-06, 6.582506e-08) (4.095492e-08, 2.463069e-06, 3.090374e-07) (1.413142e-06, 1.561962e-07, 4.370407e-07) (8.374643e-06, 9.641623e-06, 6.022334e-07) (9.856694e-06, 7.253702e-06, 9.833064e-07) (1.953466e-06, 5.450153e-06, 9.340148e-07) (9.825080e-06, 3.683379e-06, 3.342063e-07) )
				((2.653004e-06, 9.395325e-06, 2.677686e-07) (4.506851e-06, 8.943812e-06, 8.672581e-07) (8.483951e-06, 9.388444e-06, 7.349753e-07) (9.276079e-06, 7.513808e-06, 6.390827e-07) (7.265757e-06, 2.956429e-07, 4.689591e-07) (5.723245e-06, 1.766020e-06, 4.679703e-08) (6.376037e-07, 2.318960e-06, 7.579914e-07) (1.853651e-06, 9.085142e-08, 9.601442e-07) (1.893392e-06, 5.794966e-06, 7.236341e-07) (9.658287e-06, 4.079076e-06, 1.262967e-07) )
				((9.075079e-07, 3.300936e-06, 7.134708e-07) (2.110146e-06, 4.472503e-07, 9.819655e-07) (4.783784e-06, 9.340029e-06, 5.885521e-07) (1.723817e-06, 8.926805e-06, 2.478440e-09) (9.383770e-06, 7.019645e-06, 6.439615e-07) (7.949016e-06, 9.128430e-06, 6.508334e-07) (7.759128e-06, 7.623692e-07, 1.242439e-07) (5.358761e-06, 1.733715e-06, 2.978566e-07) (1.812837e-06, 5.804665e-06, 7.475558e-07) (9.255304e-06, 3.959615e-06, 4.245722e-07) )
				((1.441098e-06, 5.300778e-06, 4.327259e-08) (6.617986e-07, 3.619718e-06, 7.960875e-07) (1.529036e-06, 6.108494e-07, 6.049770e-07) (5.505205e-06, 8.954146e-06, 8.700174e-07) (1.011027e-06, 9.082504e-06, 2.983362e-07) (9.401805e-06, 7.187010e-06, 7.659405e-07) (8.270902e-06, 9.493137e-06, 6.435500e-07) (8.263153e-06, 8.058907e-07, 4.687171e-07) (5.428975e-06, 1.835693e-06, 1.097707e-07) (9.709291e-06, 3.306490e-06, 2.864486e-07) )
				((1.209095e-06, 4.655207e-06, 2.391693e-07) (1.467538e-06, 2.836353e-06, 9.702768e-07) (1.915086e-06, 6.250295e-07, 3.436428e-07) (5.265756e-06, 8.319773e-06, 4.384416e-07) (1.081410e-06, 9.432983e-06, 3.101307e-07) (9.307997e-06, 6.647948e-06, 7.971500e-07) (8.758496e-06, 9.513330e-06, 8.267567e-07) (8.453919e-06, 4.826921e-07, 2.333142e-07) (5.529076e-06, 1.623102e-06, 3.656391e-07) (9.572171e-06, 3.861404e-06, 4.761524e-07) )
				((1.181709e-06, 2.842556e-06, 8.382894e-07) (1.344302e-06, 4.859138e-06, 1.180641e-08) (1.856558e-06, 3.103453e-07, 2.411688e-07) (5.387582e-06, 8.189934e-06, 7.698757e-07) (1.252068e-06, 9.299281e-06, 8.398606e-07) (9.273578e-06, 6.999814e-06, 6.181866e-07) (8.273549e-06, 9.522305e-06, 9.014964e-07) (8.846205e-06, 3.401243e-07, 2.826810e-07) (4.787416e-06, 1.438646e-06, 2.376076e-07) (9.351275e-06, 3.765698e-06, 9.946144e-07) )
				((7.805679e-07, 3.161602e-06, 4.575072e-07) (1.487231e-06, 5.515476e-06, 2.022844e-08) (2.266751e-06, 5.361389e-08, 2.547278e-07) (6.234556e-06, 8.652461e-06, 5.342085e-07) (1.382714e-06, 9.620986e-06, 3.668095e-07) (8.634002e-06, 6.892812e-06, 4.846869e-07) (9.047677e-06, 9.727915e-06, 6.657685e-07) (8.692956e-06, 2.966953e-07, 9.133519e-07) (4.939617e-06, 1.474439e-06, 3.637658e-07) (9.496534e-06, 3.604261e-06, 9.168666e-08) )
				((3.024730e-07, 3.997772e-06, 2.897579e-07) (1.472528e-06, 6.104813e-06, 3.243582e-07) (2.726425e-06, 1.303436e-07, 2.430339e-07) (5.888221e-06, 8.452234e-06, 7.341874e-07) (1.749665e-06, 9.556461e-06, 4.827756e-08) (9.295213e-06, 7.507372e-06, 8.978368e-07) (8.977850e-06, 9.776350e-06, 9.312789e-07) (7.723069e-06, 2.384266e-07, 3.430406e-07) (5.647019e-06, 1.660421e-06, 7.218413e-07) (9.315987e-06, 3.676129e-06, 1.267709e-07) )
				((5.452989e-06, 1.405009e-06, 9.616769e-07) (3.541718e-06, 8.254818e-07, 8.558905e-07) (7.966228e-08, 3.521290e-06, 7.983706e-07) (9.880323e-07, 5.804804e-06, 5.907838e-07) (5.688846e-06, 8.703236e-06, 6.328698e-07) (1.523844e-06, 9.797755e-06, 2.341945e-07) (9.461472e-06, 7.228377e-06, 9.485706e-07) (8.429008e-06, 9.732766e-06, 9.084612e-07) (8.096507e-06, 6.956785e-07, 1.396247e-07) (9.651141e-06, 4.058691e-06, 4.478959e-07) )
				((8.054145e-06, 2.715271e-07, 4.933196e-07) (6.278505e-06, 1.425964e-06, 5.937088e-07) (3.654256e-06, 6.504883e-08, 9.350984e-07) (1.178655e-06, 3.488728e-06, 3.565531e-07) (3.583517e-07, 5.676928e-06, 9.847065e-08) (5.472379e-06, 8.179546e-06, 8.161954e-07) (1.234273e-06, 9.235167e-06, 2.361566e-07) (9.636369e-06, 7.271356e-06, 6.762202e-07) (8.908355e-06, 9.371360e-06, 8.072118e-07) (9.235185e-06, 4.173872e-06, 7.662039e-07) )
				((6.307563e-06, 1.431952e-06, 7.079751e-07) (8.008848e-06, 3.834839e-07, 6.283273e-07) (8.911401e-06, 9.707890e-06, 3.450803e-07) (9.407944e-06, 7.061999e-06, 8.804960e-07) (1.456448e-06, 3.590434e-06, 2.012250e-07) (4.865269e-08, 5.415242e-06, 4.989166e-07) (3.114161e-06, 1.722921e-07, 8.328610e-07) (5.431431e-06, 8.256241e-06, 9.961975e-07) (9.976152e-07, 9.276174e-06, 4.469711e-07) (9.435772e-06, 4.964287e-06, 4.239850e-07) )
				((9.769303e-06, 7.023895e-06, 8.317361e-07) (8.868914e-06, 4.673658e-06, 5.973235e-07) (6.517720e-06, 1.066018e-06, 7.449362e-07) (8.801370e-06, 7.163920e-08, 4.696478e-07) (9.503367e-06, 9.938336e-06, 1.800561e-07) (1.556525e-06, 3.552335e-06, 6.246770e-07) (5.238086e-07, 5.872848e-06, 3.439084e-07) (3.227956e-06, 5.479553e-08, 8.426924e-07) (5.287113e-06, 8.213698e-06, 3.900695e-07) (1.023030e-06, 8.772108e-06, 3.471580e-08) )
				((9.598318e-06, 7.064340e-06, 9.358142e-07) (8.459501e-06, 4.519686e-06, 1.085195e-07) (6.650825e-06, 1.875697e-07, 5.359059e-07) (9.084769e-06, 9.649533e-08, 3.488026e-08) (9.494025e-06, 9.468021e-06, 6.428989e-07) (9.726790e-07, 3.572873e-06, 1.295058e-07) (6.236154e-07, 5.800954e-06, 3.727039e-07) (3.564902e-06, 3.705998e-07, 7.241109e-07) (5.202506e-06, 8.203664e-06, 3.474334e-07) (1.590374e-06, 9.138990e-06, 5.011212e-07) )
				((8.265601e-06, 5.593361e-06, 2.309047e-07) (9.627221e-06, 6.923214e-06, 8.453016e-07) (1.257753e-06, 3.861893e-06, 3.086298e-07) (6.270862e-07, 5.841155e-06, 4.217766e-07) (6.517061e-06, 1.985610e-07, 2.232530e-07) (9.022691e-06, 2.760229e-07, 7.333835e-07) (9.703038e-06, 9.429810e-06, 3.658994e-07) (3.710895e-06, 5.375735e-08, 6.162553e-07) (5.898257e-06, 8.272719e-06, 3.520644e-07) (1.836808e-06, 9.378390e-06, 8.274224e-08) )
				((8.142923e-06, 5.597127e-06, 4.907489e-08) (9.803236e-06, 6.171760e-06, 9.953318e-07) (9.146142e-06, 3.297038e-07, 2.447332e-07) (6.354921e-06, 5.555028e-07, 4.191214e-07) (1.157489e-06, 6.131877e-06, 1.618930e-07) (1.072901e-06, 3.806536e-06, 4.562564e-07) (9.017426e-06, 8.994038e-06, 7.510969e-08) (4.002009e-06, 3.595406e-08, 7.036698e-07) (5.561522e-06, 8.070806e-06, 7.005025e-07) (9.902970e-07, 8.985028e-06, 4.092835e-09) )
				((8.016544e-06, 5.529247e-06, 4.762465e-07) (9.943129e-06, 5.925954e-06, 5.242526e-07) (9.324166e-06, 3.018076e-07, 9.208561e-08) (6.324428e-06, 1.395404e-06, 5.956658e-07) (1.045488e-06, 5.751445e-06, 1.275259e-07) (8.960776e-07, 3.320290e-06, 6.159403e-07) (8.864959e-06, 8.916846e-06, 1.860258e-07) (4.325339e-06, 8.367362e-08, 6.965273e-07) (5.507192e-06, 8.580403e-06, 7.440813e-07) (7.461784e-07, 9.329482e-06, 2.927862e-07) )
				((9.520873e-06, 5.864991e-06, 9.125519e-07) (8.420985e-06, 4.192221e-06, 6.305156e-08) (9.584318e-06, 2.129747e-07, 1.816328e-07) (6.845852e-06, 3.695652e-07, 5.950197e-07) (1.432950e-06, 6.050056e-06, 2.481368e-07) (4.016541e-07, 3.214663e-06, 9.329999e-07) (8.804380e-06, 9.188002e-06, 1.317557e-07) (3.833965e-06, 1.386699e-07, 9.228024e-07) (5.017718e-06, 8.900101e-06, 9.779583e-07) (4.195555e-07, 9.034706e-06, 1.825512e-08) )
				((8.211661e-06, 4.114456e-06, 1.654372e-07) (9.206055e-06, 6.576603e-06, 9.452480e-07) (9.557988e-06, 5.782811e-07, 4.196806e-08) (7.059097e-06, 6.142985e-07, 9.543199e-07) (1.995987e-06, 5.614055e-06, 7.620776e-08) (3.924063e-07, 2.803282e-06, 8.015629e-07) (8.779316e-06, 9.267636e-06, 7.702897e-07) (4.609427e-06, 7.858769e-07, 4.874520e-07) (4.786949e-06, 8.824984e-06, 9.543087e-07) (4.662728e-07, 9.197246e-06, 3.101115e-07) )
				((8.883649e-06, 6.056128e-06, 9.752665e-07) (8.118095e-06, 4.038582e-06, 3.872092e-07) (9.528727e-06, 7.039254e-07, 4.808151e-07) (7.058272e-06, 8.902197e-07, 2.066630e-07) (1.911007e-06, 5.641755e-06, 1.791688e-08) (1.852145e-07, 3.910384e-06, 9.451484e-07) (8.883200e-06, 9.243259e-06, 6.453708e-07) (4.899640e-06, 1.055715e-06, 7.943012e-07) (4.717965e-06, 9.023317e-06, 8.593863e-07) (4.595990e-07, 9.081897e-06, 1.176928e-07) )
				((6.950450e-06, 1.256520e-06, 9.369246e-07) (5.136467e-06, 5.255598e-07, 5.183981e-07) (9.499041e-06, 6.308749e-06, 9.948992e-07) (8.909807e-06, 4.204542e-06, 8.183569e-07) (7.563686e-07, 5.542039e-06, 1.754399e-07) (2.409679e-07, 3.522273e-06, 8.168324e-07) (9.622302e-06, 1.085670e-06, 5.225595e-07) (8.295344e-06, 8.974909e-06, 9.465373e-07) (4.051785e-06, 8.678630e-06, 9.738993e-07) (3.952367e-07, 9.074434e-06, 8.234054e-07) )
				((9.927897e-06, 5.874145e-06, 4.640838e-07) (9.024870e-06, 4.093460e-06, 5.811481e-07) (4.753103e-06, 4.546485e-08, 2.608191e-07) (6.544390e-06, 1.548810e-06, 4.233505e-07) (2.728236e-07, 3.860762e-06, 5.689545e-07) (8.233611e-07, 5.939147e-06, 3.346925e-08) (9.472324e-06, 4.830335e-07, 5.067630e-07) (8.181974e-06, 8.555135e-06, 6.061471e-07) (3.915763e-06, 8.959809e-06, 7.281296e-07) (2.811446e-07, 8.364024e-06, 8.434979e-07) )
				((8.143858e-07, 6.567700e-06, 1.440055e-07) (2.454760e-07, 8.370864e-06, 7.958797e-07) (8.137163e-06, 4.079039e-06, 8.684158e-07) (9.893188e-06, 6.325276e-06, 4.986603e-08) (4.502168e-06, 1.656711e-07, 4.158550e-07) (6.693749e-06, 1.818504e-06, 4.298252e-07) (3.087572e-07, 2.974357e-06, 4.322117e-07) (8.684714e-06, 1.396261e-06, 4.109005e-07) (8.518276e-06, 8.427886e-06, 1.782626e-07) (4.122745e-06, 9.277565e-06, 7.929327e-07) )
				((5.028985e-06, 2.119376e-07, 5.333349e-07) (6.119048e-06, 1.893403e-06, 6.141364e-07) (6.625392e-07, 6.279905e-06, 4.104891e-08) (4.983389e-07, 8.689803e-06, 6.690480e-07) (8.013484e-06, 4.645302e-06, 8.519276e-07) (9.419473e-06, 6.800814e-06, 6.291506e-07) (7.549831e-08, 2.775455e-06, 9.685538e-07) (8.163283e-06, 9.841008e-07, 4.849137e-07) (8.457456e-06, 8.667858e-06, 1.054366e-07) (3.602190e-06, 8.948552e-06, 9.820567e-07) )
				((8.425820e-06, 8.874653e-06, 1.569263e-08) (9.449756e-06, 7.339962e-06, 7.564989e-07) (6.068203e-06, 1.592708e-06, 3.338072e-07) (4.718117e-06, 1.155155e-07, 6.006538e-07) (3.597611e-07, 8.482538e-06, 2.010394e-07) (4.079697e-07, 6.299729e-06, 4.154986e-08) (9.025797e-06, 3.820577e-06, 4.042797e-07) (1.008567e-06, 2.697944e-06, 7.594805e-07) (8.064304e-06, 6.234849e-07, 3.877205e-07) (2.709450e-06, 8.270863e-06, 2.689616e-07) )
				((8.055933e-06, 9.922714e-07, 5.912401e-07) (6.192602e-06, 1.883478e-06, 7.353449e-07) (2.428513e-06, 8.264274e-06, 1.278745e-08) (3.095701e-07, 7.970237e-06, 2.517185e-07) (8.393331e-06, 8.749435e-06, 2.141275e-07) (9.761887e-06, 6.733059e-06, 5.371612e-07) (5.117810e-06, 1.876032e-07, 2.272244e-07) (2.474411e-07, 5.886701e-06, 4.379533e-07) (9.663081e-06, 3.919251e-06, 7.669104e-07) (5.392748e-07, 2.476071e-06, 2.246773e-07) )
				((9.926213e-06, 4.742021e-06, 4.422766e-07) (9.652563e-06, 6.723099e-06, 4.633647e-07) (6.231109e-06, 1.799514e-06, 8.991040e-07) (5.143847e-06, 2.534345e-07, 2.222153e-07) (7.931266e-06, 4.540214e-07, 1.450135e-08) (1.411020e-07, 7.737718e-06, 1.234343e-07) (5.498394e-08, 5.591762e-06, 5.369273e-07) (2.191893e-06, 8.683986e-06, 1.662629e-07) (8.847665e-06, 8.391610e-06, 4.645251e-08) (4.336562e-07, 2.938090e-06, 1.881863e-07) )
				((9.780623e-06, 5.402508e-06, 7.751046e-07) (9.473170e-06, 7.218637e-06, 4.093640e-09) (6.519911e-06, 1.902869e-06, 5.777265e-07) (7.332156e-06, 7.737548e-08, 4.892313e-07) (7.983113e-06, 8.249332e-06, 6.900966e-07) (4.575027e-07, 5.277264e-06, 3.893132e-07) (1.168128e-07, 7.376500e-06, 5.369213e-07) (5.438433e-06, 1.699139e-08, 4.931433e-07) (2.860567e-06, 8.314163e-06, 6.784102e-07) (9.194586e-07, 2.241365e-06, 2.750381e-07) )
				((6.578776e-06, 1.627119e-06, 9.985922e-07) (7.898766e-06, 1.332798e-07, 8.399408e-07) (9.388447e-06, 5.760566e-06, 6.310938e-07) (8.617327e-06, 7.528775e-06, 1.030677e-07) (6.923331e-06, 8.255192e-06, 4.765357e-07) (5.098095e-06, 9.927297e-08, 4.600920e-07) (3.030402e-07, 4.867205e-06, 7.271395e-07) (2.787249e-07, 8.139249e-06, 9.995886e-07) (2.457112e-06, 8.797514e-06, 9.214925e-07) (8.006615e-07, 1.984540e-06, 7.339199e-07) )
				((1.420452e-06, 2.654343e-06, 8.279354e-07) (3.089559e-07, 4.306667e-06, 6.424595e-07) (8.817988e-06, 5.591954e-06, 1.929609e-07) (8.560963e-06, 7.760102e-06, 5.663744e-07) (5.089024e-06, 1.854262e-07, 8.499316e-08) (6.420851e-06, 1.427098e-06, 9.450459e-07) (6.771391e-06, 8.670505e-06, 2.052629e-07) (8.416676e-06, 1.146680e-06, 7.664453e-07) (5.922852e-08, 7.492288e-06, 3.800236e-07) (2.499950e-06, 9.571346e-06, 7.795448e-07) )
				((5.170224e-06, 5.654799e-08, 5.713180e-08) (6.169759e-06, 1.954999e-06, 9.498048e-07) (6.462149e-06, 8.495520e-06, 3.203069e-07) (8.591190e-06, 7.862162e-06, 9.755975e-07) (8.690580e-06, 7.409077e-07, 9.371027e-07) (3.488680e-07, 5.322082e-06, 8.462875e-07) (1.582287e-06, 2.989100e-06, 3.231598e-07) (8.629543e-06, 5.770949e-06, 5.570116e-07) (8.369695e-08, 7.670147e-06, 9.621031e-08) (2.430083e-06, 9.498454e-06, 6.668875e-07) )
				((4.990216e-06, 4.625737e-08, 8.286661e-07) (6.110070e-06, 1.604081e-06, 9.780284e-07) (8.191309e-06, 7.651215e-06, 5.842111e-07) (8.727343e-06, 5.642483e-06, 7.448709e-07) (6.406908e-06, 8.721773e-06, 1.689277e-07) (8.398336e-06, 8.106321e-07, 7.591755e-07) (4.211329e-07, 5.078090e-06, 9.229811e-07) (1.485374e-06, 2.624990e-06, 1.954072e-07) (4.612641e-08, 7.686815e-06, 3.156944e-07) (2.072668e-06, 9.086298e-06, 8.588747e-07) )
				((9.375387e-06, 6.389829e-06, 6.477552e-07) (8.537180e-06, 8.194779e-06, 8.466594e-07) (6.548878e-06, 1.814532e-06, 9.944129e-07) (4.019150e-06, 4.308674e-07, 4.453139e-07) (5.736367e-06, 8.430379e-06, 8.044412e-07) (8.500142e-06, 9.216867e-07, 5.689669e-07) (1.070652e-06, 4.993768e-06, 9.125943e-07) (1.429434e-06, 2.237965e-06, 5.763330e-07) (4.624515e-08, 7.332051e-06, 9.586892e-07) (2.639639e-06, 9.526862e-06, 5.297812e-07) )
				((8.768993e-06, 8.726831e-06, 2.576353e-07) (9.571808e-06, 7.049744e-06, 9.944288e-07) (8.792664e-06, 6.844287e-07, 1.354171e-07) (6.954680e-06, 1.855900e-06, 9.590298e-07) (4.181024e-06, 8.122914e-08, 7.106847e-07) (6.177404e-06, 8.963371e-06, 3.571624e-07) (1.028381e-06, 4.857131e-06, 5.720627e-07) (1.920328e-06, 1.727793e-06, 3.164129e-07) (1.166474e-06, 7.611977e-06, 9.065965e-07) (2.332785e-06, 9.054883e-06, 6.553415e-09) )
				((2.528587e-06, 1.750751e-06, 9.170092e-07) (4.091665e-06, 5.976123e-07, 4.405028e-07) (6.930087e-06, 1.464739e-06, 3.418315e-07) (8.715095e-06, 5.780724e-07, 1.757944e-07) (2.210987e-06, 9.397532e-06, 3.868176e-07) (8.601201e-07, 7.728094e-06, 8.745603e-07) (8.977355e-06, 9.282777e-06, 3.798369e-07) (9.269050e-06, 6.862047e-06, 7.114951e-07) (6.245320e-06, 9.031719e-06, 7.078405e-07) (1.003698e-06, 4.724271e-06, 3.808296e-07) )
				((4.377552e-06, 9.121506e-07, 9.433096e-08) (2.679177e-06, 1.903482e-06, 4.587247e-07) (1.189342e-06, 9.577299e-06, 8.119814e-07) (1.667942e-06, 7.715290e-06, 2.607426e-07) (6.658888e-06, 1.465839e-06, 9.049801e-07) (8.776087e-06, 4.657235e-07, 3.914747e-07) (9.074501e-06, 9.059485e-06, 4.744070e-07) (8.951033e-06, 6.988895e-06, 9.712075e-07) (6.775517e-06, 9.057866e-06, 6.549912e-07) (1.866922e-07, 4.862906e-06, 1.215479e-07) )
				((9.091645e-06, 7.056114e-06, 3.388432e-07) (9.269333e-06, 9.043484e-06, 4.759222e-07) (4.264280e-06, 3.064173e-07, 3.091721e-07) (5.822491e-06, 1.444356e-06, 8.355520e-07) (8.787162e-07, 9.871647e-06, 2.187830e-07) (1.616957e-06, 7.395386e-06, 7.010930e-07) (1.800437e-06, 2.073119e-06, 7.168003e-08) (8.664055e-06, 4.107441e-07, 1.963912e-07) (6.885724e-06, 8.624459e-06, 2.512899e-07) (4.180244e-07, 5.111690e-06, 1.332656e-07) )
				((6.363662e-06, 8.276006e-06, 6.071787e-09) (8.451574e-06, 9.421357e-06, 5.994120e-07) (9.192410e-06, 7.116290e-06, 4.328952e-08) (4.077842e-06, 8.006100e-07, 4.918937e-07) (6.092048e-06, 1.842965e-06, 6.330652e-07) (6.474864e-08, 9.976591e-06, 4.055989e-07) (1.953909e-06, 6.600887e-06, 3.935385e-07) (1.642103e-06, 1.903598e-06, 1.947890e-07) (9.048887e-06, 5.257018e-08, 6.751324e-07) (2.588229e-07, 4.501468e-06, 2.486936e-07) )
				((8.625719e-06, 6.970941e-06, 4.559163e-07) (8.085200e-06, 8.890275e-06, 6.108214e-07) (5.742163e-06, 1.524328e-06, 4.731212e-07) (3.722425e-06, 1.531038e-06, 7.261528e-07) (6.035310e-06, 8.033896e-06, 3.658534e-07) (5.835715e-07, 9.569981e-06, 8.936690e-07) (1.506541e-06, 6.147468e-06, 1.216724e-07) (1.696971e-06, 1.126482e-06, 8.285923e-07) (8.725700e-06, 1.063727e-07, 3.602378e-07) (3.991170e-07, 4.242762e-06, 6.137093e-07) )
				((1.554416e-06, 5.268272e-06, 6.731782e-07) (1.859518e-08, 3.994438e-06, 5.367877e-07) (6.436419e-06, 8.233635e-06, 7.688198e-07) (8.386305e-06, 8.676270e-06, 7.239187e-07) (8.365284e-06, 6.670315e-06, 4.066644e-07) (3.839649e-06, 1.943954e-06, 2.869770e-07) (5.487955e-06, 8.573729e-07, 6.863982e-07) (1.143266e-06, 9.662586e-06, 2.615124e-07) (1.747408e-06, 1.567777e-06, 3.947225e-07) (8.808201e-06, 1.959694e-07, 5.075237e-07) )
				((1.406647e-06, 1.982246e-06, 5.428684e-08) (1.163244e-07, 3.247143e-06, 9.116688e-07) (8.967287e-06, 6.861970e-06, 5.732027e-07) (8.592515e-06, 8.793055e-06, 9.343907e-07) (3.881700e-06, 1.268119e-06, 4.041258e-08) (5.725962e-06, 8.863704e-07, 7.134374e-07) (1.339634e-06, 5.076151e-06, 9.398932e-07) (6.117146e-06, 8.887734e-06, 1.523225e-07) (7.991182e-07, 9.936535e-06, 2.549400e-07) (9.003043e-06, 9.711591e-08, 5.759511e-07) )
				((4.456617e-07, 2.992846e-06, 1.965021e-07) (1.996377e-06, 1.870564e-06, 9.589397e-07) (3.725694e-06, 1.275401e-06, 7.475051e-08) (9.447058e-06, 6.159086e-06, 6.210273e-07) (8.408084e-06, 8.842555e-06, 5.575264e-07) (6.559306e-06, 1.103026e-06, 6.492809e-07) (1.329084e-06, 5.428716e-06, 7.242362e-07) (6.138684e-06, 9.233067e-06, 1.123861e-07) (1.507308e-06, 9.679429e-06, 2.100281e-07) (9.920172e-06, 4.714181e-07, 1.985435e-07) )
				((1.978696e-06, 1.601632e-06, 8.730798e-07) (2.362053e-07, 2.385072e-06, 2.815153e-07) (4.032202e-06, 1.586351e-06, 1.382486e-08) (9.410788e-06, 6.189647e-06, 4.299833e-07) (8.546637e-06, 8.484396e-06, 2.526304e-07) (6.157254e-06, 1.924642e-06, 7.371466e-07) (1.669436e-06, 5.702267e-06, 5.994911e-07) (6.144360e-06, 9.053861e-06, 3.940700e-07) (1.172785e-06, 9.376379e-06, 1.263669e-07) (9.765210e-06, 5.786339e-07, 1.800465e-07) )
				((1.433373e-06, 8.908089e-07, 9.455321e-07) (3.587721e-06, 1.743109e-06, 7.166019e-07) (8.909787e-06, 8.313723e-06, 6.032015e-07) (9.972606e-06, 6.568576e-06, 7.424069e-07) (2.516842e-08, 2.487631e-06, 3.848632e-07) (6.155251e-06, 1.867596e-06, 8.030897e-07) (1.855945e-06, 5.293173e-06, 5.931219e-07) (6.591681e-06, 9.627269e-06, 7.482217e-07) (1.041864e-06, 8.128274e-06, 2.450793e-07) (9.683432e-06, 3.656220e-07, 6.911694e-07) )
				((8.591577e-06, 8.788024e-06, 1.227266e-07) (9.533957e-06, 6.438933e-06, 7.915961e-07) (1.046697e-06, 1.934889e-07, 2.465741e-07) (3.778031e-06, 1.507639e-06, 8.453378e-07) (5.814385e-07, 2.844084e-06, 1.633808e-07) (6.886192e-06, 1.820327e-06, 3.275826e-07) (1.264150e-06, 4.730654e-06, 2.154087e-07) (6.785066e-06, 9.793720e-06, 8.168380e-07) (1.446914e-06, 8.087616e-06, 5.555081e-07) (8.757137e-06, 3.803866e-07, 7.036665e-07) )
				((4.796642e-08, 2.646940e-06, 1.657359e-07) (1.050436e-06, 4.575138e-06, 2.501152e-07) (6.668131e-06, 1.980694e-06, 3.365157e-07) (8.573430e-06, 8.634816e-07, 9.473220e-07) (6.316408e-06, 9.251154e-06, 6.415375e-07) (8.595567e-06, 8.331581e-06, 1.920600e-07) (9.752345e-06, 6.539766e-06, 5.663619e-07) (1.411743e-06, 3.599936e-07, 2.099320e-07) (3.931158e-06, 1.111795e-06, 8.525743e-08) (1.078833e-06, 8.442890e-06, 5.236472e-07) )
				((1.076138e-06, 4.402124e-06, 3.095826e-07) (3.023686e-07, 2.570443e-06, 9.458490e-08) (8.228324e-06, 5.847005e-07, 9.034525e-07) (6.630595e-06, 1.786946e-06, 9.466610e-07) (1.850074e-06, 4.806037e-07, 4.841031e-07) (4.385159e-06, 9.813249e-07, 5.266187e-07) (5.865625e-06, 9.314937e-06, 8.038000e-07) (8.562848e-06, 8.696689e-06, 4.925462e-07) (9.978454e-06, 7.084355e-06, 7.184587e-08) (4.458333e-07, 8.275460e-06, 2.081651e-07) )
				((6.342490e-06, 1.569081e-06, 9.927751e-07) (4.167833e-06, 1.945912e-06, 6.587797e-08) (1.807623e-06, 1.214270e-07, 8.928170e-08) (9.971279e-06, 7.384332e-06, 7.393879e-07) (7.831811e-06, 8.195864e-06, 3.011906e-07) (1.388141e-06, 4.398799e-06, 7.632216e-07) (1.698005e-07, 1.673730e-06, 2.187003e-08) (8.728152e-06, 3.775819e-07, 9.098428e-07) (5.737020e-06, 9.910545e-06, 8.937262e-07) (4.307153e-07, 8.417782e-06, 9.933361e-07) )
				((4.126098e-06, 1.664659e-06, 9.713797e-07) (6.175493e-06, 9.329059e-07, 9.514860e-07) (1.670522e-07, 9.987675e-07, 7.321641e-07) (2.225813e-06, 9.504008e-08, 4.007121e-08) (9.563417e-06, 6.569255e-06, 9.773082e-07) (8.248794e-06, 9.114290e-06, 2.199011e-07) (1.777052e-06, 4.601931e-06, 8.601520e-07) (8.047063e-06, 2.474584e-07, 4.396136e-07) (4.552654e-06, 9.709898e-06, 2.984495e-07) (1.342204e-06, 8.327943e-06, 2.189764e-07) )
				((6.548793e-06, 7.860883e-07, 9.429774e-07) (8.329452e-06, 3.076579e-07, 1.681483e-07) (2.544997e-06, 7.061869e-08, 2.331918e-07) (4.331861e-06, 1.156792e-06, 5.164740e-07) (3.114926e-07, 4.138078e-07, 1.044065e-07) (9.734352e-06, 7.106321e-06, 6.888345e-07) (7.957814e-06, 9.216345e-06, 3.921020e-07) (1.805120e-06, 4.594059e-06, 9.455264e-07) (4.729713e-06, 9.341272e-06, 7.633989e-08) (1.935184e-06, 8.593173e-06, 5.876113e-07) )
				((9.581084e-07, 3.421411e-07, 5.757655e-07) (2.798269e-06, 8.784803e-07, 4.671151e-09) (4.702392e-06, 8.896187e-07, 7.287756e-07) (6.647603e-06, 1.352800e-06, 7.689817e-07) (8.317874e-06, 8.633744e-06, 2.924205e-07) (9.526119e-06, 7.044744e-06, 4.158006e-07) (8.632821e-06, 2.521251e-07, 3.202367e-07) (1.405863e-06, 4.011283e-06, 6.275643e-07) (4.813036e-06, 9.327013e-06, 1.001209e-07) (1.864285e-06, 8.311153e-06, 1.070555e-09) )
				((2.652106e-06, 4.250806e-07, 1.201779e-07) (4.616634e-06, 5.266621e-07, 5.136276e-07) (6.853666e-06, 9.047955e-07, 8.523121e-07) (8.809973e-06, 2.710249e-07, 4.817140e-07) (6.949726e-07, 5.640877e-07, 8.373898e-07) (8.184893e-06, 8.308146e-06, 3.733438e-07) (9.235201e-06, 6.101778e-06, 5.734730e-07) (1.722145e-06, 3.348197e-06, 2.097250e-07) (4.833843e-06, 9.394382e-06, 4.612580e-07) (1.514223e-06, 8.321045e-06, 6.042281e-07) )
				((8.767847e-06, 2.465461e-07, 1.959793e-07) (6.988609e-06, 7.121912e-07, 9.817825e-07) (3.295318e-06, 2.052405e-07, 1.734916e-07) (5.046557e-06, 1.086008e-06, 5.702386e-07) (1.359506e-06, 3.966182e-07, 7.817226e-07) (8.897167e-06, 8.781492e-06, 5.848562e-07) (8.631466e-06, 5.880631e-06, 8.377473e-07) (1.045929e-06, 3.463531e-06, 8.021362e-07) (5.378733e-06, 8.638747e-06, 2.279501e-07) (1.394893e-06, 8.654003e-06, 6.365824e-07) )
				((8.777328e-06, 3.795633e-09, 1.741142e-07) (7.109246e-06, 7.863241e-07, 9.520288e-07) (3.214212e-06, 1.141804e-06, 2.212519e-08) (1.469804e-06, 5.919930e-07, 8.312902e-07) (4.967407e-06, 1.788131e-06, 9.596778e-07) (8.511932e-06, 8.754351e-06, 3.317096e-07) (8.744625e-06, 5.888521e-06, 5.503618e-07) (1.305629e-06, 3.914851e-06, 7.747224e-07) (5.554623e-06, 8.166651e-06, 1.181604e-07) (1.281480e-06, 8.595554e-06, 8.070279e-07) )
				((5.005462e-06, 1.986118e-06, 6.822632e-07) (3.627926e-06, 5.446938e-07, 8.394019e-07) (6.824037e-06, 1.079830e-06, 6.315583e-07) (1.615697e-06, 4.012382e-07, 5.755125e-07) (8.986902e-06, 2.609484e-07, 1.292312e-07) (8.073238e-06, 8.421099e-06, 2.531056e-07) (8.785786e-06, 5.945721e-06, 9.506965e-07) (1.275123e-06, 3.384460e-06, 9.552440e-07) (5.951260e-06, 8.195928e-06, 1.597129e-07) (5.698515e-07, 8.300136e-06, 9.417431e-07) )
				((1.692160e-06, 5.876420e-07, 2.758483e-07) (3.509109e-06, 1.337180e-06, 6.458331e-07) (5.004010e-06, 1.868061e-06, 5.756953e-07) (8.001167e-06, 8.239764e-06, 9.570117e-07) (5.878542e-06, 8.585936e-06, 4.952927e-07) (7.450437e-06, 6.788602e-07, 5.678982e-07) (9.608312e-06, 3.077128e-08, 6.390341e-07) (8.933352e-06, 5.603543e-06, 9.105500e-07) (5.447548e-07, 3.187974e-06, 7.441943e-07) (9.175962e-07, 9.052493e-06, 8.934111e-07) )
				((7.994141e-06, 1.195719e-06, 3.683374e-07) (9.615222e-06, 3.173964e-08, 4.996731e-07) (4.876156e-06, 1.959116e-06, 5.913461e-07) (3.066422e-06, 8.065183e-07, 3.600005e-07) (7.799124e-07, 1.992958e-07, 6.080412e-07) (8.249531e-06, 8.678205e-06, 7.556846e-07) (5.180236e-06, 8.054466e-06, 4.593820e-07) (9.123814e-06, 5.171962e-06, 2.446427e-07) (6.103409e-07, 3.775363e-06, 8.197800e-07) (1.567800e-06, 8.461256e-06, 9.808731e-07) )
				((5.295741e-06, 1.841030e-06, 6.183540e-07) (3.455979e-06, 8.099243e-07, 1.917916e-07) (9.845893e-06, 2.110361e-07, 9.113187e-07) (7.962482e-06, 1.741384e-06, 4.374836e-07) (9.904924e-07, 4.175917e-08, 7.361222e-07) (8.088621e-06, 8.048840e-06, 7.022904e-07) (5.466279e-06, 8.224359e-06, 4.417641e-07) (9.956642e-06, 5.002630e-06, 7.193043e-07) (1.194233e-06, 3.914877e-06, 9.650546e-07) (1.729050e-06, 8.949868e-06, 8.837059e-07) )
				((9.588683e-06, 2.896208e-07, 7.934129e-07) (8.089831e-06, 1.645858e-06, 8.836863e-07) (5.865363e-06, 1.739014e-06, 8.237330e-07) (2.889166e-06, 8.434414e-07, 2.010893e-07) (5.681060e-07, 2.982115e-07, 5.769847e-07) (8.492748e-06, 7.572769e-06, 8.125592e-07) (5.149924e-06, 8.582283e-06, 4.389467e-07) (9.455122e-06, 5.353547e-06, 9.911600e-07) (1.707404e-06, 4.125997e-06, 7.156546e-07) (7.395064e-07, 9.612117e-06, 1.328296e-09) )
				((8.561893e-06, 2.395391e-06, 6.932662e-07) (9.447446e-06, 4.443903e-07, 8.243717e-07) (5.879655e-06, 1.779319e-06, 7.464488e-07) (2.723084e-06, 1.564558e-06, 7.283176e-08) (8.666019e-07, 3.477228e-07, 7.153994e-07) (8.629368e-06, 7.668135e-06, 6.881472e-07) (4.987681e-06, 8.493748e-06, 5.133711e-07) (9.834763e-06, 5.852440e-06, 6.714359e-07) (1.758951e-06, 4.164580e-06, 5.486237e-07) (9.023830e-07, 9.848233e-06, 6.721162e-07) )
				((9.151534e-07, 1.616978e-07, 6.917237e-07) (2.732754e-06, 1.880845e-06, 5.251140e-07) (9.270466e-06, 3.437696e-07, 7.409305e-07) (8.717165e-06, 3.266145e-06, 5.485923e-07) (5.510258e-06, 9.745189e-07, 8.990429e-07) (8.455900e-06, 7.704646e-06, 2.034522e-07) (5.042565e-06, 8.584771e-06, 3.859812e-07) (9.817398e-06, 5.217426e-06, 4.715938e-07) (1.450805e-06, 3.855530e-06, 7.987561e-07) (9.206347e-07, 9.528385e-06, 4.869275e-07) )
				((8.608889e-06, 4.217598e-07, 9.586085e-07) (8.901985e-06, 2.349840e-06, 5.152094e-07) (9.167759e-07, 2.246108e-08, 6.453336e-07) (3.639302e-06, 1.892402e-06, 1.042212e-07) (5.726231e-06, 6.789317e-07, 9.372431e-07) (8.799855e-06, 8.193581e-06, 5.126033e-07) (5.509059e-06, 8.774467e-06, 2.826891e-07) (9.380628e-06, 6.136373e-06, 6.570900e-07) (1.585644e-06, 3.529308e-06, 9.870881e-07) (1.456107e-06, 9.500178e-06, 9.302576e-07) )
				((3.247442e-06, 1.748033e-06, 3.734513e-08) (2.231959e-06, 3.038127e-08, 1.732462e-07) (8.309022e-06, 2.773291e-06, 7.137286e-07) (9.410568e-06, 1.107425e-06, 8.208992e-07) (9.583728e-06, 6.096959e-06, 7.100484e-07) (8.784784e-06, 8.804964e-06, 4.609120e-08) (6.136948e-06, 1.030751e-06, 7.571897e-07) (5.151998e-06, 8.452536e-06, 4.939638e-07) (1.527191e-06, 3.245129e-06, 4.091852e-07) (1.300804e-06, 9.831796e-06, 4.633755e-07) )
				((8.154825e-06, 2.711361e-06, 7.216678e-07) (9.181614e-06, 9.950699e-07, 7.285689e-07) (1.692949e-06, 5.935467e-07, 8.780864e-07) (3.635524e-06, 1.068869e-06, 3.762970e-08) (9.792311e-06, 6.824396e-06, 9.663796e-07) (8.656310e-06, 8.568585e-06, 9.139138e-08) (5.711389e-06, 1.531276e-06, 6.403154e-07) (5.292698e-06, 8.137068e-06, 3.397081e-07) (1.201580e-06, 3.647942e-06, 2.729978e-07) (1.371845e-06, 9.511810e-06, 4.567438e-07) )
				((3.447611e-06, 1.212900e-06, 2.352637e-07) (5.301151e-06, 1.939615e-06, 4.257229e-07) (8.818738e-06, 8.655235e-06, 5.915820e-07) (9.478919e-06, 5.869778e-06, 8.577556e-07) (8.209123e-06, 2.550517e-06, 7.703235e-07) (9.159435e-06, 7.194075e-07, 2.389445e-07) (1.286534e-06, 6.192150e-08, 2.657122e-08) (4.552992e-06, 8.012905e-06, 4.976975e-07) (1.592439e-06, 3.501357e-06, 3.027966e-07) (1.446351e-06, 9.717233e-06, 4.831365e-07) )
				((8.590172e-06, 2.360788e-06, 7.627451e-07) (9.986481e-06, 7.941629e-07, 1.658881e-07) (3.361404e-06, 8.370226e-07, 7.293191e-08) (5.535075e-06, 1.808077e-06, 9.534648e-08) (8.754398e-06, 8.437487e-06, 6.238731e-07) (9.490379e-06, 5.700977e-06, 5.592175e-07) (4.592160e-07, 5.599752e-07, 2.662222e-07) (5.082943e-06, 8.339396e-06, 2.457790e-07) (1.331895e-06, 3.551519e-06, 1.110786e-07) (1.075445e-06, 9.639143e-06, 5.833640e-07) )
				((8.696424e-06, 2.205138e-06, 9.480707e-07) (9.646227e-06, 6.961771e-07, 4.203058e-08) (3.533327e-06, 5.876379e-07, 6.909346e-07) (5.608999e-06, 9.781070e-07, 7.408502e-07) (8.820923e-06, 8.655108e-06, 5.339399e-07) (8.422426e-06, 6.663246e-06, 7.353037e-07) (1.053182e-06, 2.370069e-07, 5.132186e-07) (4.613232e-06, 8.231251e-06, 8.594737e-07) (1.071285e-06, 3.534904e-06, 3.169384e-07) (7.354941e-07, 9.790002e-06, 4.080205e-07) )
				((9.831418e-07, 3.324263e-06, 3.478461e-07) (8.921942e-07, 1.337359e-06, 5.574726e-07) (5.965675e-06, 4.185859e-07, 7.407556e-07) (3.819485e-06, 7.794247e-07, 9.388050e-07) (9.081781e-06, 2.611254e-06, 8.002552e-07) (9.311143e-06, 4.231770e-07, 1.853705e-07) (8.626843e-06, 8.745894e-06, 5.657318e-07) (8.603934e-06, 6.445178e-06, 9.227186e-07) (4.635529e-06, 8.149170e-06, 6.847780e-07) (5.140453e-07, 9.864849e-06, 3.324858e-07) )
				((1.244630e-06, 3.233199e-06, 6.049176e-07) (9.615047e-07, 1.302690e-06, 1.656300e-07) (9.995837e-06, 4.306095e-07, 1.234142e-07) (9.403109e-06, 3.282892e-06, 7.803479e-07) (3.664175e-06, 1.960356e-06, 7.276710e-07) (6.011121e-06, 1.187151e-07, 5.475344e-07) (8.337019e-06, 9.457751e-06, 6.508164e-07) (8.046304e-06, 6.420442e-06, 2.444579e-07) (3.722544e-06, 8.453686e-06, 2.085954e-07) (3.684926e-08, 9.497700e-06, 2.535691e-07) )
				((2.911947e-07, 1.251643e-06, 3.276285e-07) (1.345886e-06, 3.093939e-06, 6.725896e-07) (9.496317e-06, 1.010731e-06, 6.929533e-07) (9.685763e-06, 2.952160e-06, 1.082275e-07) (3.372362e-06, 1.814504e-06, 9.844294e-07) (5.896756e-06, 2.251965e-08, 7.343776e-07) (8.479861e-06, 9.289779e-06, 9.427691e-07) (8.293718e-06, 6.654931e-06, 6.636882e-09) (3.103223e-06, 8.325769e-06, 6.512653e-08) (4.985822e-08, 8.465118e-06, 2.780207e-07) )
				((9.669466e-06, 3.064618e-06, 4.075420e-08) (8.922533e-06, 8.231963e-07, 4.407704e-07) (1.947743e-07, 9.335906e-07, 1.272353e-08) (1.840910e-06, 3.798631e-06, 5.296295e-07) (2.804020e-06, 1.674164e-06, 3.487546e-07) (5.322320e-06, 5.887143e-07, 9.784951e-07) (7.708647e-06, 8.900694e-06, 9.640764e-07) (8.157298e-06, 6.051494e-06, 5.144682e-07) (2.533688e-06, 8.509840e-06, 3.493988e-07) (1.314867e-07, 7.784477e-06, 5.955650e-10) )
				((3.004050e-06, 1.688150e-06, 8.163108e-07) (4.833724e-06, 7.787151e-07, 8.299911e-07) (9.827605e-06, 3.315603e-06, 4.482071e-07) (9.311318e-06, 2.829982e-07, 3.788623e-07) (3.008774e-08, 3.076285e-07, 7.814618e-07) (1.463767e-06, 3.707068e-06, 6.538122e-08) (8.323687e-06, 8.963089e-06, 6.534081e-07) (8.502285e-06, 5.965391e-06, 4.237853e-07) (3.144267e-06, 8.073326e-06, 7.184184e-07) (2.670908e-07, 8.142445e-06, 8.442883e-07) )
				((4.915997e-06, 7.648060e-07, 7.604985e-07) (2.825880e-06, 1.416269e-06, 6.503436e-07) (9.422317e-06, 2.972890e-06, 6.676675e-07) (9.003131e-06, 6.450038e-07, 6.633536e-07) (4.589524e-07, 3.119639e-07, 6.998072e-07) (1.634529e-06, 4.268719e-06, 4.048420e-07) (8.269421e-06, 9.153273e-06, 3.654309e-07) (8.142948e-06, 6.299705e-06, 5.083752e-07) (2.915996e-06, 8.078730e-06, 6.410147e-07) (1.116384e-07, 7.654443e-06, 7.574064e-07) )
				((9.545834e-07, 7.391314e-06, 6.520033e-07) (2.570403e-06, 8.284046e-06, 2.827450e-07) (5.144654e-06, 8.594103e-07, 7.057712e-07) (3.055866e-06, 1.960486e-06, 2.032781e-07) (9.716347e-06, 2.586128e-06, 4.330528e-07) (9.086244e-06, 5.796846e-07, 9.399692e-07) (5.485840e-07, 1.622703e-08, 2.957311e-07) (1.642354e-06, 4.699527e-06, 4.825475e-07) (7.744875e-06, 9.364060e-06, 2.040903e-07) (8.421520e-06, 6.103445e-06, 5.516738e-07) )
				((9.425084e-06, 4.045989e-07, 6.861241e-07) (9.972951e-06, 2.322692e-06, 5.420400e-07) (1.139863e-06, 7.466392e-06, 5.021166e-07) (3.346099e-06, 9.697306e-06, 3.439593e-07) (5.345532e-06, 6.143748e-07, 7.946120e-07) (3.568490e-06, 1.933290e-06, 2.846898e-08) (7.852120e-07, 1.871319e-07, 3.703719e-07) (1.590059e-06, 4.631333e-06, 9.807217e-07) (7.934441e-06, 9.473126e-06, 4.673564e-07) (8.316706e-06, 6.597112e-06, 7.118230e-07) )
				((9.148022e-06, 4.917662e-07, 6.746382e-07) (9.785751e-06, 2.400440e-06, 6.447532e-07) (9.687058e-07, 7.712721e-06, 6.872727e-07) (3.048554e-06, 9.319318e-06, 1.070881e-07) (5.434088e-06, 2.176024e-07, 7.949556e-07) (3.095425e-06, 1.764012e-06, 3.207003e-07) (7.588511e-07, 1.657870e-07, 2.392972e-07) (1.796355e-06, 5.607798e-06, 7.935447e-07) (7.917238e-06, 9.367374e-06, 7.650676e-07) (8.486760e-06, 6.706483e-06, 4.253562e-07) )
				((9.835105e-06, 2.635602e-06, 4.857813e-07) (8.526596e-06, 9.550787e-07, 5.547271e-07) (4.751811e-07, 7.447153e-06, 7.073932e-07) (3.608224e-06, 9.393927e-06, 6.582782e-08) (4.716062e-06, 2.526029e-07, 4.704221e-07) (3.301752e-06, 1.952071e-06, 7.011919e-07) (7.113292e-07, 2.442488e-07, 3.492228e-07) (1.765335e-06, 5.927496e-06, 1.258918e-07) (7.331431e-06, 9.648581e-06, 9.945770e-07) (8.898405e-06, 6.729732e-06, 5.953073e-07) )
				((1.533445e-06, 6.091879e-06, 3.533918e-07) (1.978259e-07, 7.454764e-06, 9.522800e-07) (3.216225e-06, 1.653044e-06, 4.723026e-07) (4.341424e-06, 7.771844e-08, 9.745725e-07) (8.665000e-06, 1.007754e-06, 8.821187e-07) (9.658924e-06, 3.204942e-06, 7.900622e-07) (3.789356e-06, 9.696651e-06, 3.558478e-07) (4.674917e-07, 2.908506e-07, 2.996445e-07) (7.669273e-06, 9.778439e-06, 7.709475e-07) (9.224258e-06, 6.829772e-06, 4.959786e-07) )
				((2.679826e-06, 1.999857e-06, 4.756249e-07) (4.050862e-06, 2.446919e-07, 7.224853e-07) (2.559471e-07, 7.651516e-06, 8.965148e-07) (1.730221e-06, 6.102600e-06, 2.573017e-07) (9.279022e-06, 2.660391e-06, 9.693734e-07) (8.479405e-06, 4.156806e-07, 8.916321e-07) (3.133645e-06, 9.899764e-06, 3.296568e-08) (1.154479e-07, 3.967630e-07, 1.250389e-07) (7.919488e-06, 9.849502e-06, 8.945617e-07) (9.331524e-06, 6.493219e-06, 3.512393e-07) )
				((4.347162e-06, 2.242458e-07, 7.041767e-07) (2.902687e-06, 1.742032e-06, 4.772558e-07) (6.210712e-07, 7.875322e-06, 1.242307e-07) (1.463127e-06, 5.822812e-06, 4.287240e-07) (9.004353e-06, 3.044401e-06, 9.390201e-07) (7.868629e-06, 7.507103e-07, 1.529201e-07) (3.431655e-06, 9.878351e-06, 1.563606e-07) (3.520597e-08, 9.865408e-07, 1.173456e-07) (8.811672e-06, 9.012414e-06, 6.782684e-07) (9.650199e-06, 6.693122e-06, 1.069374e-07) )
				((4.940960e-06, 4.728830e-07, 5.625716e-07) (2.994025e-06, 1.053205e-06, 1.796035e-07) (1.449527e-06, 7.950188e-06, 8.393511e-07) (1.187426e-06, 5.787533e-06, 7.603883e-07) (8.353465e-06, 3.006911e-06, 6.608330e-07) (7.500540e-06, 1.824479e-06, 2.129868e-08) (3.108800e-06, 9.829385e-06, 1.833623e-07) (1.463993e-07, 1.322671e-06, 1.397674e-08) (8.873831e-06, 8.816889e-06, 9.326065e-07) (9.663109e-06, 6.799053e-06, 2.546872e-07) )
				((1.233151e-06, 6.457926e-06, 8.339359e-07) (1.362708e-06, 8.509925e-06, 5.862070e-07) (9.761821e-06, 6.884659e-06, 2.155975e-08) (8.950151e-06, 8.885859e-06, 8.331429e-07) (7.439546e-06, 1.498726e-06, 7.120218e-07) (8.100420e-06, 4.120932e-06, 6.158779e-07) (5.361399e-06, 9.145421e-08, 9.227418e-07) (2.828696e-06, 4.203500e-07, 2.167807e-07) (3.697600e-06, 9.350567e-06, 1.818405e-07) (8.560424e-07, 1.843658e-06, 1.875566e-07) )
				((1.129143e-06, 6.772875e-06, 4.580713e-07) (1.570119e-06, 8.712468e-06, 6.666901e-07) (5.147133e-06, 4.730528e-07, 7.026683e-07) (2.877365e-06, 4.112665e-07, 2.391019e-07) (9.923296e-06, 6.741420e-06, 4.937187e-07) (8.428807e-06, 9.855988e-06, 2.465030e-07) (7.342621e-06, 1.884547e-06, 7.668442e-07) (8.763838e-06, 3.493560e-06, 9.239518e-07) (3.534402e-06, 9.337981e-06, 7.233189e-07) (4.859571e-07, 1.653086e-06, 9.784137e-08) )
				((1.537133e-06, 7.019927e-06, 7.875296e-07) (7.291154e-07, 9.172251e-06, 6.394325e-07) (3.447502e-06, 9.226210e-06, 5.548096e-08) (4.662016e-06, 4.573227e-07, 9.666700e-07) (2.680648e-06, 6.119027e-07, 4.971678e-07) (9.560697e-06, 7.194591e-06, 6.228230e-07) (8.778531e-06, 9.620019e-06, 8.529997e-07) (6.923829e-06, 1.649459e-06, 7.146787e-07) (9.151363e-06, 3.378545e-06, 7.110115e-07) (1.047915e-06, 1.926152e-06, 4.862636e-09) )
				((5.315311e-06, 6.192521e-07, 8.092381e-07) (6.688529e-06, 1.987568e-06, 3.929200e-07) (9.867541e-06, 8.051942e-06, 7.309189e-08) (8.325323e-06, 9.191549e-06, 6.412962e-07) (2.585104e-06, 1.577481e-07, 9.945290e-07) (1.222615e-06, 1.932179e-06, 2.529404e-07) (1.451177e-06, 6.156376e-06, 6.926611e-07) (8.480846e-07, 9.467984e-06, 5.729115e-07) (4.443730e-06, 9.604938e-06, 7.808248e-08) (9.073501e-06, 3.592728e-06, 6.083776e-07) )
				((8.328469e-06, 8.871986e-06, 5.802399e-07) (9.674555e-06, 7.341599e-06, 6.078271e-07) (6.704040e-06, 1.411396e-06, 6.509682e-08) (4.822803e-06, 2.213482e-08, 7.539951e-07) (2.303963e-06, 1.018443e-07, 8.462680e-07) (1.465017e-06, 2.441633e-06, 1.094625e-07) (1.480740e-06, 5.466318e-06, 4.169853e-07) (6.409715e-07, 9.172370e-06, 7.152642e-07) (4.018425e-06, 9.966729e-06, 6.924481e-08) (9.913082e-06, 3.743906e-06, 6.184195e-07) )
				((9.205769e-06, 7.040716e-06, 2.722480e-07) (8.372945e-06, 9.269118e-06, 9.442242e-07) (6.918033e-06, 1.335734e-06, 5.219488e-07) (4.325939e-06, 3.619727e-07, 3.393335e-07) (2.220800e-06, 5.006925e-07, 6.246621e-07) (1.686515e-06, 2.491395e-06, 3.568646e-07) (1.180280e-06, 5.056072e-06, 8.722113e-08) (1.236575e-06, 9.423835e-06, 6.614529e-07) (4.998445e-06, 9.862551e-06, 7.737633e-07) (9.721843e-06, 3.695669e-06, 9.638939e-07) )
				((4.417136e-06, 3.431967e-07, 7.464113e-07) (2.467553e-06, 5.682381e-07, 3.610813e-07) (8.474826e-06, 7.593375e-06, 2.180426e-07) (8.166959e-06, 9.473053e-06, 8.279836e-07) (1.253812e-06, 2.378258e-06, 4.290846e-07) (1.351531e-06, 5.069133e-06, 2.646169e-07) (7.192004e-06, 1.543853e-06, 3.741839e-07) (4.926025e-07, 9.646690e-06, 8.912603e-07) (4.683916e-06, 9.989250e-06, 6.372539e-07) (9.997359e-06, 3.163096e-06, 5.378921e-07) )
				((2.034511e-06, 7.132812e-07, 5.752883e-07) (9.941744e-07, 2.419904e-06, 6.469655e-07) (9.191988e-06, 7.468837e-06, 4.756892e-08) (8.467681e-06, 9.234844e-06, 6.447291e-07) (1.094908e-06, 5.037525e-06, 1.786067e-07) (4.342619e-06, 5.175486e-09, 4.094691e-07) (8.023978e-06, 1.216743e-06, 2.038100e-07) (1.218745e-06, 9.306922e-06, 6.901435e-07) (4.885816e-06, 9.507422e-06, 8.797798e-07) (9.982564e-06, 2.463000e-06, 5.677184e-07) )
				((9.651890e-06, 7.587027e-06, 3.260871e-07) (8.583076e-06, 9.325089e-06, 9.279151e-07) (2.499778e-06, 4.747401e-07, 1.550188e-07) (4.939825e-06, 8.919464e-07, 7.491798e-07) (1.744967e-07, 2.456748e-06, 8.888339e-07) (9.746360e-07, 5.319275e-06, 9.640735e-07) (8.950293e-06, 6.945612e-07, 8.729064e-07) (1.244231e-06, 8.614768e-06, 9.924310e-07) (4.044577e-06, 9.774469e-06, 6.143616e-07) (9.972067e-06, 2.721472e-06, 8.432799e-07) )
				((2.602916e-06, 1.401889e-07, 3.746180e-09) (4.173783e-06, 1.221892e-06, 6.056555e-07) (9.912083e-06, 7.797532e-06, 3.597601e-07) (8.213521e-06, 8.919313e-06, 7.102635e-07) (2.714152e-07, 2.183137e-06, 4.929052e-07) (9.649918e-07, 5.509412e-06, 7.310624e-07) (9.042749e-06, 3.852852e-07, 5.412101e-07) (1.240098e-06, 8.390164e-06, 4.650183e-07) (3.135993e-06, 9.850865e-06, 3.042506e-07) (9.903489e-06, 3.484287e-06, 6.600539e-07) )
				((4.313003e-06, 1.725453e-06, 6.918393e-07) (2.965157e-06, 3.582888e-07, 6.932790e-08) (9.681059e-06, 8.058658e-06, 2.976366e-07) (7.776809e-06, 9.269849e-06, 7.950816e-07) (5.448683e-07, 9.562710e-07, 6.701190e-07) (6.636554e-07, 5.357606e-06, 7.754018e-07) (9.184488e-06, 6.093011e-07, 8.272961e-07) (9.386096e-07, 7.977051e-06, 3.067980e-07) (3.674764e-06, 9.967604e-06, 8.552948e-07) (9.751999e-06, 3.985008e-06, 5.067135e-07) )
				((4.823262e-06, 1.635898e-06, 7.149130e-07) (2.968535e-06, 2.464361e-07, 4.802616e-08) (9.953272e-06, 8.854716e-06, 7.893242e-07) (7.314281e-06, 9.807835e-06, 9.422124e-07) (6.778772e-07, 1.140343e-06, 5.458786e-07) (1.102335e-06, 5.196379e-06, 8.463696e-07) (8.996960e-06, 1.357216e-06, 7.713398e-07) (1.293334e-06, 7.752692e-06, 8.394632e-07) (3.919742e-06, 9.972469e-06, 8.537452e-07) (9.320843e-06, 4.028072e-06, 8.981751e-07) )
				((5.046958e-06, 9.119480e-07, 2.364063e-07) (3.093058e-06, 7.236010e-07, 6.195528e-07) (9.844237e-06, 8.595233e-06, 5.187531e-07) (8.272397e-06, 9.801072e-06, 7.931147e-07) (4.983186e-07, 1.069231e-06, 8.754399e-07) (8.711804e-07, 5.625091e-06, 8.637830e-07) (9.508072e-06, 1.611009e-06, 9.539846e-07) (1.826645e-06, 7.920531e-06, 2.429705e-07) (3.949657e-06, 9.981807e-06, 6.487100e-07) (8.707866e-06, 3.842622e-06, 8.396853e-07) )
				((7.984853e-06, 9.754766e-06, 3.283999e-07) (9.966513e-06, 9.527590e-06, 4.747402e-07) (5.650154e-06, 5.748212e-07, 8.824985e-07) (3.727426e-06, 1.124167e-06, 8.459374e-07) (5.237115e-07, 1.170910e-06, 4.821402e-07) (4.630586e-07, 5.883564e-06, 9.243527e-07) (9.157938e-06, 1.334847e-06, 5.257404e-07) (2.006233e-06, 8.046266e-06, 3.538225e-07) (3.734781e-06, 9.668072e-06, 2.850235e-07) (8.083674e-06, 3.993376e-06, 6.941370e-07) )
				((7.604883e-06, 9.911534e-06, 1.201063e-07) (9.521780e-06, 9.863069e-06, 6.885763e-07) (7.352103e-07, 5.976960e-06, 9.606343e-07) (1.799583e-06, 7.663965e-06, 1.898841e-07) (6.530212e-06, 1.869018e-07, 4.297022e-07) (4.130335e-06, 1.095817e-06, 7.933412e-07) (9.603714e-07, 1.714659e-06, 2.725387e-07) (9.096035e-06, 8.109192e-07, 7.230336e-07) (3.759626e-06, 9.816193e-06, 9.522181e-08) (8.520838e-06, 3.859513e-06, 6.094086e-07) )
				((6.189182e-06, 1.435890e-07, 2.170253e-07) (4.743260e-06, 1.524948e-06, 1.830298e-07) (7.887387e-06, 9.723386e-06, 2.155712e-08) (9.638143e-06, 8.977675e-06, 8.088151e-07) (2.007600e-07, 5.262413e-06, 3.934364e-07) (1.442270e-06, 7.686055e-06, 2.046597e-07) (1.292536e-06, 2.423775e-06, 2.539174e-08) (9.354311e-06, 6.377375e-07, 3.160297e-07) (4.131146e-06, 9.851765e-06, 9.851738e-09) (9.231208e-06, 3.797135e-06, 7.167106e-07) )
				((7.322723e-06, 3.400684e-07, 7.779151e-07) (9.170668e-06, 8.948501e-07, 2.513060e-07) (5.702102e-06, 1.527659e-06, 8.664441e-07) (1.317519e-06, 7.637162e-06, 1.907478e-07) (1.095900e-06, 5.316532e-06, 7.445422e-07) (7.971391e-06, 9.675459e-06, 2.654906e-07) (9.729625e-06, 8.519665e-06, 7.472216e-07) (1.776519e-06, 2.572217e-06, 3.214463e-07) (3.860755e-06, 9.748399e-06, 2.136036e-07) (9.140092e-06, 3.032196e-06, 2.259263e-07) )
				((6.774920e-06, 8.884742e-08, 8.636806e-07) (5.887484e-06, 1.880138e-06, 9.248102e-07) (9.681217e-06, 8.592660e-06, 8.420185e-07) (7.598678e-06, 9.159413e-06, 2.881404e-07) (1.285610e-06, 5.692201e-06, 9.111171e-07) (1.240939e-06, 7.934042e-06, 2.923079e-07) (9.840034e-06, 6.193052e-07, 1.574458e-07) (1.408267e-06, 1.963936e-06, 2.894868e-07) (3.745511e-06, 9.952166e-06, 5.535759e-08) (9.564424e-06, 3.446715e-06, 6.121299e-07) )
				((7.096367e-06, 9.289231e-06, 7.424131e-07) (9.186345e-06, 8.487870e-06, 9.446332e-07) (5.020923e-06, 1.771274e-06, 7.537721e-07) (6.718864e-06, 3.083258e-07, 8.348308e-07) (1.145089e-06, 5.168907e-06, 8.029286e-07) (2.142536e-06, 8.657776e-06, 1.194029e-07) (9.934745e-06, 7.167115e-07, 2.809704e-09) (1.279898e-06, 1.888324e-06, 3.889135e-07) (4.114430e-06, 9.826782e-06, 3.464364e-07) (9.990133e-06, 3.787744e-06, 7.002486e-07) )
				((2.084979e-06, 8.982337e-06, 1.981763e-07) (4.107097e-06, 9.601099e-06, 4.909407e-08) (6.215827e-06, 2.386445e-07, 9.172158e-07) (5.076017e-06, 1.998686e-06, 8.033933e-07) (9.765246e-06, 8.582836e-06, 8.017957e-07) (6.689544e-06, 8.867791e-06, 9.592478e-07) (7.146167e-07, 5.233454e-06, 4.493609e-07) (9.444252e-06, 1.577831e-07, 4.738843e-07) (1.670069e-06, 1.439030e-06, 2.103500e-07) (9.012234e-06, 3.825959e-06, 3.694526e-07) )
				((5.484420e-06, 1.952449e-06, 6.807902e-07) (6.153633e-06, 6.851747e-09, 3.131511e-07) (2.859491e-06, 8.393024e-06, 2.391630e-07) (4.393547e-06, 9.617180e-06, 8.523881e-07) (9.171826e-06, 9.081230e-06, 5.117113e-07) (6.739885e-06, 9.249997e-06, 6.939487e-07) (8.184969e-08, 4.814078e-06, 9.622678e-07) (9.898780e-06, 1.952442e-07, 2.982909e-07) (2.154235e-06, 9.658155e-07, 7.275193e-07) (8.852715e-06, 3.743208e-06, 1.821953e-07) )
				((2.747301e-06, 8.007961e-06, 4.758328e-08) (3.069175e-06, 9.731413e-06, 9.808448e-07) (5.132468e-06, 1.934538e-06, 9.459862e-07) (6.268915e-06, 2.770894e-07, 4.805307e-08) (8.879278e-06, 8.600343e-06, 2.139719e-07) (6.079756e-06, 8.785378e-06, 8.824160e-07) (2.330222e-07, 4.762248e-06, 9.274863e-07) (9.832297e-06, 9.667262e-07, 8.921872e-07) (2.530323e-06, 1.640907e-06, 6.431569e-07) (9.793833e-06, 3.726928e-06, 2.598622e-08) )
				((3.662636e-06, 1.487873e-06, 5.976006e-07) (5.606722e-06, 1.930525e-06, 7.544165e-07) (1.907751e-06, 9.722349e-06, 9.286092e-07) (2.635241e-06, 8.066447e-06, 7.494292e-08) (6.578287e-06, 1.666992e-07, 3.000685e-07) (8.528157e-06, 8.065487e-06, 2.623629e-07) (5.745139e-06, 8.165458e-06, 8.894288e-07) (6.177659e-07, 4.855167e-06, 3.110060e-07) (9.635411e-06, 1.376439e-06, 1.392959e-07) (9.680970e-06, 4.283753e-06, 3.418832e-07) )
				((2.209633e-06, 8.019847e-06, 5.194712e-07) (2.260286e-06, 9.982106e-06, 9.028416e-07) (5.864614e-06, 8.460474e-08, 4.366962e-07) (5.867802e-06, 1.964782e-06, 8.783968e-07) (3.259866e-06, 1.688140e-06, 1.692834e-07) (8.728419e-06, 8.412811e-06, 4.435271e-08) (5.703037e-06, 8.068307e-06, 4.056391e-07) (2.988271e-07, 4.136190e-06, 8.550022e-07) (9.378963e-06, 1.013388e-06, 2.776434e-07) (9.499533e-06, 3.793468e-06, 3.372630e-07) )
				((6.006825e-06, 6.979906e-08, 4.925229e-07) (6.168424e-06, 1.887908e-06, 8.683808e-07) (1.917378e-06, 9.658815e-06, 7.997517e-07) (1.929827e-06, 7.677118e-06, 2.421026e-07) (3.075903e-06, 1.958947e-06, 3.695634e-07) (8.456718e-06, 8.136239e-06, 6.077482e-07) (5.858358e-06, 8.803815e-06, 1.064693e-07) (1.805540e-07, 4.331172e-06, 4.920292e-07) (9.385303e-06, 1.284479e-06, 4.509591e-07) (9.257556e-06, 4.234631e-06, 9.507753e-07) )
				((6.664734e-06, 8.636733e-06, 5.959318e-07) (8.655265e-06, 8.604161e-06, 4.042948e-07) (6.664439e-06, 1.969448e-06, 6.242367e-07) (5.527151e-06, 4.491252e-07, 4.408904e-09) (3.718647e-06, 1.986109e-06, 1.791107e-07) (2.147781e-06, 9.875541e-06, 8.556170e-07) (1.947459e-06, 7.154013e-06, 7.670380e-07) (5.907845e-08, 3.778617e-06, 4.522524e-07) (9.413146e-06, 1.673936e-06, 7.322965e-07) (9.509365e-06, 4.141355e-06, 5.768160e-07) )
				((1.569299e-06, 6.913381e-06, 9.294470e-07) (1.241056e-06, 8.854292e-06, 5.757243e-07) (5.921503e-06, 5.586422e-08, 1.060326e-07) (5.848179e-06, 1.912800e-06, 8.452305e-07) (9.287151e-06, 1.905470e-06, 2.907603e-07) (9.454355e-06, 3.893050e-06, 4.376223e-07) (6.296742e-06, 8.901488e-06, 4.058758e-07) (8.642464e-06, 9.340037e-06, 7.899915e-07) (3.868615e-06, 1.700116e-06, 3.609328e-07) (9.703129e-07, 3.830771e-06, 9.849866e-07) )
				((5.485702e-06, 1.790359e-07, 8.232894e-09) (5.656076e-06, 1.983448e-06, 8.538513e-07) (3.495079e-06, 1.744338e-06, 1.145612e-07) (8.565611e-06, 1.672309e-06, 3.960743e-07) (9.388275e-06, 3.985591e-06, 1.975678e-07) (1.922131e-06, 6.765304e-06, 4.535988e-07) (1.824617e-06, 8.999055e-06, 8.827289e-07) (6.447219e-06, 8.985084e-06, 8.509900e-07) (8.997407e-06, 9.253960e-06, 9.143645e-07) (1.637242e-06, 3.492873e-06, 5.633371e-07) )
				((4.662617e-06, 2.357648e-08, 7.315031e-08) (3.620729e-06, 1.670963e-06, 2.805211e-07) (5.568944e-06, 1.959076e-06, 9.281664e-07) (9.034525e-06, 4.530066e-06, 1.225843e-07) (8.574358e-06, 2.027173e-06, 4.070864e-07) (1.448542e-06, 6.574835e-06, 7.490079e-08) (1.088394e-06, 9.124524e-06, 9.338427e-07) (5.827851e-06, 8.596909e-06, 1.430701e-08) (9.299010e-06, 9.478712e-06, 9.874957e-07) (1.336871e-06, 3.378735e-06, 9.976706e-07) )
				((3.541009e-06, 1.767057e-06, 3.005134e-08) (4.611379e-06, 8.003604e-08, 1.209772e-07) (5.971607e-06, 1.673720e-06, 5.060438e-07) (9.928694e-06, 4.428392e-06, 8.407717e-07) (8.655491e-06, 1.941373e-06, 9.074834e-07) (1.744857e-06, 6.482147e-06, 3.710414e-07) (1.619925e-06, 9.668287e-06, 9.909496e-07) (6.082351e-06, 8.652913e-06, 6.023163e-07) (8.519470e-06, 9.875339e-06, 4.563379e-07) (7.541977e-07, 2.844133e-06, 2.115471e-07) )
				((3.664852e-06, 1.965149e-06, 6.268442e-07) (3.548139e-06, 6.317156e-08, 3.124297e-07) (7.153289e-06, 8.928883e-06, 2.673776e-07) (8.663188e-06, 9.958986e-06, 9.626260e-07) (9.440646e-06, 1.630900e-06, 8.179564e-07) (9.975461e-06, 3.923238e-06, 1.814456e-07) (5.994151e-06, 1.720656e-06, 7.853572e-08) (1.739702e-06, 6.092600e-06, 4.435957e-07) (1.541699e-06, 9.595135e-06, 9.255538e-07) (4.652595e-07, 3.395538e-06, 4.899638e-08) )
				((8.038016e-06, 8.309561e-06, 6.628391e-08) (8.733060e-06, 9.946819e-06, 7.567213e-07) (3.205717e-06, 1.642979e-06, 9.706987e-07) (3.831316e-06, 1.362446e-11, 7.573484e-08) (1.736292e-06, 6.147829e-06, 1.732099e-07) (1.475150e-07, 4.945143e-06, 1.938975e-09) (9.593073e-06, 1.605776e-06, 5.244324e-07) (9.622758e-06, 4.190262e-06, 1.036972e-07) (5.453129e-06, 1.793123e-06, 3.567393e-07) (1.230491e-06, 9.669646e-06, 8.839276e-07) )
				((3.318507e-06, 1.809896e-07, 1.472963e-07) (2.909742e-06, 1.941045e-06, 9.953137e-07) (8.659571e-06, 9.775281e-06, 5.800793e-07) (8.465409e-06, 7.787445e-06, 4.761116e-07) (1.912232e-06, 5.909126e-06, 2.652639e-07) (1.252484e-07, 5.095045e-06, 6.446868e-07) (9.766064e-06, 1.349346e-06, 3.611704e-07) (9.660644e-06, 3.953105e-06, 5.424981e-09) (5.287994e-06, 1.987183e-06, 1.486635e-07) (1.684743e-06, 9.580310e-06, 9.842981e-07) )
				((1.493965e-06, 5.976551e-06, 9.384300e-08) (2.724450e-07, 4.464661e-06, 5.650944e-07) (2.773907e-06, 1.864410e-06, 7.424886e-07) (3.508960e-06, 6.378714e-09, 8.286171e-07) (7.987295e-06, 8.026243e-06, 9.384885e-07) (9.688888e-06, 9.550725e-06, 8.273057e-07) (9.702578e-06, 1.311434e-06, 2.557045e-07) (9.749038e-06, 3.667409e-06, 9.306392e-07) (5.059553e-06, 1.277873e-06, 9.374809e-08) (1.671027e-06, 9.321474e-06, 6.593735e-07) )
				((2.776690e-06, 1.483531e-07, 8.139824e-08) (2.817773e-06, 1.997000e-06, 8.435120e-07) (9.672089e-06, 9.411758e-06, 9.222158e-07) (7.746852e-06, 8.792975e-06, 4.120740e-07) (4.772616e-06, 1.917586e-06, 7.607284e-07) (3.075115e-07, 4.677427e-06, 3.225240e-07) (1.999114e-06, 6.507281e-06, 3.755114e-07) (9.636849e-06, 8.284308e-07, 7.818245e-07) (9.837265e-06, 4.125647e-06, 7.255168e-07) (2.010034e-06, 9.172797e-06, 8.794940e-08) )
				((1.287108e-06, 5.787508e-06, 8.103436e-07) (3.448105e-07, 4.059109e-06, 4.571960e-07) (3.542629e-06, 4.381055e-08, 1.311576e-07) (2.689039e-06, 1.848129e-06, 2.569316e-07) (4.801510e-06, 1.438788e-06, 9.766803e-07) (9.885735e-06, 9.904385e-06, 3.244049e-07) (7.533865e-06, 8.228018e-06, 3.352360e-07) (9.754542e-06, 7.091157e-07, 5.566901e-07) (9.861435e-06, 3.588031e-06, 6.315229e-07) (2.099744e-06, 9.230431e-06, 3.058810e-07) )
				((5.296179e-06, 1.566736e-06, 6.520500e-07) (3.851752e-06, 2.837637e-07, 1.347370e-07) (7.956124e-06, 8.001096e-06, 5.526778e-07) (9.302298e-06, 9.864476e-06, 1.704653e-07) (2.284794e-06, 1.587387e-06, 9.613134e-07) (8.131349e-07, 6.201467e-06, 4.216561e-07) (8.444093e-07, 3.997190e-06, 7.821229e-07) (9.684696e-06, 3.792340e-07, 1.586356e-07) (9.849877e-06, 4.796290e-06, 9.921023e-07) (2.246478e-06, 9.325048e-06, 5.187655e-07) )
				((3.675302e-06, 3.028741e-07, 1.686185e-08) (2.028362e-06, 1.333781e-06, 4.910144e-07) (9.148493e-06, 9.984773e-06, 4.747016e-07) (7.476908e-06, 8.348820e-06, 1.772119e-07) (5.669953e-06, 1.783373e-06, 8.835156e-07) (6.796870e-07, 6.058429e-06, 2.652144e-07) (1.831708e-06, 4.047215e-06, 9.946750e-07) (9.414802e-06, 3.508583e-07, 2.932156e-07) (9.721352e-06, 4.953269e-06, 6.424836e-07) (2.231564e-06, 9.804103e-06, 9.363412e-07) )
				((9.290801e-06, 9.660147e-06, 8.241200e-08) (7.630539e-06, 8.826456e-06, 8.230127e-07) (7.932535e-07, 6.116365e-06, 1.779253e-07) (1.985537e-06, 4.544179e-06, 6.959124e-07) (1.665394e-06, 2.284090e-06, 3.491615e-07) (3.140705e-06, 1.114139e-07, 4.517933e-08) (6.235117e-06, 1.807276e-06, 8.867084e-07) (8.913297e-06, 7.888804e-08, 1.000102e-08) (9.458977e-06, 4.769222e-06, 4.873666e-07) (2.593217e-06, 9.278013e-06, 1.819859e-07) )
				((7.719345e-06, 8.415820e-06, 9.842172e-07) (9.319257e-06, 9.948804e-06, 4.406591e-07) (3.735845e-06, 6.465178e-07, 1.753139e-08) (1.975623e-06, 1.686140e-06, 1.186922e-07) (2.186128e-07, 6.583497e-06, 2.174511e-07) (1.970441e-06, 4.399013e-06, 7.653168e-07) (6.394059e-06, 1.950587e-06, 8.886303e-07) (9.315865e-06, 3.653310e-07, 2.535480e-07) (9.998624e-06, 4.591627e-06, 8.343863e-07) (2.801005e-06, 8.892975e-06, 5.214193e-07) )
				((9.253470e-06, 9.656094e-06, 2.054970e-08) (7.375768e-06, 8.513402e-06, 4.390616e-07) (4.040001e-06, 9.557708e-07, 2.941455e-07) (2.170912e-06, 1.887688e-06, 9.812436e-07) (8.761935e-08, 6.288512e-06, 5.707043e-07) (1.640778e-06, 4.514235e-06, 9.398997e-07) (6.003249e-06, 1.999958e-06, 4.110311e-07) (8.668432e-06, 6.568605e-08, 3.320650e-07) (9.949538e-06, 4.772727e-06, 6.303380e-07) (3.482403e-06, 9.904784e-06, 9.497296e-07) )
				((7.072204e-06, 8.939259e-06, 7.078220e-07) (8.880270e-06, 9.789078e-06, 6.145247e-07) (1.400838e-06, 1.939057e-06, 6.497331e-07) (3.953305e-06, 1.078226e-06, 2.879319e-07) (8.599354e-08, 6.572570e-06, 9.084328e-08) (1.720497e-06, 5.068805e-06, 1.994555e-07) (6.341712e-06, 1.706373e-06, 4.263118e-07) (9.237561e-06, 4.002026e-07, 2.636544e-07) (9.167143e-06, 4.619105e-06, 2.729476e-07) (2.976739e-06, 9.584946e-06, 4.919354e-08) )
				((6.556360e-06, 1.947675e-06, 1.191849e-07) (4.646485e-06, 1.368580e-06, 5.447300e-07) (2.720129e-07, 6.700467e-06, 3.510572e-08) (1.177030e-06, 4.792352e-06, 1.684980e-07) (9.528265e-06, 9.797685e-06, 5.545439e-07) (7.247026e-06, 9.568443e-06, 5.767577e-07) (1.263757e-06, 2.152636e-06, 1.279973e-08) (9.384834e-06, 9.166423e-07, 2.954161e-07) (9.088695e-06, 4.506159e-06, 5.432960e-07) (3.682789e-06, 9.701170e-06, 6.641272e-07) )
				((1.753700e-06, 4.999871e-06, 7.755647e-07) (2.766626e-07, 6.228657e-06, 2.201853e-07) (7.000221e-06, 9.414364e-06, 3.762000e-08) (9.423443e-06, 9.630711e-06, 9.241395e-08) (4.721443e-06, 1.118337e-06, 9.976401e-07) (6.918383e-06, 1.475399e-06, 1.177543e-07) (5.594378e-07, 2.258548e-06, 7.298586e-07) (9.594405e-06, 5.132699e-07, 5.750455e-07) (9.379842e-06, 4.254715e-06, 8.704173e-07) (3.525044e-06, 9.573015e-06, 8.188280e-07) )
				((1.991998e-06, 4.921473e-06, 7.389545e-07) (4.608391e-07, 6.137094e-06, 3.172672e-07) (6.850929e-06, 5.553861e-07, 9.995306e-07) (5.227788e-06, 1.864218e-06, 6.904592e-07) (7.095189e-06, 9.857141e-06, 8.637888e-08) (9.975182e-06, 9.468992e-06, 9.917739e-08) (1.694727e-07, 1.651631e-06, 6.913690e-07) (9.925674e-06, 2.566363e-07, 6.114831e-07) (9.767372e-06, 4.385095e-06, 5.884445e-07) (3.500554e-06, 9.027502e-06, 2.828351e-07) )
				((1.886956e-06, 4.656472e-06, 1.398626e-07) (4.704520e-08, 6.484817e-06, 2.585063e-07) (5.074805e-06, 1.808275e-06, 8.374005e-07) (7.784703e-06, 2.953392e-07, 5.752749e-07) (6.978740e-06, 9.812933e-06, 4.336096e-07) (9.394794e-06, 9.422570e-06, 3.927818e-07) (1.617692e-07, 9.497234e-07, 7.547725e-07) (9.877788e-06, 6.798917e-07, 5.312136e-07) (9.895060e-06, 4.116328e-06, 3.514707e-07) (2.953686e-06, 8.296719e-06, 2.225488e-07) )
				((5.936381e-06, 1.865673e-06, 3.183571e-07) (7.891657e-06, 1.466193e-06, 1.867825e-07) (7.774380e-08, 5.939800e-06, 2.983755e-07) (1.485660e-06, 4.500513e-06, 7.663177e-08) (9.986433e-06, 9.403671e-07, 4.306644e-07) (6.560734e-06, 9.959366e-06, 1.433901e-07) (9.576133e-06, 9.032786e-06, 7.186497e-08) (7.607778e-07, 9.927990e-07, 9.672646e-07) (9.752751e-06, 2.925420e-06, 5.834340e-07) (3.514153e-06, 9.036769e-06, 5.172574e-07) )
				((9.854411e-06, 5.102885e-07, 7.555152e-07) (8.263137e-06, 1.692284e-06, 9.785242e-07) (1.074463e-06, 4.525981e-06, 2.773687e-07) (5.430420e-08, 6.453038e-06, 2.925181e-08) (6.498403e-06, 1.172261e-06, 4.817270e-08) (9.861010e-06, 3.126646e-06, 3.132399e-07) (6.812981e-06, 9.796418e-06, 8.366237e-07) (9.609050e-06, 8.672449e-06, 4.297269e-08) (9.348744e-07, 1.039120e-06, 7.103966e-07) (3.325873e-06, 8.857216e-06, 7.356897e-07) )
				((8.072933e-06, 1.564767e-06, 3.570988e-07) (9.705803e-06, 5.012704e-07, 8.073333e-07) (6.146428e-08, 6.816469e-06, 4.346797e-07) (1.149169e-06, 5.001463e-06, 1.818865e-07) (6.105684e-06, 1.312532e-06, 1.926836e-08) (9.346035e-06, 2.967329e-06, 3.524064e-07) (6.902284e-06, 9.630412e-06, 3.523171e-07) (9.850589e-06, 9.177585e-06, 6.300804e-07) (2.223283e-07, 6.473714e-07, 6.499380e-07) (3.340401e-06, 8.424126e-06, 2.370648e-07) )
				((9.552033e-06, 2.937482e-06, 7.310402e-07) (8.018193e-06, 1.593187e-06, 6.332974e-09) (9.784085e-06, 1.462808e-07, 3.622161e-07) (1.083118e-06, 4.630676e-06, 2.492456e-07) (1.782274e-07, 7.556989e-06, 7.275758e-09) (5.764784e-06, 8.396664e-07, 3.409402e-07) (6.737125e-06, 9.607893e-06, 6.391248e-07) (9.194589e-06, 9.457869e-06, 9.434479e-07) (3.018102e-07, 5.778706e-07, 6.881708e-07) (3.174739e-06, 8.081453e-06, 5.861588e-07) )
				((7.795398e-06, 1.864790e-06, 2.728511e-08) (9.675151e-06, 2.986651e-06, 9.415275e-07) (9.720975e-06, 3.566217e-07, 1.488713e-07) (1.122247e-06, 4.670731e-06, 2.898133e-07) (3.988459e-07, 7.466954e-06, 1.928626e-07) (5.438717e-06, 1.467713e-06, 1.478940e-07) (6.245814e-06, 9.628179e-06, 8.028390e-07) (9.649890e-06, 9.547063e-06, 8.349971e-07) (1.449518e-08, 3.756009e-07, 8.780604e-07) (2.932632e-06, 8.029829e-06, 2.748532e-07) )
				((7.673317e-06, 1.484091e-06, 4.101213e-07) (9.982095e-06, 3.402205e-06, 7.033315e-07) (9.550164e-06, 3.395152e-07, 4.681941e-07) (7.315773e-07, 4.748827e-06, 2.520417e-07) (8.949822e-07, 7.558066e-06, 1.070958e-07) (5.353782e-06, 8.925038e-07, 1.084494e-07) (5.923844e-06, 9.946522e-06, 7.203466e-07) (9.393716e-06, 8.885890e-06, 6.387589e-07) (1.579572e-08, 6.220463e-07, 8.929618e-08) (2.431925e-06, 8.090422e-06, 6.866562e-07) )
				((7.445688e-06, 1.413840e-06, 5.633675e-07) (5.348403e-06, 1.433456e-06, 8.637767e-08) (2.186469e-06, 8.162580e-06, 2.825932e-07) (1.705100e-07, 7.886328e-06, 8.441469e-07) (9.484309e-06, 3.364060e-06, 5.088978e-07) (9.874164e-06, 5.802279e-07, 3.539362e-07) (9.670117e-07, 4.076524e-06, 2.315603e-07) (6.633750e-06, 9.962325e-06, 7.400627e-07) (9.012069e-06, 9.042700e-06, 6.387639e-07) (5.020608e-07, 4.714671e-07, 4.269539e-07) )
				((7.661515e-06, 1.148176e-06, 9.268903e-07) (5.904361e-06, 8.544621e-07, 1.796775e-08) (2.251571e-06, 8.263428e-06, 5.109595e-07) (1.936721e-07, 8.271252e-06, 3.327560e-07) (9.927408e-06, 3.120994e-06, 5.002556e-07) (9.825689e-06, 8.922024e-07, 5.333984e-07) (8.287674e-07, 3.706175e-06, 1.886863e-08) (6.181287e-06, 9.822527e-06, 6.666179e-07) (8.775556e-06, 8.978909e-06, 4.171080e-07) (1.078784e-07, 5.318005e-07, 6.211722e-07) )
				((7.766079e-06, 1.470405e-06, 8.341366e-07) (9.743495e-06, 1.356619e-06, 5.568640e-07) (1.139907e-07, 8.047057e-06, 1.814112e-07) (2.089664e-06, 8.462877e-06, 9.740954e-07) (5.409766e-06, 1.389330e-06, 2.987605e-07) (9.854507e-06, 3.583576e-06, 5.033593e-07) (2.773789e-07, 3.860678e-06, 4.450994e-08) (5.836484e-06, 9.848473e-06, 4.480958e-07) (9.029539e-06, 8.688953e-06, 8.757221e-07) (9.688413e-07, 6.096550e-07, 4.620593e-07) )
				((7.484596e-06, 1.559441e-06, 8.909446e-07) (9.902697e-06, 1.023530e-06, 6.859443e-07) (3.775489e-07, 7.426511e-06, 3.544662e-07) (2.501751e-06, 8.289181e-06, 5.697399e-07) (5.526074e-06, 1.161179e-06, 4.925181e-07) (9.713673e-06, 3.914483e-06, 7.329561e-07) (1.075727e-07, 4.094336e-06, 3.582509e-07) (6.120198e-06, 9.262361e-06, 5.521865e-07) (8.588168e-06, 8.849649e-06, 8.997726e-07) (7.722744e-07, 6.806736e-07, 1.861537e-07) )
				((7.599805e-06, 1.286265e-06, 8.054299e-07) (5.049945e-06, 1.166148e-06, 4.053748e-07) (9.910736e-06, 9.704677e-07, 7.559332e-07) (9.139923e-07, 6.720643e-06, 1.031304e-07) (2.830390e-06, 8.724359e-06, 4.876837e-07) (9.127048e-06, 3.982075e-06, 4.446970e-07) (2.235439e-07, 4.312334e-06, 1.200811e-07) (5.894246e-06, 9.291282e-06, 5.456432e-07) (9.058138e-06, 8.398218e-06, 4.249447e-07) (4.850724e-07, 1.018552e-07, 7.405501e-07) )
				((5.582663e-06, 8.223760e-07, 2.099291e-07) (7.240879e-06, 1.910576e-06, 4.671089e-07) (9.301601e-06, 1.365814e-06, 5.532813e-07) (7.197037e-07, 6.515629e-06, 1.631657e-07) (2.544054e-06, 9.215473e-06, 9.905157e-07) (9.502770e-06, 3.341326e-06, 2.901075e-08) (4.870217e-07, 4.512086e-06, 5.136008e-07) (5.841330e-06, 9.982547e-06, 7.985857e-07) (8.987176e-06, 7.637075e-06, 1.197350e-07) (6.182385e-07, 1.970476e-07, 5.359102e-07) )
				((5.511547e-07, 4.316575e-06, 5.695422e-07) (1.292411e-06, 6.163307e-06, 3.692456e-07) (7.529445e-06, 1.114164e-06, 5.013979e-08) (9.280765e-06, 1.699516e-06, 8.184102e-07) (9.774189e-06, 3.745716e-06, 6.422906e-08) (5.307289e-06, 5.123565e-07, 4.386561e-07) (2.945814e-06, 8.697665e-06, 4.286522e-07) (5.995387e-06, 9.715519e-06, 9.884731e-07) (8.774661e-06, 7.782598e-06, 7.928878e-07) (9.586781e-07, 8.978341e-07, 7.926050e-07) )
				((9.773030e-06, 3.649341e-06, 1.084001e-07) (9.014515e-06, 1.907832e-06, 7.343398e-07) (7.218041e-06, 1.695945e-07, 5.372082e-08) (4.953166e-06, 3.335779e-07, 5.572328e-07) (1.131130e-06, 3.762051e-06, 5.472368e-07) (1.959034e-06, 6.014689e-06, 5.846633e-07) (2.982677e-06, 8.082435e-06, 1.597817e-07) (5.996909e-06, 9.423996e-06, 5.725327e-08) (8.851204e-06, 7.693948e-06, 8.805345e-07) (1.132399e-06, 1.430679e-06, 9.079317e-07) )
				((5.129740e-06, 1.118443e-06, 7.602784e-07) (7.027847e-06, 2.334845e-07, 7.105765e-07) (8.650112e-06, 1.439807e-06, 2.294663e-07) (9.901021e-06, 3.457437e-06, 4.227862e-08) (1.930546e-06, 6.034274e-06, 6.350159e-07) (1.313500e-06, 3.961579e-06, 7.584502e-07) (3.339753e-06, 8.032720e-06, 3.918669e-07) (6.037015e-06, 9.073108e-06, 8.884003e-08) (9.678291e-06, 8.051916e-06, 2.644724e-07) (1.627070e-06, 1.164769e-06, 9.637692e-07) )
				((1.252426e-06, 3.999815e-06, 4.510444e-07) (1.969491e-06, 6.409493e-06, 3.436074e-08) (8.124447e-06, 2.082962e-06, 1.282665e-07) (7.066448e-06, 2.965284e-07, 4.426006e-07) (4.965687e-06, 1.404849e-06, 1.537117e-07) (9.274927e-06, 3.895111e-06, 1.772786e-07) (3.307155e-06, 8.164500e-06, 2.918028e-07) (5.995137e-06, 8.558049e-06, 9.899222e-07) (9.797657e-06, 7.983751e-06, 7.494622e-07) (1.138032e-06, 7.220530e-07, 8.727573e-07) )
				((8.230651e-06, 1.903843e-06, 2.375644e-07) (7.110535e-06, 1.040811e-07, 3.214732e-07) (8.586861e-07, 3.558152e-06, 4.911285e-07) (1.982726e-06, 6.357728e-06, 6.474387e-07) (5.041215e-06, 1.406526e-06, 3.876659e-07) (9.164084e-06, 4.909679e-06, 7.157234e-07) (3.531153e-06, 8.175458e-06, 5.584649e-07) (5.565044e-06, 9.169862e-06, 9.183466e-07) (9.889774e-06, 8.686781e-06, 7.480638e-07) (1.094403e-06, 3.812696e-07, 8.340155e-07) )
				((5.100674e-06, 9.518388e-06, 8.515881e-07) (3.297030e-06, 8.659929e-06, 9.511711e-07) (6.681269e-06, 5.488127e-07, 2.519238e-07) (8.142972e-06, 2.591700e-06, 4.978462e-07) (5.268815e-07, 2.792951e-06, 9.055168e-07) (1.354825e-06, 6.616267e-06, 8.636560e-07) (4.660725e-06, 6.591342e-07, 9.439608e-07) (9.655547e-06, 4.350275e-06, 5.941135e-07) (9.994547e-06, 8.816945e-06, 9.658197e-07) (8.773810e-07, 1.092778e-08, 8.734798e-07) )
				((8.401631e-06, 2.918677e-06, 9.533433e-07) (9.348669e-06, 4.670216e-06, 7.656459e-07) (3.971660e-06, 1.161279e-06, 9.912090e-07) (6.427793e-06, 1.148280e-07, 4.605119e-07) (5.516994e-06, 9.380188e-06, 3.589906e-07) (3.495784e-06, 8.895157e-06, 1.956833e-07) (9.337614e-07, 2.998721e-06, 9.636938e-07) (1.364952e-06, 6.269016e-06, 6.551712e-07) (9.995520e-06, 9.054710e-06, 7.568720e-07) (1.527121e-06, 4.149825e-07, 8.155039e-07) )
				((6.710086e-06, 3.208204e-07, 6.624493e-07) (5.047102e-06, 1.391235e-06, 3.646292e-07) (9.814042e-06, 4.994370e-06, 5.727035e-07) (8.902944e-06, 3.265332e-06, 9.973518e-07) (3.616859e-06, 9.083643e-06, 7.638646e-07) (5.514807e-06, 9.827905e-06, 5.520042e-07) (6.512183e-07, 3.573298e-06, 9.576836e-07) (1.174487e-06, 7.148438e-06, 3.443638e-07) (9.342115e-06, 8.881899e-06, 8.829067e-07) (1.478834e-06, 7.153310e-07, 3.864801e-07) )
				((9.012091e-06, 2.971986e-06, 9.344733e-07) (9.883932e-06, 4.901461e-06, 3.206939e-07) (7.321732e-06, 9.130542e-08, 9.202523e-07) (4.998001e-06, 1.645158e-06, 7.930207e-07) (3.694419e-06, 8.938305e-06, 8.342599e-07) (5.814496e-06, 9.815491e-06, 7.957438e-07) (2.211374e-07, 4.224399e-06, 5.515401e-07) (1.214225e-06, 6.159052e-06, 5.853724e-07) (9.598561e-06, 8.302645e-06, 9.696791e-07) (8.925861e-07, 7.383287e-07, 2.059342e-07) )
				((8.743242e-06, 3.521639e-06, 5.096100e-07) (9.679424e-06, 5.280537e-06, 6.823434e-07) (4.659759e-07, 5.011655e-06, 8.149774e-07) (1.380624e-06, 6.765594e-06, 4.940556e-07) (7.823145e-06, 9.368333e-07, 7.267574e-07) (4.528604e-06, 1.797797e-06, 9.608846e-07) (3.411499e-06, 8.954514e-06, 7.076182e-07) (5.344571e-06, 9.945855e-06, 1.979525e-07) (9.792923e-06, 8.033752e-06, 6.237632e-07) (1.143210e-06, 5.046698e-07, 7.853514e-07) )
				((3.299662e-06, 8.903460e-06, 6.103427e-07) (5.483943e-06, 9.819009e-06, 1.410457e-07) (9.067867e-06, 2.784273e-06, 5.174480e-07) (9.782828e-06, 4.806189e-06, 4.917961e-07) (8.004079e-07, 4.110771e-06, 8.329116e-07) (8.624689e-07, 6.922178e-06, 7.955054e-07) (7.917413e-06, 5.337807e-07, 6.732289e-07) (4.392136e-06, 1.643263e-06, 7.065429e-07) (9.357091e-06, 8.198294e-06, 7.577057e-07) (1.195314e-06, 6.120104e-07, 9.395715e-07) )
				((9.951001e-06, 4.651001e-06, 5.322258e-07) (9.093819e-06, 2.370722e-06, 2.038924e-08) (5.285152e-06, 9.695104e-06, 3.033165e-07) (3.099945e-06, 9.770570e-06, 1.928210e-07) (1.539855e-06, 4.227085e-06, 3.403670e-07) (1.254790e-06, 6.329837e-06, 6.840395e-07) (7.552014e-06, 8.333774e-07, 8.435588e-07) (4.230584e-06, 1.397322e-06, 1.151268e-07) (9.319241e-06, 7.955006e-06, 6.120663e-07) (6.299883e-07, 6.415784e-07, 9.174521e-07) )
				((9.330710e-06, 4.727004e-06, 2.598404e-07) (9.726064e-06, 2.782499e-06, 9.646362e-09) (9.125270e-07, 6.040180e-06, 5.921731e-07) (1.433573e-06, 3.973938e-06, 3.168586e-07) (7.458601e-06, 1.105359e-06, 7.050461e-07) (6.141229e-06, 9.695581e-06, 7.628233e-07) (3.090876e-06, 9.369967e-06, 3.225555e-07) (3.981677e-06, 1.908348e-06, 3.745917e-07) (9.326877e-06, 7.983272e-06, 6.730511e-07) (1.274511e-07, 4.537318e-07, 2.373973e-08) )
				((1.131992e-06, 3.737287e-06, 2.982556e-07) (1.567799e-06, 5.564100e-06, 9.858781e-07) (9.896546e-06, 2.333522e-06, 8.929877e-08) (9.429991e-06, 4.589980e-06, 3.886277e-07) (7.382338e-06, 1.377238e-06, 8.619959e-08) (6.706878e-06, 9.509547e-06, 8.603256e-07) (2.572348e-06, 9.188502e-06, 3.950988e-07) (3.973667e-06, 1.995121e-06, 7.743828e-07) (9.370351e-06, 7.726148e-06, 7.023449e-07) (5.431135e-07, 7.888252e-07, 6.242733e-07) )
				((8.939809e-06, 7.726171e-06, 6.318568e-07) (7.447200e-06, 9.367565e-06, 3.309889e-07) (9.475787e-06, 4.698454e-06, 4.753295e-07) (9.873750e-06, 1.824475e-06, 4.599441e-08) (3.211256e-07, 3.370515e-06, 4.399751e-07) (1.674335e-06, 5.654076e-06, 2.238568e-07) (6.927766e-06, 9.533935e-07, 1.013070e-07) (3.017138e-06, 9.308105e-06, 3.383989e-07) (3.962497e-06, 1.149671e-06, 7.800591e-07) (1.151267e-06, 4.243786e-07, 3.739778e-07) )
				((8.986232e-06, 7.696299e-06, 3.284654e-07) (7.675848e-06, 9.910485e-06, 7.687435e-07) (9.194418e-06, 4.918325e-06, 8.741121e-07) (9.903640e-06, 2.755302e-06, 6.752263e-07) (2.670317e-07, 3.417711e-06, 1.330269e-07) (1.814836e-06, 5.224218e-06, 4.196684e-07) (6.503275e-06, 5.994981e-07, 8.019173e-07) (3.210180e-06, 9.622652e-06, 2.538607e-07) (4.451011e-06, 8.529338e-07, 7.202879e-07) (9.971744e-07, 1.158450e-06, 6.175111e-07) )
				((9.059541e-06, 4.817198e-06, 4.611140e-07) (9.950142e-06, 2.843512e-06, 4.821386e-07) (7.741571e-08, 3.420969e-06, 3.307267e-07) (1.709586e-06, 4.976436e-06, 5.655746e-07) (9.285462e-06, 7.505522e-06, 5.146328e-07) (7.687210e-06, 9.486662e-06, 2.723950e-07) (7.212069e-06, 4.616100e-07, 7.349305e-07) (3.289567e-06, 9.613242e-06, 3.207783e-07) (4.841444e-06, 5.502677e-07, 2.638722e-07) (1.466005e-06, 9.069154e-07, 4.977801e-07) )
				((2.309154e-07, 3.584267e-06, 5.042167e-07) (1.896637e-06, 4.682697e-06, 3.670222e-07) (8.958168e-06, 5.224630e-06, 9.206265e-07) (9.230715e-06, 7.277817e-06, 8.579335e-07) (9.960681e-06, 2.059475e-06, 7.608907e-07) (7.908338e-06, 9.569849e-06, 9.780359e-07) (7.110167e-06, 3.919283e-07, 8.423800e-07) (3.031342e-06, 9.952532e-06, 8.897302e-07) (5.106467e-06, 5.807397e-07, 5.813263e-07) (2.060332e-06, 1.031838e-06, 1.843964e-07) )
				((1.865027e-07, 3.249076e-06, 9.467544e-07) (1.577553e-06, 4.738086e-06, 9.650943e-07) (4.978051e-06, 3.696558e-07, 9.986397e-07) (7.039801e-06, 8.893700e-07, 8.137611e-07) (7.640734e-06, 9.225051e-06, 8.876159e-07) (8.687352e-06, 7.194236e-06, 9.858033e-07) (9.237227e-06, 4.890862e-06, 8.547231e-07) (9.909624e-06, 1.698897e-06, 4.176161e-07) (3.171182e-06, 9.995124e-06, 6.243202e-07) (1.980758e-06, 8.189636e-07, 1.505633e-07) )
				((8.001493e-06, 7.555397e-06, 6.763122e-07) (7.226661e-06, 8.829387e-06, 1.803126e-07) (7.024809e-06, 1.047105e-06, 6.206090e-07) (5.186689e-06, 2.475114e-08, 8.804820e-07) (1.191955e-06, 4.598229e-06, 4.387117e-07) (4.052116e-07, 2.730100e-06, 2.172193e-07) (8.670210e-06, 4.678910e-06, 3.157653e-07) (9.598827e-06, 1.912522e-06, 9.854642e-07) (3.277698e-06, 9.944376e-06, 6.650702e-07) (2.141515e-06, 5.854890e-07, 5.353964e-08) )
				((7.153781e-06, 1.021632e-06, 6.559454e-08) (5.336220e-06, 8.175181e-07, 8.747973e-07) (4.702624e-07, 4.056348e-06, 7.111808e-07) (3.361114e-08, 2.133121e-06, 3.787174e-07) (2.059848e-06, 8.540037e-07, 5.013405e-07) (8.681185e-06, 7.432451e-06, 2.845535e-07) (6.427836e-06, 8.270840e-06, 2.643963e-07) (8.365659e-06, 4.236946e-06, 5.289553e-08) (9.421533e-06, 1.959140e-06, 9.409103e-07) (3.340885e-06, 9.860798e-06, 8.763503e-07) )
				((7.460751e-06, 9.083731e-07, 1.146083e-08) (8.955073e-06, 1.794937e-06, 9.980810e-07) (4.063505e-07, 1.696852e-06, 6.649040e-07) (3.420160e-08, 3.889448e-06, 8.542146e-07) (5.376034e-06, 7.532879e-07, 7.735702e-07) (2.512147e-06, 1.220555e-06, 9.820861e-07) (9.291579e-06, 7.063798e-06, 7.046919e-07) (6.774146e-06, 8.296111e-06, 9.616239e-07) (8.811124e-06, 4.711140e-06, 8.354610e-07) (3.239095e-06, 9.261275e-06, 8.962223e-07) )
				((9.207830e-06, 6.588781e-06, 9.723330e-07) (9.135547e-06, 4.624726e-06, 6.018413e-07) (3.237443e-08, 1.726556e-06, 7.214260e-07) (2.134471e-06, 9.089962e-07, 4.835080e-07) (4.855705e-06, 2.660940e-07, 7.144682e-07) (1.665493e-08, 4.430956e-06, 8.439462e-07) (8.989976e-06, 2.613157e-06, 7.801529e-07) (7.420903e-06, 2.944634e-07, 1.865787e-07) (7.389622e-06, 8.101807e-06, 9.228804e-07) (4.169152e-06, 8.767869e-06, 6.118875e-07) )
				((7.487240e-06, 8.528634e-06, 4.022646e-07) (8.636826e-06, 7.199092e-06, 7.975606e-07) (4.852211e-07, 4.291634e-06, 5.919202e-07) (1.695009e-07, 2.231128e-06, 5.536047e-07) (9.976589e-06, 5.243741e-06, 8.371725e-07) (2.320210e-06, 8.339323e-07, 6.230240e-07) (4.756740e-06, 2.135703e-07, 6.580266e-07) (9.493608e-06, 2.767379e-06, 4.425775e-07) (7.118944e-06, 3.415073e-07, 2.808849e-07) (4.689373e-06, 8.763660e-06, 4.982862e-07) )
				((3.873364e-07, 2.395332e-06, 5.032594e-09) (7.861445e-07, 4.330496e-06, 3.150188e-07) (9.680134e-06, 5.132005e-06, 6.017175e-07) (9.450032e-06, 7.150420e-06, 6.654875e-08) (6.757588e-06, 8.584593e-06, 3.094768e-07) (2.596421e-06, 4.318233e-07, 2.434025e-07) (4.982116e-06, 8.682993e-07, 5.424352e-07) (9.211493e-06, 2.243770e-06, 6.881933e-07) (7.381092e-06, 3.372726e-07, 9.233730e-08) (4.436333e-06, 9.060403e-06, 8.530553e-07) )
				((6.648584e-06, 8.802058e-06, 7.701293e-07) (4.689969e-06, 9.195352e-06, 8.657546e-07) (7.188369e-06, 5.714099e-07, 1.048586e-07) (8.691803e-06, 1.739772e-06, 9.694658e-07) (4.145961e-07, 2.209588e-06, 8.332572e-07) (6.524230e-07, 4.174264e-06, 4.482066e-07) (9.431800e-06, 4.437542e-06, 1.427536e-07) (9.377810e-06, 6.616029e-06, 8.327598e-07) (3.005524e-06, 1.116782e-06, 6.973165e-08) (4.953410e-06, 1.477495e-06, 8.256891e-07) )
				((6.057514e-07, 4.236840e-06, 1.595183e-08) (2.238235e-07, 2.128479e-06, 3.875537e-07) (9.950762e-06, 6.215271e-06, 2.790656e-07) (8.987531e-06, 4.148040e-06, 3.854667e-08) (6.943332e-06, 6.568132e-07, 1.620865e-07) (9.465136e-06, 1.696150e-06, 7.085067e-07) (4.389225e-06, 9.208389e-06, 3.441177e-07) (6.958995e-06, 8.761201e-06, 4.194480e-07) (2.228759e-06, 1.930214e-06, 5.723842e-08) (4.561496e-06, 1.842516e-06, 6.063626e-07) )
				((8.778528e-06, 3.348400e-06, 4.327589e-07) (8.745728e-06, 1.356464e-06, 2.563655e-07) (2.618942e-06, 1.370623e-06, 7.483705e-07) (3.768847e-07, 1.406135e-06, 5.853643e-07) (4.623484e-06, 1.172565e-06, 6.906804e-07) (2.590884e-07, 4.248510e-06, 6.387352e-07) (9.856036e-06, 5.363867e-06, 3.967221e-07) (6.956249e-06, 5.271856e-07, 4.372513e-07) (3.259024e-06, 8.649596e-06, 8.277244e-07) (7.570108e-06, 9.450930e-06, 3.585800e-07) )
				((6.910325e-06, 3.165792e-07, 2.146473e-07) (5.397409e-06, 1.610568e-06, 4.061637e-07) (2.790871e-06, 1.123214e-06, 8.573236e-07) (9.502189e-06, 1.390842e-06, 6.497868e-07) (8.671937e-06, 3.461128e-06, 6.496344e-07) (5.536821e-07, 1.565426e-06, 1.892994e-07) (5.524940e-07, 4.130943e-06, 6.923258e-07) (9.649648e-06, 5.295140e-06, 8.602483e-07) (3.864906e-06, 8.347422e-06, 2.908117e-07) (8.002846e-06, 9.845282e-06, 3.015456e-07) )
				((9.147167e-06, 3.641251e-06, 8.568143e-07) (9.257231e-06, 1.562741e-06, 8.753288e-07) (4.841232e-06, 1.933641e-06, 7.167851e-07) (6.771023e-06, 6.565205e-07, 9.720656e-07) (8.986917e-06, 6.097632e-06, 9.933457e-09) (2.753091e-06, 1.388265e-06, 5.812902e-07) (2.336189e-07, 1.494580e-06, 8.927679e-08) (3.909243e-07, 4.280562e-06, 8.639158e-07) (4.481921e-06, 8.233412e-06, 1.979706e-07) (7.586348e-06, 9.863799e-06, 1.584382e-07) )
				((9.403632e-06, 1.340436e-06, 4.340830e-07) (7.451212e-06, 8.830567e-07, 2.838177e-07) (2.357815e-06, 8.513418e-07, 1.974398e-07) (4.419192e-06, 1.805050e-06, 9.018303e-07) (1.870364e-07, 2.355236e-06, 1.876012e-07) (9.395057e-06, 3.767142e-06, 7.131228e-07) (9.333258e-06, 5.935191e-06, 6.673193e-07) (2.717975e-08, 4.385614e-06, 6.712438e-07) (4.516878e-06, 8.180303e-06, 4.058745e-07) (7.414825e-06, 9.834221e-06, 3.160846e-07) )
				((9.141282e-06, 2.130756e-06, 8.858000e-07) (9.827041e-06, 4.203448e-06, 8.580519e-07) (9.951037e-06, 6.414101e-06, 7.281683e-07) (2.090591e-06, 6.543002e-07, 3.772514e-07) (4.150850e-07, 1.886353e-06, 2.994264e-07) (7.350015e-06, 8.207864e-07, 1.022620e-07) (3.529298e-07, 4.669197e-06, 8.724636e-07) (4.694740e-06, 1.860900e-06, 7.493645e-07) (4.488626e-06, 8.457217e-06, 3.662570e-07) (7.060862e-06, 9.338406e-06, 3.743739e-07) )
				((9.196378e-06, 4.687067e-06, 5.278683e-08) (9.902577e-06, 6.687863e-06, 1.488777e-07) (2.530753e-06, 4.390259e-07, 9.204668e-07) (4.322358e-06, 1.628828e-06, 9.053442e-07) (6.664390e-06, 1.466654e-06, 1.664107e-07) (9.034213e-06, 2.457479e-06, 1.610575e-07) (1.590551e-07, 1.949068e-06, 6.850925e-07) (8.796484e-07, 4.200109e-06, 9.625712e-07) (4.036893e-06, 8.049075e-06, 1.746220e-08) (6.593430e-06, 8.229172e-06, 7.943101e-07) )
				((9.524234e-06, 6.684477e-06, 1.222916e-07) (9.385869e-06, 4.691051e-06, 2.066095e-07) (9.763379e-06, 2.310028e-06, 2.805991e-07) (2.391816e-06, 2.392834e-07, 4.782228e-07) (4.305248e-06, 1.165212e-06, 7.312148e-07) (7.891244e-06, 1.294452e-06, 1.045556e-07) (4.813119e-07, 2.348573e-06, 5.832955e-07) (8.001814e-07, 4.605669e-06, 1.678424e-07) (4.211968e-06, 8.261948e-06, 8.611840e-08) (6.534226e-06, 8.451406e-06, 2.240754e-07) )
				((8.999817e-06, 7.732584e-06, 1.365094e-07) (9.298565e-06, 4.753340e-06, 9.351470e-07) (9.729601e-06, 2.608292e-06, 1.571189e-07) (2.164435e-06, 4.504569e-07, 2.810055e-07) (4.544626e-06, 1.297650e-06, 8.496579e-07) (8.053260e-06, 1.517388e-06, 3.909702e-07) (1.956332e-07, 1.806767e-06, 9.524389e-07) (4.191759e-07, 5.356343e-06, 3.382091e-07) (3.828908e-06, 8.695126e-06, 2.634805e-07) (6.420428e-06, 8.210638e-06, 3.490852e-07) )
				((2.269654e-07, 1.489231e-06, 9.068155e-07) (1.965956e-06, 5.387746e-07, 6.374735e-07) (8.300112e-06, 6.869045e-06, 2.088837e-07) (9.049784e-06, 4.960370e-06, 3.146596e-07) (7.408532e-06, 1.366372e-06, 2.373100e-07) (9.909057e-06, 2.448189e-06, 6.494777e-07) (4.334370e-06, 1.467848e-06, 3.878128e-07) (2.932333e-07, 4.289111e-06, 3.996499e-07) (3.403549e-06, 8.756080e-06, 8.832791e-07) (5.959742e-06, 8.519691e-06, 8.311977e-07) )
				((9.658616e-06, 2.268823e-06, 2.247179e-07) (7.801434e-06, 1.164744e-06, 2.792897e-07) (2.248761e-06, 3.972558e-07, 3.668044e-07) (4.177949e-06, 1.779108e-06, 6.246459e-07) (8.241863e-06, 7.328200e-06, 2.367981e-07) (8.532547e-06, 5.422535e-06, 9.093906e-07) (4.091880e-07, 1.536037e-06, 7.988222e-07) (2.574064e-07, 4.764935e-06, 7.059424e-07) (2.973391e-06, 8.739495e-06, 8.571581e-07) (5.791368e-06, 8.490766e-06, 7.272318e-07) )
				((8.135351e-06, 7.296283e-06, 1.718082e-07) (9.282696e-06, 5.755081e-06, 7.270538e-07) (4.488753e-06, 1.697210e-06, 8.054711e-07) (2.413779e-06, 1.556293e-06, 8.021535e-07) (7.500770e-06, 1.028284e-06, 4.096712e-07) (9.597890e-06, 2.194645e-06, 8.485236e-07) (3.653864e-07, 1.237731e-06, 3.891919e-07) (4.195902e-07, 5.180646e-06, 3.302796e-07) (3.060956e-06, 8.713414e-06, 4.231364e-07) (5.723841e-06, 8.982707e-06, 5.550167e-07) )
				((2.115945e-06, 1.378403e-06, 9.434998e-07) (4.526403e-06, 1.491663e-06, 8.268377e-07) (2.532251e-07, 1.251143e-06, 2.234485e-07) (9.230285e-06, 5.668887e-06, 4.176393e-07) (8.030402e-06, 7.633429e-06, 2.226813e-07) (7.155256e-06, 5.027344e-07, 1.010758e-07) (9.558198e-06, 2.369504e-06, 7.868457e-08) (1.256780e-07, 4.873635e-06, 3.742664e-07) (2.919773e-06, 8.340986e-06, 3.891045e-07) (6.159205e-06, 9.122557e-06, 8.890178e-07) )
				((6.572256e-06, 9.299332e-08, 5.079404e-07) (4.777152e-06, 9.552743e-07, 6.925339e-07) (4.198495e-07, 1.091365e-06, 2.643640e-07) (2.492213e-06, 9.662111e-07, 9.263833e-07) (9.602298e-06, 5.803892e-06, 3.029169e-07) (8.509111e-06, 8.244984e-06, 7.996695e-07) (9.013474e-06, 2.770793e-06, 5.901161e-07) (8.996600e-07, 4.480257e-06, 3.986260e-07) (1.906715e-06, 8.552391e-06, 2.688927e-07) (6.317153e-06, 8.988814e-06, 8.164562e-07) )
				((2.308990e-06, 1.759231e-06, 8.845485e-07) (4.064299e-07, 1.310408e-06, 4.616755e-07) (7.586653e-06, 8.067630e-06, 5.309474e-07) (6.219631e-06, 9.425305e-06, 5.679608e-09) (4.537628e-06, 6.684154e-07, 3.891759e-08) (6.767915e-06, 5.319469e-07, 3.061061e-07) (9.449799e-06, 5.240857e-06, 9.278745e-07) (8.473843e-06, 2.364106e-06, 4.557550e-07) (5.831266e-07, 5.102766e-06, 2.128946e-07) (1.956141e-06, 9.063054e-06, 5.685955e-07) )
				((3.128939e-06, 1.572133e-06, 8.091037e-07) (4.417628e-06, 1.996575e-07, 8.222056e-08) (8.616843e-06, 2.176985e-06, 9.590011e-07) (7.023694e-06, 8.566289e-07, 9.327679e-08) (5.740031e-06, 9.886828e-06, 3.231043e-07) (8.399380e-06, 9.341317e-06, 5.758231e-07) (4.374779e-07, 1.262416e-06, 9.619252e-07) (9.642189e-06, 4.902379e-06, 8.229283e-07) (3.022944e-07, 4.515281e-06, 2.017118e-07) (2.197433e-06, 8.866079e-06, 4.854022e-07) )
				((9.224715e-06, 2.015376e-06, 6.256201e-07) (7.310422e-06, 1.212489e-06, 9.121948e-07) (2.847348e-06, 1.416031e-06, 7.386970e-07) (7.005880e-07, 1.383929e-06, 4.200122e-07) (4.994982e-06, 2.257288e-07, 9.728922e-07) (5.425727e-06, 9.161908e-06, 2.800325e-07) (8.704860e-06, 9.745833e-06, 7.396359e-07) (9.170930e-06, 5.790437e-06, 6.891599e-07) (1.684162e-06, 4.604602e-06, 2.299946e-07) (2.195566e-06, 9.347146e-06, 2.013188e-07) )
				((7.131545e-06, 1.398547e-06, 7.026880e-07) (9.111336e-06, 1.454193e-06, 9.807725e-07) (1.217548e-07, 1.313913e-06, 6.472345e-07) (2.447005e-06, 1.516927e-06, 6.355494e-07) (4.671717e-06, 6.808139e-07, 9.044672e-07) (5.276580e-06, 8.542269e-06, 2.022809e-07) (9.744022e-06, 9.036896e-06, 8.738281e-07) (9.968041e-06, 5.303559e-06, 5.849122e-07) (1.332294e-06, 4.156156e-06, 2.970488e-07) (1.730314e-06, 9.182960e-06, 3.291525e-07) )
				((2.071187e-08, 1.459133e-06, 4.516413e-07) (2.092582e-06, 1.232437e-06, 8.295770e-07) (7.408169e-06, 5.142228e-07, 7.659543e-07) (9.835711e-06, 2.139664e-06, 6.767101e-07) (4.170000e-06, 1.362338e-06, 9.862008e-07) (5.306563e-06, 8.353969e-06, 5.277548e-09) (9.853961e-06, 9.357471e-06, 6.176430e-07) (9.652745e-06, 4.894692e-06, 5.388267e-07) (1.967341e-06, 4.371727e-06, 1.777525e-07) (9.780564e-07, 9.286368e-06, 6.292895e-07) )
				((2.171921e-07, 1.273655e-06, 5.157205e-07) (2.048122e-06, 4.716353e-07, 4.489390e-07) (3.296242e-06, 1.818445e-06, 8.923063e-07) (7.648318e-06, 9.462493e-08, 9.044200e-07) (9.446318e-06, 1.809852e-06, 5.031704e-07) (4.801609e-06, 8.600793e-06, 5.743550e-07) (9.849532e-06, 9.225995e-06, 9.461738e-07) (9.871491e-06, 4.757544e-06, 1.241457e-07) (1.230724e-06, 4.067484e-06, 5.798385e-07) (1.090729e-06, 9.766876e-06, 3.816364e-07) )
				((9.662463e-06, 4.182967e-06, 9.124207e-07) (9.672361e-06, 1.712978e-06, 1.741384e-07) (2.044872e-06, 6.056526e-08, 1.002643e-07) (3.229994e-06, 1.960186e-06, 9.463201e-07) (6.183412e-08, 1.739849e-06, 8.841299e-07) (7.252905e-06, 5.709225e-07, 9.028619e-07) (4.201438e-06, 8.133807e-06, 3.567479e-07) (9.580383e-06, 9.123332e-06, 8.542098e-07) (1.000724e-06, 4.201614e-06, 6.730456e-07) (1.238953e-06, 9.737639e-06, 3.092434e-07) )
				((2.923909e-06, 9.403508e-08, 2.587191e-07) (3.402747e-06, 1.889308e-06, 9.987936e-07) (9.693236e-06, 3.769039e-06, 3.657145e-07) (9.594519e-06, 1.314349e-06, 1.855998e-07) (3.134735e-07, 2.086061e-06, 8.134126e-07) (7.388424e-06, 2.276294e-07, 3.183095e-07) (3.713952e-06, 8.456626e-06, 2.152882e-07) (9.771868e-06, 8.813622e-06, 8.500738e-07) (1.143758e-06, 3.920192e-06, 7.834345e-07) (1.041541e-06, 9.708149e-06, 3.850847e-07) )
				((3.722702e-06, 1.915193e-06, 9.496277e-08) (3.873569e-06, 4.365026e-08, 7.838515e-07) (4.043098e-08, 1.790009e-06, 9.874783e-07) (1.389830e-06, 4.127542e-06, 7.062738e-07) (9.890770e-06, 1.857764e-06, 5.228275e-07) (9.986649e-06, 3.871330e-06, 1.858066e-07) (6.791150e-06, 1.496661e-07, 1.622892e-07) (3.261694e-06, 8.433300e-06, 1.231524e-07) (9.592623e-06, 8.720097e-06, 9.954770e-07) (1.227374e-06, 9.534803e-06, 3.640614e-07) )
				((7.880818e-07, 2.543438e-06, 8.607900e-07) (1.001680e-06, 4.524584e-06, 6.892238e-07) (4.475019e-06, 1.216493e-08, 7.071401e-07) (6.438820e-06, 8.441119e-07, 4.923161e-07) (8.988415e-06, 3.811074e-06, 7.107626e-07) (9.403032e-06, 1.769615e-06, 4.848784e-07) (3.474593e-06, 1.959528e-06, 6.672901e-07) (2.564765e-06, 8.029264e-06, 3.109104e-07) (1.248090e-06, 9.919513e-06, 5.142141e-07) (9.340488e-06, 8.440429e-06, 8.531093e-07) )
				((1.202040e-07, 2.545333e-06, 7.152243e-07) (5.934579e-07, 4.464270e-06, 4.090952e-07) (3.254761e-06, 1.642680e-06, 6.540468e-07) (4.179355e-06, 1.155824e-07, 4.224445e-07) (2.369266e-06, 8.203863e-06, 1.492054e-07) (1.167144e-06, 9.919677e-06, 3.717300e-07) (5.884464e-06, 9.059774e-07, 6.111890e-07) (8.925545e-06, 4.562523e-06, 6.856581e-07) (8.788239e-06, 1.965843e-06, 7.732035e-07) (8.614740e-06, 8.877631e-06, 8.504955e-07) )
				((6.794000e-06, 6.401094e-07, 5.068649e-07) (4.858064e-06, 2.990083e-07, 8.753798e-07) (2.542021e-06, 8.098926e-06, 1.816327e-08) (1.358010e-06, 9.414893e-06, 9.126152e-07) (2.331939e-06, 1.219103e-06, 3.918584e-07) (2.354167e-07, 2.215225e-06, 9.416443e-07) (5.113629e-07, 4.565160e-06, 4.675473e-07) (8.614458e-06, 4.147846e-06, 5.285054e-07) (9.791919e-06, 2.365269e-06, 5.016681e-07) (8.868891e-06, 8.477304e-06, 7.457738e-07) )
				((1.876644e-07, 2.525867e-06, 6.924515e-07) (2.029309e-06, 1.747465e-06, 6.431192e-07) (2.373079e-06, 8.372363e-06, 5.367662e-07) (1.023965e-06, 9.846010e-06, 4.459016e-07) (4.861422e-06, 1.101305e-06, 8.332435e-07) (7.000324e-06, 7.428965e-07, 2.035308e-07) (6.333551e-09, 4.266518e-06, 5.280890e-07) (9.284241e-06, 4.412295e-06, 4.664516e-07) (9.096486e-06, 1.383685e-06, 9.879759e-07) (8.614713e-06, 9.210738e-06, 1.517251e-07) )
				((6.260175e-07, 2.428898e-06, 8.981784e-07) (1.392710e-06, 7.541587e-07, 1.188002e-07) (3.543348e-06, 8.872114e-06, 1.949579e-08) (1.715795e-06, 9.694722e-06, 5.473222e-07) (7.185630e-06, 6.085803e-07, 2.104786e-07) (9.045123e-06, 1.703545e-06, 3.219553e-07) (2.072162e-07, 5.012900e-06, 1.990891e-07) (4.876728e-06, 1.461535e-06, 9.240438e-07) (9.655528e-06, 5.000531e-06, 2.471302e-07) (8.602698e-06, 9.418377e-06, 5.383149e-09) )
				((2.155659e-06, 9.097228e-06, 5.359870e-07) (3.981922e-06, 9.748234e-06, 4.511370e-08) (1.668386e-06, 3.954363e-07, 4.933901e-07) (3.329572e-07, 2.883721e-06, 9.523159e-07) (7.445976e-06, 3.741884e-07, 3.215754e-07) (9.142802e-06, 2.321486e-06, 9.830295e-07) (6.296955e-07, 5.286009e-06, 6.054907e-08) (3.934303e-06, 1.366232e-06, 4.109054e-07) (9.127049e-06, 5.898785e-06, 1.245778e-07) (8.132339e-06, 9.145377e-06, 9.946990e-07) )
				((9.970928e-07, 5.463755e-06, 3.101828e-07) (8.320944e-07, 3.059282e-06, 3.228254e-07) (4.201234e-06, 9.235714e-06, 4.590201e-08) (2.088981e-06, 8.766263e-06, 1.172142e-07) (8.872130e-06, 2.264566e-06, 9.209606e-07) (7.221884e-06, 7.075260e-07, 3.363207e-07) (1.041953e-06, 1.109448e-06, 9.718788e-07) (3.193370e-06, 1.312920e-06, 5.541209e-07) (8.487164e-06, 6.529188e-06, 3.436556e-07) (7.850852e-06, 8.576326e-06, 8.283332e-07) )
				((8.575214e-06, 1.935451e-06, 5.774471e-07) (6.925657e-06, 9.242093e-07, 7.113445e-08) (3.731064e-07, 3.062247e-06, 6.200279e-07) (9.383134e-07, 1.062544e-06, 9.070253e-07) (8.389108e-06, 6.535293e-06, 9.108238e-08) (8.230391e-06, 8.915897e-06, 4.205017e-07) (9.647103e-07, 5.220887e-06, 4.627392e-07) (5.175109e-06, 9.835170e-06, 3.165087e-07) (3.054586e-06, 8.658234e-06, 1.014764e-07) (4.388526e-06, 8.540702e-07, 4.586318e-07) )
				((2.413503e-07, 1.354716e-06, 7.805023e-07) (5.683793e-07, 3.294379e-06, 4.188917e-07) (1.752702e-06, 4.789557e-06, 1.610793e-07) (8.622180e-06, 2.258984e-06, 2.989316e-07) (6.944047e-06, 8.339657e-07, 3.937107e-07) (8.711969e-06, 5.562320e-06, 5.227292e-07) (7.910461e-06, 8.627965e-06, 3.113218e-07) (4.597479e-06, 9.932053e-06, 2.032104e-07) (2.626962e-06, 8.883506e-06, 3.657206e-07) (3.835138e-06, 8.839265e-07, 7.299549e-07) )
				((1.289413e-06, 4.975164e-06, 1.337729e-07) (1.080221e-06, 3.189331e-06, 9.904187e-07) (7.564245e-06, 5.423944e-07, 6.671635e-07) (8.772203e-06, 2.643605e-06, 9.949867e-07) (1.768149e-07, 1.104451e-06, 9.117048e-07) (8.555696e-06, 5.111410e-06, 3.382392e-07) (7.603828e-06, 9.019965e-06, 2.047908e-07) (4.571659e-06, 9.423350e-06, 3.152381e-07) (2.334405e-06, 8.767492e-06, 8.150450e-07) (3.495217e-06, 1.237441e-06, 3.129558e-08) )
				((1.704355e-07, 3.206847e-06, 8.467845e-07) (8.044241e-07, 1.310248e-06, 8.779307e-07) (1.489357e-06, 4.566634e-06, 4.636867e-07) (2.751045e-06, 1.356021e-06, 1.015669e-09) (4.597389e-06, 9.605706e-06, 2.374903e-07) (3.245577e-06, 8.094543e-06, 5.895487e-07) (7.169114e-06, 1.033874e-06, 6.171648e-07) (9.385876e-06, 2.731425e-06, 8.302109e-07) (8.065853e-06, 5.096348e-06, 7.648058e-08) (7.790379e-06, 9.344601e-06, 5.737430e-07) )
				((3.271766e-06, 8.233087e-06, 7.817031e-07) (4.772766e-06, 9.551069e-06, 6.820879e-07) (1.980315e-06, 4.461754e-06, 2.271582e-07) (2.644381e-08, 3.696437e-06, 3.399665e-07) (6.475366e-07, 8.203100e-07, 6.843304e-07) (3.702222e-06, 1.353333e-06, 2.183077e-07) (7.137525e-06, 4.856498e-07, 8.130073e-07) (8.535086e-06, 2.871677e-06, 8.844478e-07) (8.334454e-06, 5.208740e-06, 7.279731e-07) (7.295525e-06, 9.495096e-06, 3.486493e-07) )
				((1.883652e-06, 4.665275e-06, 2.542700e-08) (7.673821e-08, 4.216802e-06, 9.968797e-07) (4.952189e-06, 9.301457e-06, 3.856070e-07) (2.916416e-06, 8.146312e-06, 9.482070e-07) (1.041748e-06, 4.961633e-07, 4.481537e-07) (3.771964e-06, 5.994641e-07, 4.966724e-07) (7.083790e-06, 1.264901e-06, 4.101265e-07) (8.843198e-06, 3.016921e-06, 7.819678e-07) (8.294479e-06, 5.525757e-06, 7.411280e-07) (7.027174e-06, 9.656585e-06, 7.103546e-07) )
				((4.787509e-07, 3.305601e-06, 5.814610e-07) (1.285806e-06, 5.157942e-06, 2.282096e-07) (5.725254e-06, 8.414481e-06, 4.654093e-08) (3.067342e-06, 8.273905e-06, 2.594026e-07) (6.595509e-07, 1.138196e-08, 5.290314e-08) (3.540291e-06, 1.415177e-06, 7.697844e-07) (7.755844e-06, 1.290330e-06, 8.328030e-07) (9.626980e-06, 2.874037e-06, 9.063328e-07) (8.035473e-06, 5.477074e-06, 2.031051e-07) (7.421612e-06, 9.921479e-06, 9.172671e-07) )
				((8.020432e-06, 9.835780e-06, 7.933359e-07) (6.696287e-06, 8.098955e-06, 4.612918e-07) (1.429395e-06, 5.566565e-06, 3.808888e-07) (9.746343e-07, 3.051216e-06, 2.857579e-07) (3.161552e-06, 8.715397e-06, 1.005846e-07) (1.704116e-07, 1.337226e-08, 4.872388e-08) (3.283508e-06, 1.400031e-06, 4.846076e-07) (8.371601e-06, 4.573798e-07, 7.024089e-07) (9.666555e-06, 3.060513e-06, 3.487414e-07) (8.428482e-06, 6.755583e-06, 8.950467e-07) )
				((6.745464e-06, 8.261602e-06, 8.025970e-08) (7.254909e-06, 9.992390e-06, 9.433003e-07) (1.750013e-06, 5.316719e-06, 9.942990e-07) (1.861832e-06, 3.023231e-06, 5.140744e-08) (3.544698e-06, 8.787835e-06, 1.396617e-08) (3.849657e-07, 3.349944e-07, 5.754552e-08) (3.730745e-06, 1.545571e-06, 9.251036e-07) (8.682548e-06, 5.949066e-08, 9.970487e-07) (9.895798e-06, 3.638961e-06, 4.294740e-07) (8.233014e-06, 6.767300e-06, 3.349927e-07) )
				((6.167374e-06, 8.068160e-06, 1.105116e-07) (7.283246e-06, 9.728358e-06, 9.221095e-07) (1.586376e-06, 5.172966e-06, 4.055115e-07) (1.400485e-06, 2.069749e-06, 2.063521e-07) (3.797602e-06, 8.830179e-06, 5.577012e-07) (3.021714e-07, 1.358517e-07, 6.780845e-07) (3.588685e-06, 9.728576e-07, 7.880830e-07) (9.023488e-06, 5.302455e-08, 8.301492e-07) (9.809723e-06, 3.744056e-06, 6.373796e-07) (8.728255e-06, 6.946651e-06, 2.260018e-07) )
				((6.287262e-06, 8.315247e-06, 4.353677e-07) (8.690523e-06, 9.926020e-06, 6.732790e-07) (9.395928e-07, 4.768458e-06, 8.739421e-07) (1.381632e-06, 2.242584e-06, 5.175037e-07) (3.769905e-06, 9.403056e-06, 7.811112e-07) (6.522629e-08, 1.297338e-07, 8.589819e-07) (3.163644e-06, 1.985331e-06, 9.245531e-07) (9.398855e-06, 3.988413e-07, 7.743784e-07) (9.980078e-06, 3.859889e-06, 5.106727e-07) (8.735871e-06, 6.625235e-06, 2.947959e-07) )
				((5.902311e-06, 8.600772e-06, 5.222676e-08) (8.950926e-06, 9.928318e-06, 6.275574e-07) (1.154730e-06, 5.757045e-06, 9.339008e-07) (1.664740e-06, 3.006006e-06, 9.962361e-07) (4.058675e-06, 9.329413e-06, 8.534838e-07) (2.000027e-07, 2.067976e-07, 9.903490e-07) (2.886315e-06, 1.740687e-06, 5.990837e-07) (9.800543e-06, 6.174770e-07, 9.217788e-07) (9.363885e-06, 4.187564e-06, 7.152129e-07) (8.159196e-06, 6.883984e-06, 3.114498e-07) )
				((4.007800e-07, 8.048980e-07, 8.718432e-07) (1.249316e-06, 2.590093e-06, 5.667778e-07) (2.861892e-06, 7.932978e-07, 5.230326e-07) (3.806986e-06, 9.315622e-06, 9.993703e-08) (6.234625e-06, 9.260834e-06, 1.290688e-08) (9.472915e-06, 9.757933e-06, 9.117325e-07) (9.430028e-07, 6.173911e-06, 9.060915e-07) (9.919393e-06, 3.107590e-07, 8.021029e-07) (9.993842e-06, 4.023213e-06, 7.693147e-07) (8.429997e-06, 7.271626e-06, 5.058980e-08) )
				((6.513580e-06, 9.702045e-06, 9.117632e-08) (3.398294e-06, 9.440840e-06, 3.436825e-07) (1.394479e-06, 3.312705e-06, 3.680121e-07) (5.310276e-07, 6.548594e-07, 7.264233e-07) (2.710896e-06, 4.723081e-07, 6.008831e-07) (9.838511e-06, 9.988165e-06, 9.864679e-07) (9.954784e-07, 6.749835e-06, 7.822840e-07) (9.764087e-06, 1.885275e-08, 8.248780e-07) (9.497061e-06, 3.803915e-06, 6.500665e-07) (8.244661e-06, 7.687219e-06, 7.225640e-07) )
				((7.772022e-07, 3.221529e-06, 7.766889e-07) (6.663892e-07, 1.309471e-06, 2.007073e-07) (2.955907e-06, 7.420746e-07, 6.101941e-07) (6.086639e-06, 9.778621e-06, 4.534889e-07) (2.918587e-06, 9.391204e-06, 7.598218e-07) (9.811357e-06, 9.998601e-06, 6.486870e-07) (2.565632e-07, 6.571150e-06, 8.745711e-07) (9.918000e-06, 3.194675e-07, 6.964980e-07) (9.167097e-06, 3.173827e-06, 1.390248e-07) (8.454657e-06, 7.284121e-06, 8.307355e-07) )
				((3.239189e-06, 8.195641e-07, 8.628587e-07) (1.478083e-06, 1.970362e-07, 1.480417e-07) (9.606397e-07, 2.562808e-06, 6.085543e-07) (6.287029e-06, 9.208460e-06, 2.608510e-07) (2.208279e-06, 9.845739e-06, 4.779723e-07) (9.450438e-06, 9.911672e-06, 2.919651e-07) (2.753032e-07, 6.282313e-06, 5.570625e-07) (9.258410e-06, 5.460375e-07, 8.850947e-07) (9.364127e-06, 3.848792e-06, 6.702037e-07) (8.110516e-06, 6.236405e-06, 5.807493e-07) )
				((9.281514e-07, 1.856836e-06, 8.948584e-07) (1.497863e-06, 1.129356e-07, 9.846524e-08) (3.053479e-06, 1.159353e-06, 6.400252e-07) (6.640243e-06, 9.480740e-06, 1.519739e-07) (1.409109e-06, 9.809011e-06, 7.744866e-07) (8.752423e-06, 9.845315e-06, 7.207744e-07) (2.605111e-07, 5.605548e-06, 4.254605e-07) (9.509706e-06, 3.565318e-07, 5.907044e-07) (8.772332e-06, 3.900761e-06, 6.371947e-07) (8.864264e-06, 6.366005e-06, 4.155566e-08) )
				((6.753368e-07, 1.958874e-06, 6.209601e-07) (1.605842e-06, 1.118108e-07, 1.578495e-07) (3.242880e-06, 1.585040e-06, 9.684395e-07) (6.778310e-06, 9.656998e-06, 8.214997e-08) (6.868210e-07, 9.345495e-06, 7.439014e-07) (9.055277e-06, 9.603499e-06, 5.369859e-07) (4.463024e-07, 6.095179e-06, 4.980796e-07) (9.387394e-06, 6.512019e-07, 5.272696e-08) (8.707904e-06, 3.789588e-06, 9.565531e-07) (9.984954e-06, 6.484312e-06, 4.334718e-07) )
				((7.150855e-06, 9.732081e-06, 1.019283e-07) (9.208151e-06, 9.848721e-06, 6.372085e-07) (3.428813e-08, 1.959033e-06, 7.654274e-07) (2.455091e-06, 1.021204e-07, 3.289864e-07) (4.161987e-06, 1.949703e-06, 4.288159e-07) (6.301712e-07, 9.777349e-06, 8.690283e-07) (4.002591e-07, 5.804879e-06, 1.053964e-07) (9.520972e-06, 1.310042e-06, 6.485557e-07) (8.192264e-06, 3.542841e-06, 4.876053e-07) (9.786221e-06, 6.505581e-06, 8.489545e-08) )
				((2.534930e-06, 2.901383e-07, 6.863209e-07) (3.363616e-06, 1.960528e-06, 1.832192e-07) (8.777242e-06, 3.817105e-06, 8.631714e-07) (9.823163e-06, 1.393259e-06, 4.785119e-07) (9.229298e-06, 9.636574e-06, 4.724889e-07) (7.252619e-06, 9.705666e-06, 1.528339e-07) (2.538483e-08, 1.648288e-06, 5.061373e-07) (3.389640e-08, 9.543632e-06, 8.340797e-07) (7.775715e-08, 6.397825e-06, 6.559187e-07) (9.795283e-06, 6.404666e-06, 3.269332e-07) )
				((2.132871e-06, 2.404295e-07, 7.355581e-07) (3.758899e-06, 1.661402e-06, 6.949695e-08) (9.160249e-06, 4.001324e-06, 4.945809e-07) (9.216588e-06, 1.262156e-06, 6.067669e-07) (9.621772e-06, 9.399262e-06, 8.630603e-07) (7.165107e-06, 9.005769e-06, 5.051723e-07) (1.501380e-07, 1.682622e-06, 8.498604e-07) (3.601019e-07, 9.506503e-06, 6.523126e-07) (9.553136e-07, 5.744245e-06, 3.310078e-07) (9.614913e-06, 6.453588e-06, 3.412705e-07) )
				((2.240691e-06, 1.220315e-07, 5.327577e-07) (6.693034e-07, 1.351265e-06, 6.732090e-07) (9.912004e-06, 9.088886e-06, 8.564957e-07) (7.613553e-06, 9.166202e-06, 2.372029e-07) (3.887030e-06, 8.751495e-07, 7.721396e-08) (8.016626e-06, 4.027706e-06, 5.245939e-07) (8.965001e-06, 1.329608e-06, 8.121430e-07) (5.563914e-07, 9.815192e-06, 7.873388e-07) (4.409312e-07, 6.279553e-06, 2.308630e-07) (9.036406e-06, 6.849036e-06, 8.746637e-07) )
				((2.008793e-06, 1.109430e-06, 3.343900e-07) (5.326864e-08, 1.494297e-06, 5.011309e-07) (4.205605e-06, 1.343543e-06, 6.847091e-07) (9.694661e-06, 9.249331e-06, 6.023633e-07) (6.747043e-06, 9.871235e-06, 7.038711e-07) (8.440851e-06, 4.193895e-06, 5.325210e-08) (8.795807e-06, 1.229973e-06, 6.002878e-07) (1.222057e-06, 9.025502e-06, 2.330613e-08) (7.581838e-07, 6.093932e-06, 5.413477e-07) (8.593401e-06, 7.251864e-06, 8.930386e-07) )
				((4.363762e-06, 1.284816e-06, 1.060470e-08) (2.516774e-06, 1.227855e-06, 7.545039e-07) (9.163245e-06, 9.443428e-06, 9.300715e-07) (7.175096e-06, 9.226099e-06, 9.243549e-07) (3.858569e-07, 9.540514e-07, 2.371797e-07) (8.696540e-06, 3.810424e-06, 4.567381e-07) (8.738562e-06, 6.320443e-07, 6.346815e-07) (1.199853e-06, 9.016193e-06, 1.594525e-07) (9.147836e-07, 6.180681e-06, 7.420918e-07) (8.956591e-06, 7.212989e-06, 6.912656e-07) )
				((1.925526e-06, 1.276242e-06, 8.124076e-07) (1.552261e-07, 5.789687e-07, 1.960888e-07) (9.114946e-06, 9.837253e-06, 4.915296e-07) (7.145785e-06, 9.746844e-06, 8.295145e-07) (4.234385e-06, 8.126414e-07, 4.011471e-07) (8.546982e-06, 3.689614e-06, 4.941563e-07) (8.540837e-06, 5.079657e-07, 3.368226e-07) (4.620572e-07, 8.829852e-06, 9.326000e-08) (1.073091e-06, 5.255088e-06, 4.375753e-07) (9.368625e-06, 7.137019e-06, 7.652763e-07) )
				((8.855631e-06, 6.947936e-07, 2.948429e-07) (8.827668e-06, 2.851997e-06, 1.095784e-07) (1.873204e-08, 7.264510e-07, 1.688192e-07) (2.002887e-06, 6.203218e-07, 8.840955e-07) (6.936138e-06, 9.920875e-06, 7.003658e-07) (9.249308e-06, 9.672356e-06, 5.349443e-07) (4.198971e-06, 1.414071e-06, 3.983399e-07) (2.338054e-07, 8.633763e-06, 6.846262e-07) (1.091442e-06, 4.951084e-06, 3.623644e-07) (9.775576e-06, 7.187210e-06, 3.082564e-07) )
				((9.362739e-06, 9.254630e-06, 2.834104e-08) (9.484101e-06, 7.298807e-06, 4.283754e-07) (7.220367e-06, 9.044581e-06, 9.994637e-07) (8.732929e-08, 6.191091e-07, 2.669719e-07) (2.263185e-06, 1.681497e-07, 5.723937e-07) (9.011470e-06, 2.716601e-06, 2.606370e-07) (8.474401e-06, 3.057151e-07, 9.777054e-07) (4.966757e-06, 1.633175e-06, 7.493154e-07) (1.300373e-07, 8.141354e-06, 5.134644e-07) (1.236861e-06, 5.226306e-06, 6.182870e-07) )
				((8.864325e-06, 6.753876e-06, 1.553870e-07) (9.963326e-06, 8.424825e-06, 1.441034e-07) (9.006938e-06, 2.243779e-06, 2.491672e-07) (8.661726e-06, 3.136514e-07, 6.434188e-07) (7.299927e-06, 9.048242e-06, 3.224508e-07) (3.509172e-07, 4.120977e-07, 1.534039e-07) (3.015776e-06, 6.912096e-07, 2.936824e-07) (5.426178e-06, 1.339590e-06, 2.197567e-07) (4.180473e-08, 7.831368e-06, 4.836212e-07) (2.795574e-07, 5.103468e-06, 3.258203e-07) )
				((9.731163e-06, 2.627198e-06, 8.719432e-07) (8.191054e-06, 1.018271e-06, 7.989513e-07) (9.801546e-06, 8.928272e-06, 1.878590e-07) (8.478931e-06, 6.441062e-06, 7.370366e-08) (6.988834e-06, 9.579689e-06, 6.309157e-07) (2.521261e-07, 3.012060e-07, 1.047953e-07) (3.115359e-06, 3.449758e-07, 3.562762e-07) (5.170860e-06, 1.959068e-06, 3.115193e-07) (1.342652e-07, 8.141824e-06, 8.816593e-07) (2.728199e-07, 5.364117e-06, 6.839416e-07) )
				((5.526355e-06, 1.956026e-06, 2.182564e-07) (7.289009e-06, 1.070055e-06, 5.470560e-07) (9.937802e-06, 3.310185e-06, 7.707451e-07) (9.842867e-06, 9.254858e-06, 1.146274e-07) (8.476035e-06, 6.033201e-06, 2.952504e-07) (7.386261e-06, 9.760714e-06, 1.073590e-07) (3.042202e-07, 1.935482e-07, 3.185091e-07) (3.611528e-06, 4.878138e-07, 6.374240e-07) (9.160146e-08, 8.773039e-06, 6.532531e-07) (8.437181e-08, 5.291031e-06, 9.967997e-07) )
				((5.317476e-06, 1.978567e-06, 8.141224e-07) (7.352639e-06, 7.261061e-07, 2.057261e-07) (9.261197e-06, 3.773846e-06, 8.999675e-07) (9.566381e-06, 9.277079e-06, 4.296687e-07) (8.458508e-06, 6.046289e-06, 8.042183e-07) (7.370562e-06, 9.886111e-06, 2.481692e-07) (1.098784e-07, 1.107304e-07, 9.618988e-07) (2.993183e-06, 6.010342e-07, 7.312124e-07) (2.592779e-07, 9.383228e-06, 9.070789e-07) (6.648056e-07, 4.935157e-06, 4.617056e-08) )
				((5.190506e-06, 1.542675e-06, 5.048561e-07) (7.375633e-06, 6.057319e-07, 5.981984e-08) (9.088231e-06, 4.085159e-06, 9.689662e-07) (9.748349e-06, 9.260050e-06, 5.289200e-07) (8.029941e-06, 6.937706e-06, 8.013978e-07) (7.285752e-06, 9.425646e-06, 9.641069e-07) (8.022503e-08, 1.989779e-07, 8.203759e-07) (2.687631e-06, 1.625085e-07, 6.112539e-07) (2.716388e-07, 9.009541e-06, 6.825926e-07) (1.440729e-06, 4.484844e-06, 2.854387e-07) )
				((9.252824e-06, 9.350598e-06, 2.485536e-07) (7.372451e-06, 9.947693e-06, 5.766879e-07) (4.759479e-06, 1.881161e-06, 8.283296e-07) (7.446496e-06, 4.222174e-07, 7.135295e-09) (8.958122e-06, 3.706027e-06, 8.260456e-07) (9.206726e-06, 6.582664e-06, 9.410015e-07) (2.079854e-07, 6.776041e-08, 1.314033e-07) (2.400966e-06, 7.260791e-07, 9.956491e-07) (3.060018e-08, 9.221660e-06, 4.323903e-07) (1.919399e-06, 4.183337e-06, 1.356972e-07) )
				((2.187206e-06, 3.274177e-07, 4.991921e-07) (1.698268e-07, 9.425942e-07, 9.986084e-08) (8.760159e-06, 8.953520e-06, 7.950510e-07) (6.968621e-06, 9.993211e-06, 6.099898e-07) (4.949917e-06, 1.839053e-06, 9.260006e-07) (7.405565e-06, 9.134731e-08, 4.184922e-07) (9.301137e-06, 3.993837e-06, 6.902061e-07) (9.684226e-06, 7.093834e-06, 8.401011e-07) (2.416118e-07, 9.089791e-06, 1.809648e-07) (1.929500e-06, 3.789077e-06, 6.045202e-07) )
				((1.829405e-06, 3.579941e-07, 5.818630e-07) (5.189473e-09, 1.262193e-06, 1.518750e-08) (9.753934e-06, 7.208745e-06, 7.315750e-07) (8.733236e-06, 9.013641e-06, 9.667598e-07) (5.885850e-06, 9.860572e-06, 7.099355e-07) (4.502418e-06, 1.566224e-06, 9.640944e-07) (7.193853e-06, 6.084295e-07, 8.018391e-07) (9.591996e-06, 4.481998e-06, 9.112117e-07) (2.136694e-07, 9.522188e-06, 8.768876e-07) (1.989086e-06, 4.106347e-06, 4.842332e-07) )
				((8.941493e-06, 8.777743e-06, 7.829741e-07) (9.860668e-06, 6.702068e-06, 2.448219e-08) (1.946059e-06, 3.660830e-07, 9.055348e-07) (9.112272e-08, 1.491211e-06, 6.295962e-07) (5.542266e-06, 9.470847e-06, 7.777177e-07) (4.761794e-06, 1.695264e-06, 4.715591e-07) (8.180858e-06, 1.018999e-06, 8.694310e-07) (9.785766e-06, 3.569207e-06, 7.273022e-07) (2.766078e-07, 9.845898e-06, 9.205422e-07) (1.564346e-06, 4.607231e-06, 5.619164e-07) )
				((3.849241e-07, 1.987473e-06, 3.986540e-07) (2.204814e-06, 1.178819e-06, 2.140457e-07) (9.863722e-06, 5.513430e-06, 1.327079e-07) (9.963691e-06, 3.562242e-06, 5.603449e-07) (4.490080e-06, 1.514875e-06, 1.704978e-07) (8.623456e-06, 8.904753e-06, 7.177195e-07) (5.145148e-06, 9.248365e-06, 8.751663e-07) (8.683246e-06, 7.738674e-07, 7.302468e-07) (7.121222e-07, 9.553608e-06, 2.682515e-07) (1.957362e-06, 4.769948e-06, 8.909231e-07) )
				((9.980763e-06, 3.414488e-06, 5.739456e-07) (9.782105e-06, 5.618912e-06, 3.073101e-07) (7.736989e-07, 2.695179e-06, 2.724161e-07) (1.924791e-06, 8.598181e-07, 5.716799e-08) (4.410992e-06, 1.745336e-06, 9.756157e-07) (8.858533e-06, 9.040574e-06, 8.070626e-07) (5.422469e-06, 8.767910e-06, 9.514110e-07) (8.488929e-06, 7.846295e-08, 2.884636e-07) (2.023030e-07, 9.512247e-06, 3.444152e-07) (1.750057e-06, 5.223172e-06, 1.630159e-07) )
				((1.614546e-06, 4.850819e-06, 6.610733e-07) (9.525723e-07, 3.066945e-06, 4.497123e-08) (9.444231e-06, 5.779185e-06, 1.170998e-07) (9.995038e-06, 3.515404e-06, 3.758032e-09) (1.908898e-06, 9.654033e-07, 1.648584e-08) (4.118199e-06, 1.775711e-06, 7.008340e-07) (9.239792e-06, 9.003145e-06, 8.761118e-07) (6.123008e-06, 8.938558e-06, 8.874297e-07) (7.999193e-06, 1.858561e-07, 9.113726e-07) (2.208265e-07, 9.150024e-06, 1.975940e-07) )
				((9.059012e-08, 2.900754e-06, 8.320214e-07) (1.351209e-06, 4.627568e-06, 1.138290e-07) (9.877099e-06, 3.647603e-06, 7.630660e-08) (8.874845e-06, 5.519035e-06, 1.857634e-07) (3.991054e-06, 1.483374e-06, 8.212468e-07) (2.035754e-06, 3.689054e-07, 4.148812e-07) (9.429929e-06, 8.817608e-06, 9.108941e-07) (5.146622e-06, 9.515544e-06, 7.321449e-07) (7.263161e-06, 4.711004e-07, 2.698465e-07) (6.173308e-07, 8.791740e-06, 2.154881e-07) )
				((9.639854e-06, 4.001076e-06, 2.068617e-07) (8.291029e-06, 5.473491e-06, 9.432883e-08) (1.466356e-06, 3.941721e-06, 1.691307e-07) (1.204038e-07, 2.610268e-06, 8.138357e-07) (4.267246e-06, 1.674056e-06, 8.146041e-08) (2.116273e-06, 7.081080e-08, 1.675859e-07) (9.028296e-06, 9.019431e-06, 6.442238e-07) (5.359578e-06, 9.321392e-06, 4.912462e-07) (7.426909e-06, 2.288893e-07, 7.828197e-07) (5.349967e-07, 9.068125e-06, 3.721634e-10) )
				((9.151767e-07, 2.590273e-06, 5.984277e-07) (1.782074e-06, 6.157739e-07, 7.113738e-07) (9.570497e-06, 3.478138e-06, 4.646229e-07) (8.266282e-06, 5.602660e-06, 4.069027e-07) (1.630606e-06, 4.660663e-06, 7.951211e-07) (3.980033e-06, 6.191004e-07, 1.534216e-07) (9.169383e-06, 9.082007e-06, 6.639966e-07) (5.724310e-06, 9.314246e-06, 9.524521e-07) (7.791399e-06, 4.123711e-08, 7.767161e-07) (5.521932e-07, 8.596425e-06, 6.452262e-07) )
				((1.127748e-06, 9.623725e-07, 3.581359e-07) (1.098574e-06, 2.860193e-06, 9.885532e-07) (1.795569e-06, 4.738997e-06, 6.287064e-07) (9.708759e-06, 3.566270e-06, 7.243931e-08) (8.123943e-06, 5.576221e-06, 4.996396e-07) (3.905781e-06, 5.190606e-07, 3.261052e-07) (9.362282e-06, 8.939809e-06, 6.817367e-08) (5.603884e-06, 9.386388e-06, 8.445225e-07) (7.659204e-06, 9.514034e-07, 8.885177e-07) (4.402333e-07, 8.901363e-06, 9.185788e-07) )
				((1.966066e-06, 5.062849e-06, 9.131385e-07) (1.445378e-06, 3.138782e-06, 7.492820e-07) (9.003388e-07, 8.690749e-07, 5.902412e-07) (9.796979e-06, 3.665891e-06, 1.846869e-07) (8.269476e-06, 5.495372e-06, 8.245954e-09) (3.882301e-06, 7.234363e-07, 7.833969e-07) (9.579411e-06, 8.850374e-06, 8.608977e-07) (5.973942e-06, 8.631538e-06, 8.239287e-07) (8.004935e-06, 9.354771e-07, 6.525397e-07) (9.186965e-07, 9.248193e-06, 9.889236e-07) )
				((9.148726e-07, 3.205812e-06, 3.977408e-07) (8.524080e-07, 1.259055e-06, 8.518740e-07) (1.660329e-06, 4.847696e-06, 3.333909e-07) (9.978829e-06, 3.150848e-06, 6.537597e-07) (8.043135e-06, 4.737199e-06, 1.142229e-07) (3.332050e-06, 7.500501e-07, 6.566622e-07) (9.959445e-06, 9.315842e-06, 9.601578e-07) (5.812336e-06, 8.694320e-06, 6.653355e-07) (7.120166e-06, 1.229469e-06, 8.692719e-07) (1.335427e-06, 9.250426e-06, 5.986415e-07) )
				((1.372481e-06, 3.401675e-06, 1.263252e-08) (1.621532e-06, 5.372992e-06, 2.404110e-07) (9.719989e-06, 2.941647e-06, 7.545008e-07) (8.093233e-06, 4.426170e-06, 3.251717e-07) (4.471721e-07, 1.125840e-06, 2.667157e-07) (3.179525e-06, 7.592508e-07, 6.967030e-07) (9.816484e-06, 9.921732e-06, 3.819189e-07) (5.494413e-06, 8.547290e-06, 9.381841e-07) (7.451457e-06, 1.812340e-06, 4.546615e-07) (2.212803e-06, 9.709052e-06, 1.573066e-07) )
				((1.721306e-06, 5.368114e-06, 3.028425e-07) (1.547613e-06, 3.387762e-06, 5.220166e-07) (9.453762e-06, 4.588073e-06, 3.181174e-07) (9.765567e-06, 2.647929e-06, 6.904324e-07) (7.511082e-07, 9.811636e-07, 1.968801e-07) (3.005639e-06, 7.404953e-07, 8.751093e-07) (9.696991e-06, 9.682513e-06, 3.001246e-07) (5.748438e-06, 8.829065e-06, 5.711576e-07) (7.992225e-06, 1.734511e-06, 5.354859e-07) (1.116644e-06, 9.346353e-06, 3.412440e-07) )
				((9.928691e-06, 4.741832e-06, 1.298524e-07) (9.782019e-06, 2.750518e-06, 2.445556e-07) (2.705289e-06, 6.408625e-07, 6.613238e-07) (7.827753e-07, 1.192160e-06, 6.648588e-07) (7.587712e-06, 1.855140e-06, 3.906954e-07) (1.631694e-06, 5.712832e-06, 4.591410e-07) (1.860373e-06, 3.549868e-06, 2.648720e-07) (9.480324e-06, 9.819001e-06, 9.859500e-08) (5.985241e-06, 8.815233e-06, 3.707868e-07) (9.382358e-07, 8.975102e-06, 2.602680e-07) )
				((8.025630e-06, 1.562694e-06, 7.252716e-07) (9.829935e-06, 2.422165e-06, 6.491563e-07) (2.731631e-07, 1.680937e-06, 2.032331e-08) (2.506480e-06, 2.556534e-07, 6.319642e-07) (9.467865e-06, 4.611768e-06, 1.362049e-07) (1.997216e-06, 5.871886e-06, 5.395580e-07) (1.342212e-06, 4.001151e-06, 1.346290e-07) (9.919199e-06, 9.960270e-06, 3.057873e-07) (5.712140e-06, 9.373320e-06, 2.176658e-07) (9.135550e-07, 8.865758e-06, 3.345165e-07) )
				((9.922684e-06, 2.991955e-06, 8.694986e-07) (9.824272e-06, 4.836645e-06, 1.030550e-07) (8.108754e-06, 5.946901e-07, 8.827804e-07) (1.543690e-06, 3.503520e-06, 8.928869e-07) (1.706779e-06, 6.606007e-06, 8.999258e-07) (1.976964e-07, 1.449062e-06, 5.045637e-07) (1.832245e-06, 2.666528e-07, 4.620632e-07) (9.952998e-06, 9.879424e-06, 1.976262e-07) (5.347500e-06, 8.789050e-06, 8.372952e-07) (6.541811e-07, 8.887940e-06, 1.599707e-07) )
				((9.473900e-06, 5.363453e-06, 2.331632e-07) (9.509256e-06, 3.355270e-06, 2.904114e-07) (3.729359e-07, 1.858080e-06, 4.782694e-07) (1.029898e-06, 3.991853e-06, 7.245321e-07) (2.424079e-06, 2.892098e-07, 4.320990e-07) (7.865193e-06, 1.320351e-06, 9.286372e-07) (1.325881e-06, 7.004457e-06, 5.380970e-07) (9.619010e-06, 9.354259e-06, 3.427477e-07) (4.527463e-06, 8.587968e-06, 6.091737e-07) (7.380233e-08, 9.216601e-06, 3.715916e-07) )
				((4.283047e-07, 2.155333e-06, 4.672482e-07) (7.993601e-07, 4.118220e-06, 3.703320e-07) (9.936983e-06, 3.780974e-06, 1.724668e-07) (9.136957e-06, 5.606539e-06, 7.326902e-09) (2.380404e-06, 6.258005e-07, 7.713431e-07) (7.472482e-06, 1.060102e-06, 8.836089e-07) (1.719660e-06, 6.510340e-06, 2.749364e-07) (9.403447e-06, 9.136588e-06, 1.461210e-07) (5.392746e-06, 8.709037e-06, 4.019365e-07) (2.800688e-07, 8.846492e-06, 5.812182e-07) )
				((1.182693e-06, 3.869869e-06, 6.645989e-07) (2.693831e-07, 2.144602e-06, 2.294921e-07) (9.719432e-06, 3.753485e-06, 9.970438e-08) (9.826536e-06, 6.626004e-06, 3.183459e-08) (2.585644e-06, 1.609966e-06, 7.875413e-07) (7.529189e-06, 4.230276e-07, 8.682483e-07) (1.706832e-06, 7.116663e-06, 2.149859e-07) (9.034263e-06, 9.292005e-06, 2.981994e-07) (5.660777e-06, 8.838868e-06, 3.534635e-07) (2.147907e-07, 8.858415e-06, 4.964335e-07) )
				((6.202801e-07, 2.078616e-06, 7.928003e-09) (8.165791e-07, 4.118832e-06, 6.092649e-07) (2.618140e-06, 9.491448e-07, 4.734239e-07) (9.879595e-06, 4.900257e-06, 5.434958e-08) (9.485956e-06, 6.860564e-06, 1.382171e-07) (6.925369e-06, 6.724427e-07, 9.368943e-07) (1.664371e-06, 6.596431e-06, 1.344217e-08) (8.637611e-06, 9.827093e-06, 5.144624e-07) (5.390922e-06, 9.774510e-06, 8.483357e-08) (5.192604e-08, 9.360517e-06, 1.682986e-08) )
				((9.963039e-06, 7.472079e-06, 7.118299e-07) (9.938064e-06, 5.521678e-06, 2.265037e-07) (1.463732e-07, 1.948695e-06, 1.194125e-07) (3.457986e-07, 4.610057e-06, 1.034216e-07) (3.044754e-06, 5.426860e-07, 8.881271e-07) (6.791337e-06, 3.004893e-07, 1.939506e-07) (1.833263e-06, 7.078674e-06, 4.617617e-07) (8.225821e-06, 8.945266e-06, 8.643655e-07) (5.629596e-06, 9.837454e-06, 1.362233e-08) (7.800513e-08, 9.341675e-06, 4.770534e-07) )
				((8.522370e-06, 9.606433e-06, 9.336758e-07) (9.530416e-06, 7.879060e-06, 9.388713e-07) (9.272686e-06, 5.714558e-06, 2.516531e-07) (1.953598e-07, 1.816695e-06, 1.544001e-08) (8.153034e-07, 4.592333e-06, 2.632937e-07) (3.759450e-06, 4.159851e-07, 3.414210e-07) (6.977152e-06, 3.814317e-07, 1.711382e-07) (1.253556e-06, 7.015069e-06, 9.428659e-07) (6.309892e-06, 9.377817e-06, 1.650855e-08) (7.763867e-08, 9.755433e-06, 3.964852e-07) )
				((8.292981e-06, 9.009035e-06, 9.190612e-07) (9.777903e-06, 7.691347e-06, 6.767735e-07) (9.239266e-06, 5.321882e-06, 1.648539e-08) (7.090940e-07, 1.737866e-06, 2.970042e-07) (1.456661e-06, 4.097499e-06, 2.862114e-07) (3.126433e-06, 8.746910e-07, 3.714404e-07) (7.263413e-06, 5.245708e-07, 3.134707e-07) (1.867978e-06, 8.003567e-06, 6.822677e-07) (6.627437e-06, 8.907873e-06, 5.147731e-07) (4.450559e-07, 9.909579e-06, 3.205573e-07) )
				((6.053243e-07, 9.970828e-06, 6.102727e-07) (1.170928e-06, 8.053372e-06, 5.515047e-07) (1.069075e-06, 1.342287e-06, 6.139164e-09) (2.824028e-06, 4.106088e-07, 2.344227e-07) (9.992564e-06, 7.882956e-06, 8.570505e-07) (8.667331e-06, 9.958863e-06, 9.263056e-07) (9.165776e-06, 5.924203e-06, 2.849628e-07) (6.279312e-06, 9.175626e-06, 3.824553e-07) (1.837387e-06, 4.799518e-06, 6.722341e-08) (7.703476e-06, 8.038607e-07, 1.301671e-07) )
				((8.706810e-06, 9.362781e-06, 7.315651e-07) (9.974191e-06, 7.815705e-06, 7.141957e-07) (1.614942e-06, 7.182308e-06, 8.064503e-07) (1.429622e-06, 5.314550e-06, 1.156995e-07) (9.649765e-06, 5.616368e-06, 1.890895e-07) (3.104611e-06, 3.593952e-07, 2.636273e-07) (1.469471e-06, 1.586745e-06, 2.769028e-07) (2.807077e-07, 9.496202e-06, 7.381312e-07) (6.163012e-06, 9.085648e-06, 3.505691e-07) (7.733480e-06, 6.422580e-07, 5.486033e-07) )
				((1.731787e-07, 8.905072e-06, 6.992765e-07) (1.487766e-06, 7.497635e-06, 1.598465e-07) (9.712727e-06, 7.563835e-06, 6.494027e-08) (9.849506e-06, 5.765392e-06, 9.291705e-07) (6.431213e-06, 9.421069e-06, 7.576713e-07) (8.477127e-06, 9.486584e-06, 3.397641e-07) (1.696557e-06, 5.609249e-06, 6.685907e-07) (2.815113e-06, 3.174913e-07, 1.086764e-07) (1.734434e-06, 2.212211e-06, 1.764133e-07) (7.624358e-06, 1.068343e-06, 8.603193e-07) )
				((1.211584e-06, 5.915479e-06, 2.983615e-07) (1.892979e-06, 7.793248e-06, 1.999424e-07) (5.688546e-06, 9.524593e-06, 9.136308e-07) (7.700629e-06, 9.302741e-06, 1.204768e-07) (9.927896e-06, 7.259168e-06, 5.105829e-07) (9.076615e-06, 5.019068e-06, 9.661554e-07) (2.094207e-06, 8.489499e-09, 3.164697e-07) (1.170388e-06, 2.437607e-06, 3.620592e-07) (1.011425e-07, 9.499909e-06, 5.815500e-07) (7.596882e-06, 9.435763e-07, 9.593791e-07) )
				((8.750139e-06, 4.709405e-06, 9.122183e-07) (9.449188e-06, 6.454028e-06, 2.283874e-07) (1.984080e-06, 8.168835e-06, 5.718233e-07) (2.692669e-07, 9.180996e-06, 7.587597e-07) (5.326479e-06, 9.777234e-06, 5.052362e-07) (7.380029e-06, 9.923378e-06, 4.381867e-07) (1.577014e-06, 6.003629e-06, 9.770321e-07) (2.703611e-06, 3.587301e-08, 8.426560e-07) (1.359050e-06, 3.115540e-06, 9.908683e-07) (7.969089e-06, 1.055049e-06, 8.277974e-07) )
				((1.940348e-07, 9.112981e-06, 7.362732e-07) (1.931243e-06, 8.153593e-06, 9.846339e-07) (5.697497e-06, 9.787549e-06, 1.105516e-09) (7.640596e-06, 9.937388e-06, 4.504547e-07) (9.304234e-06, 6.459961e-06, 8.905160e-07) (8.541414e-06, 4.381286e-06, 9.538871e-07) (1.882508e-06, 6.075835e-06, 6.091196e-07) (1.498304e-06, 3.545257e-06, 8.844583e-07) (2.460415e-06, 1.001821e-07, 4.115717e-08) (7.729601e-06, 1.317593e-06, 9.729275e-07) )
				((1.869863e-06, 7.309406e-06, 4.977474e-07) (1.832322e-06, 5.322198e-06, 7.204493e-07) (7.694822e-06, 9.790221e-06, 7.355130e-07) (5.742213e-06, 9.647546e-06, 2.868162e-07) (5.969275e-07, 8.986103e-06, 3.780004e-07) (8.008430e-06, 4.163303e-06, 5.213074e-07) (9.973702e-06, 6.915620e-06, 9.926704e-08) (1.522162e-06, 3.285765e-06, 5.226035e-07) (2.399623e-06, 1.248394e-06, 1.166287e-07) (8.609411e-06, 1.545976e-06, 6.084252e-07) )
				((1.873189e-06, 7.394674e-06, 7.059712e-07) (6.161801e-08, 9.075840e-06, 7.930191e-08) (1.507312e-06, 5.180810e-06, 9.640376e-07) (7.937390e-06, 9.531812e-06, 2.195535e-07) (5.604286e-06, 9.994168e-06, 6.369027e-08) (8.069038e-06, 4.495273e-06, 6.683127e-08) (9.555934e-06, 7.358274e-06, 2.983950e-07) (1.961192e-06, 2.900492e-06, 6.833715e-07) (2.574385e-06, 1.632416e-06, 1.326623e-07) (9.173985e-06, 1.532332e-06, 1.344616e-07) )
				((1.589145e-06, 4.769188e-06, 9.549565e-07) (8.165533e-07, 2.926774e-06, 8.621717e-07) (2.148761e-06, 1.542700e-06, 1.519832e-07) (1.742530e-06, 7.532444e-06, 7.278775e-07) (4.938111e-07, 9.535501e-06, 6.019992e-08) (7.890995e-06, 9.700937e-06, 9.036018e-07) (5.409742e-06, 9.747414e-06, 9.125463e-08) (8.517898e-06, 5.092348e-06, 1.020656e-07) (9.901450e-06, 7.622009e-06, 4.604026e-07) (9.804567e-06, 1.252820e-06, 3.924840e-07) )
				((1.941362e-06, 7.704075e-06, 5.747954e-08) (1.941931e-06, 5.542172e-06, 9.827241e-07) (8.472822e-07, 3.428327e-06, 8.598207e-07) (3.118932e-06, 1.192667e-06, 7.970476e-07) (8.254561e-07, 9.660866e-06, 2.153443e-07) (8.539855e-06, 9.080319e-06, 3.584213e-07) (5.618233e-06, 9.768303e-06, 5.126167e-07) (8.673998e-06, 4.965200e-06, 2.726311e-07) (9.764736e-06, 7.280873e-06, 1.285032e-07) (9.458679e-06, 1.294524e-06, 7.617845e-07) )
				((1.955357e-06, 5.229636e-06, 9.845295e-07) (4.991716e-07, 3.871854e-06, 7.949183e-07) (8.982845e-06, 9.321779e-06, 2.956179e-07) (9.044019e-06, 7.344345e-06, 5.888982e-07) (1.033549e-06, 6.717449e-06, 8.526499e-08) (2.756288e-06, 1.369087e-06, 5.132083e-07) (1.246835e-06, 9.941924e-06, 4.568428e-07) (5.370215e-06, 9.788330e-06, 4.390387e-07) (8.148777e-06, 5.449367e-06, 1.965619e-07) (8.860191e-06, 2.737137e-07, 9.266447e-07) )
				((9.596869e-06, 9.513817e-06, 3.038141e-07) (9.303494e-06, 7.556030e-06, 5.884259e-07) (1.802423e-06, 6.997746e-06, 3.252789e-07) (1.917430e-06, 5.048889e-06, 8.514411e-07) (4.484822e-07, 3.420304e-06, 6.585411e-07) (8.199448e-06, 5.467396e-06, 6.016114e-07) (2.823015e-06, 1.296880e-06, 3.863174e-07) (1.326258e-06, 9.690776e-06, 9.226891e-08) (5.003261e-06, 9.836963e-06, 8.281777e-07) (8.845017e-06, 1.556439e-07, 4.547880e-07) )
				((1.909898e-06, 4.185706e-06, 5.719218e-07) (3.059712e-07, 3.097620e-06, 7.847706e-08) (2.091597e-06, 9.618873e-06, 7.115104e-07) (1.320934e-06, 7.293385e-06, 3.475236e-07) (9.271475e-06, 9.867203e-06, 5.380776e-08) (9.362678e-06, 7.468784e-06, 7.946177e-07) (8.419211e-06, 4.930960e-06, 9.270305e-07) (3.308919e-06, 8.190317e-07, 6.316759e-07) (4.238524e-06, 9.494088e-06, 5.677981e-07) (9.128675e-06, 3.426068e-07, 8.705969e-07) )
				((4.128734e-06, 9.970359e-06, 9.529354e-07) (2.246683e-06, 9.353494e-06, 6.747961e-07) (9.582305e-06, 9.295735e-06, 3.639737e-07) (8.608898e-06, 7.568957e-06, 6.299006e-07) (1.862118e-06, 4.857596e-06, 4.244839e-07) (1.175354e-07, 2.696287e-06, 7.123503e-07) (6.940403e-07, 7.314924e-06, 3.370090e-07) (8.627675e-06, 4.985296e-06, 9.021707e-07) (3.064500e-06, 9.181272e-07, 3.737716e-07) (8.604530e-06, 1.171186e-07, 3.511681e-07) )
				((9.221940e-07, 6.504937e-06, 3.624098e-07) (1.800373e-06, 4.731336e-06, 6.507540e-07) (1.622963e-06, 9.953434e-06, 7.954167e-07) (3.939701e-06, 9.610752e-06, 5.167110e-07) (9.910081e-06, 9.393768e-06, 2.318843e-07) (8.091263e-06, 7.634551e-06, 4.544904e-07) (8.393589e-08, 1.659098e-06, 2.618706e-07) (8.324027e-06, 4.679492e-06, 3.991965e-07) (3.848103e-06, 6.361202e-07, 6.123704e-07) (8.701682e-06, 7.520678e-07, 9.569318e-07) )
				((1.957568e-06, 9.043160e-06, 4.151839e-07) (3.864338e-06, 9.526756e-06, 7.762391e-07) (5.989433e-07, 6.509532e-06, 1.701527e-07) (1.728368e-06, 4.618667e-06, 5.162539e-07) (9.092657e-06, 9.827276e-06, 2.009256e-07) (8.245297e-06, 7.556437e-06, 8.406067e-07) (5.787684e-09, 1.990934e-06, 1.227149e-07) (8.540539e-06, 4.803752e-06, 5.383524e-07) (3.588402e-06, 1.339059e-06, 4.765988e-07) (8.642082e-06, 1.423060e-06, 3.412786e-07) )
				((4.082715e-06, 9.214606e-06, 9.235699e-07) (1.939585e-06, 9.227480e-06, 5.528670e-07) (2.884224e-07, 7.198431e-06, 4.569614e-07) (1.882178e-06, 5.515087e-06, 3.261025e-07) (9.358740e-06, 9.310026e-06, 6.087794e-07) (8.068047e-06, 7.126650e-06, 7.071582e-07) (2.877374e-07, 1.880150e-06, 2.598073e-07) (8.157486e-06, 4.156566e-06, 8.679561e-07) (4.166012e-06, 1.600368e-06, 4.904366e-07) (7.839968e-06, 1.574440e-06, 6.209576e-07) )
				((4.442207e-06, 8.638354e-06, 7.765237e-07) (1.804645e-06, 8.979243e-06, 2.517475e-07) (3.600136e-07, 7.045697e-06, 7.546334e-07) (1.866050e-06, 5.310330e-06, 8.332736e-07) (9.334635e-06, 9.242450e-06, 8.951616e-07) (8.567292e-06, 6.358988e-06, 7.746087e-07) (7.939933e-07, 2.218229e-06, 1.098743e-07) (8.204311e-06, 3.881017e-06, 9.974064e-07) (5.333618e-06, 1.767726e-06, 6.602714e-07) (7.364409e-06, 1.596879e-06, 6.896307e-08) )
				((3.142717e-07, 6.903400e-06, 4.212227e-07) (1.492737e-06, 5.302316e-06, 6.982668e-07) (5.119777e-06, 8.920645e-06, 5.396077e-07) (1.730185e-06, 9.163740e-06, 2.808154e-07) (8.307372e-06, 9.513296e-06, 3.875329e-07) (9.005643e-06, 6.861847e-06, 9.835944e-07) (1.465514e-06, 2.787752e-06, 1.188282e-07) (8.275828e-06, 3.147280e-06, 6.666713e-07) (4.937326e-06, 1.277260e-06, 9.083678e-07) (6.994183e-06, 1.645744e-06, 7.367118e-07) )
				((8.199495e-06, 2.911178e-06, 4.424923e-07) (8.012716e-06, 9.416939e-07, 1.488150e-07) (8.700856e-06, 7.829982e-06, 6.211651e-07) (8.791400e-06, 9.971791e-06, 2.324345e-07) (1.206559e-07, 7.367902e-06, 4.972265e-07) (1.260017e-06, 5.406974e-06, 2.864224e-08) (5.662931e-06, 8.965877e-06, 9.966781e-08) (1.493433e-06, 8.911634e-06, 4.607775e-07) (1.382041e-06, 2.723201e-06, 1.969218e-07) (4.600725e-06, 1.575080e-06, 5.190388e-07) )
				((8.641407e-06, 9.598358e-06, 9.456950e-08) (8.590324e-06, 7.628384e-06, 8.834364e-07) (7.951046e-06, 1.106161e-06, 3.243185e-07) (8.228245e-06, 3.247671e-06, 1.493796e-07) (1.539311e-07, 7.055615e-06, 7.876275e-07) (1.039510e-06, 5.223707e-06, 6.198662e-07) (5.903275e-06, 9.736168e-06, 2.446657e-07) (1.627927e-06, 9.313951e-06, 9.260271e-07) (1.418259e-06, 2.910760e-06, 4.280651e-07) (4.193227e-06, 1.909020e-06, 4.970272e-07) )
				((8.561587e-06, 3.352463e-06, 9.343870e-09) (7.950702e-06, 9.296658e-07, 2.891632e-07) (1.650763e-06, 4.546561e-06, 5.603319e-07) (3.529558e-07, 6.898604e-06, 9.473068e-07) (8.926652e-06, 9.741410e-06, 3.792353e-09) (8.386686e-06, 7.783674e-06, 9.292937e-07) (5.320187e-06, 9.407515e-06, 2.267088e-07) (1.706140e-06, 9.659158e-06, 9.409893e-07) (1.230676e-06, 2.408488e-06, 1.338356e-08) (4.072212e-06, 1.575351e-06, 3.409030e-07) )
				((1.836997e-06, 4.292025e-06, 9.753267e-07) (1.157372e-06, 2.662191e-06, 8.565812e-08) (8.350894e-06, 8.029285e-06, 8.820328e-07) (9.221484e-06, 9.742160e-06, 4.077299e-08) (9.364493e-06, 3.492566e-06, 4.290241e-07) (7.911118e-06, 4.519149e-07, 8.373025e-07) (5.429619e-08, 7.030280e-06, 3.845144e-07) (4.809318e-06, 9.809386e-06, 6.304659e-07) (1.933348e-06, 9.713235e-06, 8.005322e-07) (4.386567e-06, 1.593226e-06, 3.279954e-07) )
				((8.963846e-06, 7.446102e-06, 5.376627e-07) (9.085085e-06, 9.502891e-06, 6.931810e-07) (1.968024e-06, 4.756124e-06, 7.471682e-07) (9.085433e-07, 2.888391e-06, 1.622047e-07) (9.660711e-06, 3.175471e-06, 8.049995e-07) (7.967273e-06, 1.617862e-07, 8.661347e-07) (5.399289e-08, 7.428113e-06, 6.254145e-07) (4.753062e-06, 9.098840e-06, 5.945238e-07) (1.756086e-06, 8.901173e-06, 6.908183e-08) (4.255557e-06, 1.524089e-06, 5.762971e-07) )
				((3.814929e-07, 3.016180e-06, 4.687261e-07) (1.603269e-06, 4.642110e-06, 4.024014e-07) (9.571855e-06, 7.203577e-06, 3.488496e-07) (9.307895e-06, 9.890134e-06, 9.417130e-07) (9.374572e-06, 2.980711e-06, 9.234152e-07) (8.443602e-06, 4.462289e-07, 3.528764e-07) (2.275092e-07, 6.890259e-06, 2.563710e-07) (5.048895e-06, 8.668933e-06, 5.863773e-07) (2.374572e-06, 8.844212e-06, 5.506514e-07) (3.712719e-06, 1.928248e-06, 5.181075e-07) )
				((5.881191e-06, 9.448128e-06, 7.189526e-07) (2.849626e-06, 9.047013e-06, 5.287840e-07) (1.667576e-06, 4.681103e-06, 2.509821e-07) (2.779137e-07, 3.036332e-06, 9.674500e-07) (9.094901e-06, 6.801034e-06, 1.044254e-07) (9.402789e-06, 9.797701e-06, 9.980383e-07) (9.285439e-06, 2.742956e-06, 6.415676e-07) (7.526991e-06, 5.148754e-07, 2.408774e-07) (7.637159e-07, 6.999116e-06, 2.076796e-07) (3.194851e-06, 1.239074e-06, 9.860424e-07) )
				((6.540993e-06, 8.838487e-06, 5.594495e-07) (2.834568e-06, 9.938602e-06, 1.431789e-07) (1.898825e-06, 4.717847e-06, 7.072691e-09) (1.428124e-07, 2.924687e-06, 4.624036e-07) (9.642000e-06, 6.521759e-06, 6.770699e-08) (8.527754e-06, 9.547162e-06, 8.880113e-07) (9.804157e-06, 2.615089e-06, 8.184480e-08) (8.003474e-06, 8.316052e-07, 3.128063e-07) (3.549769e-07, 6.697001e-06, 1.718771e-07) (3.155327e-06, 6.103723e-07, 3.413760e-07) )
				((1.477761e-06, 4.855537e-06, 1.076826e-08) (2.125715e-07, 3.325800e-06, 2.540767e-07) (6.355934e-06, 9.080734e-06, 1.974570e-07) (8.309844e-06, 8.887635e-06, 5.781809e-07) (2.417818e-06, 9.904967e-06, 2.114386e-08) (9.419967e-06, 7.233789e-06, 1.292393e-07) (9.725965e-06, 2.413793e-06, 8.665893e-07) (7.669896e-06, 7.206225e-08, 9.690447e-07) (2.159959e-07, 5.637510e-06, 9.560821e-07) (3.603129e-06, 6.200054e-07, 4.425573e-07) )
				((7.712613e-06, 8.978883e-06, 6.411974e-07) (5.750001e-06, 9.265794e-06, 3.846139e-07) (5.141444e-07, 2.927542e-06, 5.891984e-07) (1.441472e-06, 4.601225e-06, 7.090746e-09) (1.519252e-07, 5.985158e-06, 7.826164e-07) (9.707870e-06, 7.267078e-06, 1.442489e-07) (2.219641e-06, 9.658195e-06, 8.801683e-07) (9.867810e-06, 3.044867e-06, 9.492472e-07) (7.510990e-06, 1.268369e-07, 7.801384e-07) (3.191138e-06, 8.632369e-08, 3.936023e-07) )
				((4.279059e-07, 6.844730e-06, 9.949632e-07) (1.008740e-06, 5.015943e-06, 4.308985e-07) (6.270757e-07, 2.682109e-06, 4.819474e-07) (5.383864e-06, 9.154237e-06, 4.822070e-07) (8.090844e-06, 9.424261e-06, 3.251520e-07) (9.803710e-06, 7.533732e-06, 1.948756e-07) (2.041391e-06, 8.800430e-06, 4.764449e-07) (9.328266e-06, 3.706710e-06, 6.326399e-07) (7.237898e-06, 4.486355e-07, 7.044874e-07) (3.103448e-06, 8.135847e-08, 3.461811e-07) )
				((6.659660e-07, 2.440716e-06, 3.364049e-07) (8.095584e-07, 4.562805e-06, 2.141447e-07) (1.653004e-06, 9.118293e-06, 8.566465e-07) (1.463853e-07, 7.198521e-06, 7.981562e-07) (5.023573e-06, 9.744410e-06, 5.253589e-08) (8.310089e-06, 9.609702e-06, 1.606830e-07) (9.972652e-06, 7.383648e-06, 5.296583e-07) (8.958417e-06, 3.924631e-06, 9.114227e-07) (7.298063e-06, 4.146740e-07, 8.923413e-08) (3.459192e-06, 1.659378e-07, 2.899089e-07) )
				((2.360937e-07, 7.507782e-06, 9.467721e-07) (2.143344e-06, 8.945242e-06, 5.719649e-07) (1.426123e-06, 4.247926e-06, 3.160575e-07) (4.032273e-07, 1.456306e-06, 3.154367e-07) (4.610171e-06, 9.629196e-06, 5.535772e-07) (7.966641e-06, 9.912810e-06, 2.229097e-07) (9.232352e-06, 7.858649e-06, 5.860624e-07) (8.971855e-06, 4.284060e-06, 7.866636e-07) (7.285371e-06, 2.788397e-07, 3.040818e-07) (3.044962e-06, 1.542454e-07, 7.790576e-07) )
				((1.391360e-07, 7.923514e-06, 6.825815e-08) (2.306640e-06, 9.983086e-06, 7.087877e-07) (8.935240e-07, 3.669795e-06, 2.065436e-07) (4.750531e-07, 2.921640e-07, 3.169816e-07) (4.946998e-06, 9.684549e-06, 3.773959e-07) (8.659566e-06, 9.888571e-06, 2.310596e-07) (9.873545e-06, 7.342940e-06, 8.923093e-07) (9.524286e-06, 3.438295e-06, 9.682539e-07) (7.026819e-06, 6.857342e-07, 1.458715e-08) (2.424644e-06, 3.330617e-07, 7.787746e-07) )
				((4.220001e-07, 3.710070e-07, 6.639347e-07) (2.418806e-06, 2.746854e-07, 7.229897e-07) (3.023671e-07, 7.687142e-06, 9.117155e-08) (1.440649e-06, 9.592518e-06, 7.737020e-07) (8.092046e-07, 3.259998e-06, 7.380285e-07) (4.987403e-06, 9.892100e-06, 7.934873e-07) (9.407397e-06, 9.832947e-06, 1.306784e-07) (9.795184e-06, 6.897301e-06, 6.872268e-07) (9.405926e-06, 2.903054e-06, 8.728625e-07) (6.862262e-06, 1.031665e-06, 2.533249e-07) )
				((4.866141e-07, 4.756178e-07, 6.822401e-07) (2.412827e-06, 9.621576e-07, 9.124243e-07) (7.038661e-08, 7.536839e-06, 1.595380e-07) (1.186747e-06, 9.469095e-06, 8.781817e-07) (7.030700e-07, 3.821391e-06, 8.788906e-07) (4.959137e-06, 9.732141e-06, 6.897821e-07) (9.500245e-06, 9.427179e-06, 1.674590e-07) (9.418602e-06, 6.678098e-06, 2.020269e-07) (9.756310e-06, 3.515298e-06, 9.015716e-07) (6.789379e-06, 1.102504e-06, 3.181744e-07) )
				((6.616191e-07, 9.359822e-06, 8.577740e-08) (5.620926e-08, 7.460544e-06, 2.477098e-07) (2.619937e-06, 9.146941e-07, 9.723894e-07) (4.183582e-07, 1.189055e-07, 5.062572e-07) (6.048989e-07, 3.926560e-06, 6.850286e-07) (4.691993e-06, 9.295769e-06, 5.250417e-07) (9.796477e-06, 9.114650e-06, 3.699476e-07) (9.315574e-06, 6.264148e-06, 3.216237e-07) (9.767850e-06, 3.427132e-06, 9.514520e-07) (6.822402e-06, 4.822751e-07, 7.244249e-07) )
				((1.190453e-07, 7.141286e-06, 4.807117e-07) (4.572032e-07, 9.306370e-06, 3.536081e-07) (3.177293e-06, 9.826516e-07, 8.705512e-07) (4.901201e-07, 5.069577e-07, 8.693505e-07) (1.236743e-07, 4.019583e-06, 8.997448e-07) (5.098934e-06, 9.888397e-06, 2.718843e-07) (9.765487e-06, 9.294638e-06, 5.612685e-07) (8.708005e-06, 5.436565e-06, 8.346011e-07) (9.468963e-06, 3.411306e-06, 8.231767e-07) (5.784195e-06, 5.997085e-07, 9.973389e-07) )
				((4.887572e-07, 7.251074e-06, 2.076094e-07) (1.954341e-07, 9.408774e-06, 1.483263e-07) (9.198851e-06, 6.217769e-06, 6.643900e-07) (9.856396e-06, 3.356561e-06, 7.770915e-07) (3.253040e-06, 1.612109e-06, 9.444461e-07) (8.138148e-07, 9.533031e-07, 7.772207e-07) (2.195498e-07, 4.405104e-06, 7.942544e-07) (4.819845e-06, 9.503982e-06, 5.913737e-07) (9.504024e-06, 9.273276e-06, 5.885117e-07) (5.698121e-06, 1.278894e-07, 8.570291e-07) )
				((1.384244e-07, 9.631068e-06, 3.687748e-07) (8.423580e-07, 7.105199e-06, 1.813878e-08) (9.299839e-06, 6.327455e-06, 8.707711e-07) (9.753231e-06, 3.260321e-06, 6.389986e-07) (3.087936e-06, 1.732986e-06, 2.863126e-07) (8.277583e-07, 1.352335e-06, 3.575882e-07) (7.043730e-07, 4.205426e-06, 6.271488e-07) (4.741157e-06, 9.387148e-06, 9.708320e-07) (9.291034e-06, 9.395659e-06, 6.801063e-07) (5.738050e-06, 8.136657e-07, 6.407504e-07) )
				((3.132340e-06, 1.580999e-06, 7.941754e-07) (1.171498e-06, 1.365461e-06, 4.645632e-07) (5.166119e-07, 7.442505e-06, 2.277573e-07) (2.863063e-07, 9.801944e-06, 3.039097e-07) (9.137260e-06, 6.454831e-06, 3.288914e-07) (9.693240e-06, 3.395316e-06, 5.670992e-07) (6.090176e-07, 3.504799e-06, 7.872415e-07) (4.498109e-06, 9.106910e-06, 9.212217e-07) (9.704738e-06, 9.664089e-06, 1.017172e-07) (5.324072e-06, 8.912950e-07, 8.760008e-07) )
				((9.889535e-07, 8.985901e-07, 5.761290e-07) (2.679657e-06, 1.963127e-06, 6.671376e-07) (4.806305e-06, 1.041145e-06, 5.908758e-07) (1.634011e-07, 7.642814e-06, 2.303038e-10) (5.564092e-07, 9.740738e-06, 5.121883e-07) (9.148924e-06, 6.670826e-06, 2.310756e-07) (9.366050e-06, 3.869328e-06, 5.665372e-07) (5.244252e-07, 3.637018e-06, 9.178335e-07) (3.748414e-06, 8.644938e-06, 8.621033e-07) (9.210490e-06, 9.939191e-06, 2.473825e-07) )
				((2.687935e-06, 1.839085e-06, 8.974344e-07) (8.188700e-07, 1.179249e-06, 6.305749e-07) (1.848567e-07, 7.757257e-06, 6.331581e-08) (7.301859e-07, 9.678738e-06, 1.659237e-07) (4.974393e-06, 1.842345e-06, 9.893521e-07) (9.191272e-06, 6.856117e-06, 4.724667e-07) (9.483632e-06, 4.123537e-06, 6.318395e-07) (1.468041e-07, 4.015236e-06, 5.490518e-07) (4.397271e-06, 9.073912e-06, 5.652006e-07) (8.940407e-06, 9.401582e-06, 1.702485e-07) )
				((2.164284e-07, 7.736500e-06, 4.660576e-07) (3.125190e-07, 9.909609e-06, 6.342247e-07) (2.516420e-06, 1.716828e-06, 7.694835e-07) (3.430309e-07, 6.362291e-07, 7.535431e-07) (5.990154e-06, 1.997203e-06, 7.781578e-07) (9.380025e-06, 7.071677e-06, 1.276488e-07) (9.569808e-06, 4.541063e-06, 8.573005e-07) (5.678080e-07, 3.942521e-06, 2.537459e-07) (4.268029e-06, 8.462009e-06, 6.375817e-07) (8.754815e-06, 9.341692e-06, 5.404381e-07) )
				((7.682607e-06, 9.200826e-06, 3.855502e-07) (9.981965e-06, 7.655177e-06, 2.110148e-07) (2.759543e-07, 6.618558e-06, 1.545259e-07) (1.037716e-06, 9.640357e-06, 5.811710e-07) (2.718168e-06, 1.353866e-06, 5.943888e-07) (2.349115e-07, 1.012629e-06, 4.506727e-07) (6.364540e-06, 1.823345e-06, 9.564076e-07) (9.520870e-06, 4.910414e-06, 4.851842e-07) (6.059855e-07, 4.369602e-06, 1.732299e-08) (4.017848e-06, 8.354255e-06, 2.447731e-07) )

